mood_score,stress_level,energy_level,sleep_hours,sleep_quality,focus_level,motivation_level,restlessness_level,work_study_pressure,physical_activity_minutes,hydration_cups,social_withdrawal,burnout_score,burnout_risk,stress_score,stress_class,mood_wellbeing_score,mood_class
1,1,2,6.8,5,1,3,1,5,57,7,2,35.55,mild,26.99,low,49.43,neutral
4,1,2,4.6,4,4,3,3,3,84,0,2,41.4,mild,45.63,mild,51.19,neutral
4,4,3,6.5,3,2,1,5,3,53,7,1,46.68,moderate,50.75,moderate,30.32,low
3,4,4,5.1,4,3,5,3,2,102,3,1,33.23,mild,31.03,mild,71.77,good
3,4,2,6.3,3,5,3,4,4,58,9,3,49.18,moderate,67.72,moderate,48.93,neutral
5,5,4,2.5,5,2,1,4,5,120,3,5,59.86,moderate,76.78,high,31.16,low
1,3,4,4.8,1,5,1,4,4,120,12,2,64.6,moderate,60.64,moderate,43.51,neutral
4,5,1,9.4,2,3,4,4,3,51,1,4,69.86,moderate,59.84,moderate,30.69,low
2,4,5,8.3,2,5,4,5,4,92,11,1,47.48,moderate,75.41,high,54.28,neutral
1,2,1,9.2,5,5,3,1,2,54,0,5,51.61,moderate,24.66,low,51.08,neutral
3,5,4,9.3,3,5,3,5,1,105,8,3,36.91,mild,30.25,mild,75.26,good
5,1,3,8.0,4,2,1,5,4,92,4,3,40.42,mild,60.49,moderate,34.36,low
4,3,4,6.0,5,4,1,5,1,40,2,2,48.27,moderate,19.46,low,31.33,low
4,5,4,4.9,1,2,3,2,1,38,2,5,63.24,moderate,41.06,mild,43.36,neutral
4,4,4,8.9,5,5,2,3,4,106,0,3,54.5,moderate,56.96,moderate,70.98,good
4,5,4,6.9,1,5,2,2,3,65,1,1,42.26,mild,37.07,mild,52.11,neutral
3,1,5,11.0,4,4,2,5,5,84,5,3,51.32,moderate,60.19,moderate,60.44,neutral
1,3,4,6.1,4,5,4,3,5,81,2,3,44.6,mild,58.37,moderate,65.09,good
5,4,5,10.4,5,3,2,2,1,20,12,4,40.91,mild,20.62,low,71.97,good
3,4,3,6.5,1,1,2,4,4,28,10,3,75.16,elevated,80.33,high,25.03,low
3,5,2,9.2,5,5,2,1,2,108,6,2,39.38,mild,11.34,low,55.83,neutral
2,3,2,9.9,4,3,4,2,4,33,1,1,34.64,mild,56.77,moderate,59.57,neutral
1,4,4,5.0,1,1,1,2,1,105,12,5,79.09,elevated,39.75,mild,46.25,neutral
5,3,3,5.9,3,1,5,2,3,43,9,1,40.21,mild,33.86,mild,60.83,neutral
4,5,1,4.9,5,4,3,3,4,102,2,2,55.57,moderate,53.56,moderate,48.83,neutral
4,1,2,4.6,3,5,2,1,3,69,0,1,32.05,mild,11.12,low,45.0,neutral
3,2,5,8.0,2,4,4,5,3,12,8,2,18.79,low,54.84,moderate,73.01,good
5,1,4,6.4,2,3,5,3,1,32,0,1,21.51,low,38.16,mild,66.66,good
3,4,4,6.9,3,2,1,2,1,115,7,2,40.09,mild,6.32,low,53.99,neutral
3,2,1,7.8,5,3,2,1,4,25,5,5,45.49,moderate,41.12,mild,44.59,neutral
3,2,1,3.5,4,2,1,5,3,27,11,2,59.58,moderate,47.15,mild,32.4,low
2,5,2,9.1,4,2,1,5,3,18,4,5,45.43,moderate,47.24,mild,35.05,low
1,2,5,6.2,4,1,4,3,2,73,5,4,45.76,moderate,35.22,mild,73.51,good
3,1,3,7.8,4,3,1,2,1,97,7,5,33.93,mild,24.38,low,37.2,low
5,1,4,7.9,3,2,2,3,4,113,12,4,36.73,mild,53.86,moderate,36.38,low
1,2,3,9.3,4,1,5,5,1,107,9,5,46.03,moderate,61.16,moderate,45.52,neutral
5,5,3,6.6,2,2,4,2,4,106,8,3,51.14,moderate,57.84,moderate,35.48,low
5,3,4,3.0,3,4,4,4,1,109,4,5,41.83,mild,41.1,mild,78.45,good
2,5,5,6.9,2,3,1,5,5,68,6,1,66.23,moderate,61.28,moderate,33.61,low
4,2,3,7.2,5,3,5,4,2,99,2,5,35.12,mild,43.05,mild,58.24,neutral
1,2,3,4.9,4,3,1,5,5,76,5,1,61.24,moderate,87.15,high,36.55,low
4,1,5,7.1,3,3,4,5,1,16,10,1,36.39,mild,30.38,mild,66.03,good
4,2,2,6.2,3,3,4,1,3,2,1,4,33.63,mild,34.54,mild,69.6,good
2,3,5,4.4,3,5,3,2,3,11,2,2,39.99,mild,27.96,low,70.81,good
1,5,3,8.0,4,4,5,1,1,41,7,1,53.65,moderate,18.55,low,83.31,good
5,2,5,5.8,2,1,5,3,3,60,10,5,34.54,mild,72.37,high,53.26,neutral
3,4,3,6.1,5,5,1,3,2,77,12,3,51.56,moderate,22.47,low,43.7,neutral
5,4,4,6.0,2,1,5,1,3,63,7,3,41.92,mild,42.28,mild,53.42,neutral
4,2,2,9.0,1,1,2,3,2,44,8,2,45.76,moderate,43.67,mild,20.76,low
4,5,4,6.7,4,3,4,1,1,88,3,4,46.32,moderate,16.32,low,67.2,good
4,3,2,6.9,4,2,5,3,4,104,5,2,45.93,moderate,60.75,moderate,40.95,neutral
1,1,4,6.0,2,4,3,2,3,26,4,3,28.21,mild,44.54,mild,58.84,neutral
2,5,4,7.6,4,4,5,5,5,31,1,1,53.51,moderate,72.77,high,66.31,good
3,5,3,9.2,4,1,5,4,5,112,4,2,52.02,moderate,63.54,moderate,39.66,low
3,1,3,8.0,4,3,3,4,2,117,2,1,41.43,mild,14.57,low,58.1,neutral
1,5,2,8.0,5,4,1,5,2,37,7,2,73.39,elevated,59.84,moderate,50.85,neutral
3,5,4,7.9,5,4,3,1,5,61,9,2,59.63,moderate,40.14,mild,77.33,good
1,5,3,4.3,3,3,5,2,2,69,12,4,60.97,moderate,47.7,mild,44.64,neutral
4,2,3,5.2,2,4,2,4,1,76,11,5,38.17,mild,38.5,mild,39.15,low
4,4,1,6.4,1,3,5,4,3,104,4,3,56.97,moderate,49.19,mild,27.78,low
5,3,1,5.5,3,2,1,1,5,12,12,5,49.63,moderate,63.95,moderate,13.53,low
4,4,1,4.9,4,3,4,2,2,63,12,2,64.54,moderate,12.7,low,63.61,neutral
2,4,5,3.4,4,4,4,2,4,26,6,3,60.32,moderate,46.39,mild,69.18,good
5,4,5,4.4,1,1,1,1,2,91,2,4,54.48,moderate,58.21,moderate,36.95,low
3,3,1,6.3,4,4,3,4,2,72,10,1,51.39,moderate,37.67,mild,41.87,neutral
2,4,1,6.7,4,2,1,1,3,90,1,3,55.24,moderate,37.72,mild,43.26,neutral
5,3,4,5.4,4,1,2,5,1,109,4,5,36.0,mild,67.43,moderate,27.85,low
2,1,3,6.9,3,4,5,3,2,95,6,3,12.83,low,39.44,mild,62.8,neutral
1,1,2,6.0,1,2,1,4,2,103,11,5,58.25,moderate,45.03,mild,12.33,low
3,5,4,8.8,3,3,5,3,5,98,12,4,52.97,moderate,65.47,moderate,47.23,neutral
4,5,2,6.5,4,4,4,5,2,75,10,1,50.38,moderate,56.11,moderate,67.32,good
1,3,1,8.1,3,3,4,2,5,47,6,3,57.39,moderate,54.78,moderate,25.33,low
3,1,2,7.2,3,4,2,3,1,40,1,2,36.11,mild,41.81,mild,44.57,neutral
1,4,5,4.3,3,5,5,1,3,43,10,5,53.1,moderate,48.9,mild,81.37,good
4,1,4,6.6,3,4,2,5,2,73,11,2,18.57,low,41.42,mild,48.74,neutral
3,2,1,4.6,2,1,3,3,3,97,6,3,63.6,moderate,51.43,moderate,12.13,low
2,2,3,6.6,4,2,1,1,4,44,7,4,44.5,mild,49.16,mild,37.65,low
2,1,5,5.5,2,3,5,5,5,70,11,5,49.59,moderate,96.99,high,52.41,neutral
3,5,5,7.5,3,3,4,5,4,50,1,3,60.58,moderate,50.79,moderate,68.47,good
4,3,4,4.4,3,2,1,1,3,73,10,5,57.62,moderate,49.59,mild,46.63,neutral
5,2,1,6.8,4,1,4,5,3,99,6,1,41.79,mild,36.87,mild,54.05,neutral
3,3,2,7.8,5,1,1,4,5,49,8,5,60.84,moderate,67.98,moderate,24.88,low
1,1,2,8.4,4,1,3,2,5,48,2,2,57.04,moderate,42.71,mild,42.96,neutral
5,3,1,5.4,1,5,3,4,4,24,8,4,40.86,mild,72.79,high,28.63,low
4,3,1,6.8,4,2,5,4,1,60,3,3,33.09,mild,29.54,low,65.69,good
4,2,2,7.1,2,5,2,3,2,55,6,4,36.1,mild,49.63,mild,43.08,neutral
1,5,3,9.6,1,2,1,4,2,19,6,1,60.15,moderate,48.37,mild,29.68,low
2,2,2,4.1,1,2,3,1,2,117,12,3,49.38,moderate,38.36,mild,42.32,neutral
4,1,3,5.2,5,3,5,5,5,104,8,1,31.5,mild,49.55,mild,57.84,neutral
5,3,2,11.0,3,5,4,5,1,35,7,3,40.47,mild,44.74,mild,54.25,neutral
3,5,1,6.3,2,3,1,2,5,114,5,3,69.16,moderate,67.06,moderate,23.57,low
5,2,5,3.4,1,1,1,3,5,32,4,2,61.62,moderate,89.25,high,38.11,low
5,1,3,5.8,4,2,4,2,3,50,8,3,32.61,mild,48.42,mild,62.28,neutral
2,5,2,2.5,4,5,4,2,2,15,11,2,54.13,moderate,31.61,mild,65.61,good
5,3,5,7.2,2,1,3,2,2,74,7,1,29.25,mild,43.4,mild,59.91,neutral
2,1,5,8.3,1,5,1,5,4,58,8,1,40.9,mild,69.69,moderate,55.18,neutral
2,4,5,5.2,2,5,2,4,4,32,4,2,54.07,moderate,67.26,moderate,48.75,neutral
4,2,1,6.0,4,2,5,5,3,34,7,4,64.73,moderate,47.42,mild,44.01,neutral
4,5,4,8.5,1,3,1,4,3,113,7,3,46.81,moderate,57.12,moderate,12.21,low
1,2,5,3.6,2,3,2,4,5,83,8,1,49.01,moderate,58.83,moderate,54.67,neutral
5,3,5,4.4,1,4,3,1,4,18,4,3,32.71,mild,56.5,moderate,52.99,neutral
1,3,2,6.4,3,4,4,5,4,16,4,3,59.5,moderate,78.63,high,40.95,neutral
5,2,5,5.4,1,1,5,4,2,8,4,2,38.1,mild,66.8,moderate,59.02,neutral
1,3,3,6.3,1,2,3,1,1,29,5,1,43.48,mild,21.67,low,54.2,neutral
4,1,3,4.5,1,5,3,1,3,89,3,2,41.49,mild,44.38,mild,73.38,good
4,4,3,7.2,4,2,2,4,2,7,2,1,49.67,moderate,41.17,mild,35.58,low
4,4,4,6.5,3,2,1,2,2,30,6,2,52.93,moderate,36.88,mild,40.2,neutral
4,5,1,7.8,5,4,2,2,3,5,11,3,59.94,moderate,18.3,low,47.33,neutral
3,2,3,7.2,2,1,2,2,5,78,0,5,37.27,mild,83.87,high,21.44,low
4,2,5,7.2,2,1,1,5,5,98,8,5,57.65,moderate,77.93,high,35.69,low
2,3,3,4.2,2,4,4,2,4,64,10,4,43.01,mild,54.57,moderate,51.91,neutral
4,4,2,7.7,5,1,2,2,4,109,10,2,50.94,moderate,52.99,moderate,46.33,neutral
3,5,1,6.2,3,5,3,2,3,83,11,5,56.06,moderate,38.45,mild,42.26,neutral
3,1,3,6.5,2,2,2,1,3,92,4,5,41.68,mild,49.49,mild,42.11,neutral
3,2,4,8.7,4,1,3,1,3,37,1,2,27.68,mild,37.71,mild,49.84,neutral
3,2,3,5.5,3,4,1,3,5,104,12,1,55.69,moderate,58.15,moderate,55.75,neutral
1,2,5,9.2,1,1,4,1,5,76,9,3,40.45,mild,69.06,moderate,37.4,low
1,3,4,9.4,4,2,4,4,3,10,4,3,57.88,moderate,55.8,moderate,54.59,neutral
2,5,3,8.2,1,2,2,3,4,9,11,4,58.25,moderate,69.42,moderate,17.64,low
1,1,1,5.0,1,3,2,3,1,108,4,1,49.61,moderate,29.39,low,37.9,low
3,5,3,2.9,4,3,4,2,3,33,9,3,70.69,elevated,30.55,mild,65.57,good
4,4,1,8.7,3,1,2,4,5,56,12,2,82.56,elevated,82.12,high,9.25,low
4,4,4,7.0,2,2,1,3,4,92,9,3,40.66,mild,71.28,high,42.98,neutral
3,4,1,5.5,1,1,2,1,3,93,8,1,55.31,moderate,50.59,moderate,16.91,low
5,1,5,8.9,3,1,5,3,2,3,2,3,22.23,low,49.45,mild,71.6,good
3,4,2,5.2,4,4,3,1,5,74,12,1,68.15,moderate,34.85,mild,57.48,neutral
1,2,3,6.0,2,3,2,3,5,110,5,5,59.49,moderate,51.72,moderate,31.04,low
4,3,1,7.7,3,1,3,3,2,42,8,4,56.79,moderate,44.62,mild,38.53,low
3,4,2,4.8,2,2,2,3,5,65,7,5,71.9,elevated,61.72,moderate,21.85,low
4,4,5,6.6,5,4,4,2,3,32,3,4,24.81,low,35.26,mild,82.96,good
3,2,2,8.8,4,2,3,3,2,87,7,5,29.01,mild,56.05,moderate,41.81,neutral
3,2,3,7.2,2,3,3,4,2,14,5,2,35.66,mild,39.99,mild,33.05,low
1,3,5,9.0,3,4,3,5,3,62,4,1,65.57,moderate,46.64,mild,64.26,neutral
3,1,4,8.8,5,4,3,5,3,49,11,5,36.45,mild,44.26,mild,55.01,neutral
4,4,1,6.8,2,4,3,1,4,77,9,4,59.74,moderate,48.14,mild,48.14,neutral
2,1,2,2.6,1,2,2,4,1,59,6,4,44.85,mild,56.7,moderate,17.59,low
4,3,2,4.8,2,3,5,1,3,118,0,2,40.55,mild,32.13,mild,65.3,good
1,4,2,8.2,4,5,2,3,4,118,9,2,61.04,moderate,50.96,moderate,47.07,neutral
2,1,2,4.0,5,5,5,4,5,34,9,4,34.55,mild,86.54,high,65.5,good
3,5,3,6.2,2,1,4,3,2,4,2,3,58.68,moderate,61.02,moderate,35.46,low
5,2,2,7.4,1,5,3,5,4,59,9,1,31.68,mild,61.18,moderate,37.28,low
2,1,2,9.4,1,5,2,5,2,71,5,2,52.78,moderate,50.77,moderate,32.68,low
2,4,3,5.8,3,5,3,5,4,90,9,2,58.22,moderate,54.9,moderate,69.58,good
3,3,2,5.6,1,2,5,4,2,63,10,5,58.94,moderate,58.07,moderate,35.74,low
5,4,2,6.7,1,3,1,4,4,70,9,2,63.75,moderate,75.05,high,30.98,low
5,4,3,7.4,4,1,3,5,3,2,12,3,46.8,moderate,68.19,moderate,52.34,neutral
1,3,5,6.5,5,1,4,2,2,92,0,3,49.4,moderate,21.75,low,81.86,good
2,5,3,8.7,2,3,4,2,3,39,4,1,49.4,moderate,44.93,mild,51.0,neutral
5,2,3,5.4,3,2,1,2,4,46,0,3,50.32,moderate,65.23,moderate,48.94,neutral
1,3,5,7.0,3,2,3,4,4,51,2,2,35.74,mild,57.74,moderate,71.85,good
5,1,4,7.6,4,2,1,2,4,8,4,5,29.1,mild,50.77,moderate,45.19,neutral
2,4,2,6.1,5,3,5,1,4,59,0,2,65.79,moderate,41.25,mild,61.28,neutral
5,2,2,8.3,5,1,2,4,5,46,5,2,49.87,moderate,70.94,high,26.36,low
2,4,3,7.1,2,5,3,4,3,28,1,3,58.13,moderate,54.07,moderate,55.52,neutral
3,5,3,8.2,5,4,5,3,3,29,1,2,37.81,mild,36.03,mild,74.52,good
4,5,1,7.1,1,4,3,5,3,4,10,3,53.04,moderate,66.21,moderate,31.21,low
1,5,1,7.5,5,5,1,4,3,107,9,4,59.89,moderate,37.5,mild,28.22,low
3,1,2,5.7,1,4,5,5,1,35,5,5,39.66,mild,44.14,mild,49.76,neutral
3,1,5,5.7,1,2,4,2,5,105,7,5,58.07,moderate,61.69,moderate,59.65,neutral
4,5,4,9.0,1,5,4,1,3,101,3,2,52.63,moderate,42.53,mild,72.52,good
5,2,5,7.9,1,3,1,2,3,55,6,4,37.46,mild,52.68,moderate,40.69,neutral
4,1,1,5.0,3,3,3,5,5,97,10,2,49.33,moderate,79.04,high,29.38,low
3,2,3,7.1,4,3,3,5,3,25,6,5,50.85,moderate,51.25,moderate,36.25,low
3,5,3,2.5,4,1,2,1,3,21,10,1,50.15,moderate,40.92,mild,41.68,neutral
3,2,3,5.8,1,5,3,5,3,108,6,5,33.61,mild,67.73,moderate,40.78,neutral
5,1,3,8.5,2,5,2,3,5,78,4,2,40.62,mild,70.79,high,49.32,neutral
2,4,2,6.6,1,4,3,5,2,83,11,4,59.83,moderate,65.77,moderate,31.6,low
1,1,1,7.0,1,2,5,4,1,111,11,4,35.61,mild,43.23,mild,30.46,low
2,2,5,2.5,4,5,4,1,1,1,2,2,14.79,low,19.04,low,95.31,good
1,1,5,6.1,4,1,2,3,4,20,6,5,55.66,moderate,56.77,moderate,45.12,neutral
1,4,1,7.4,2,2,2,1,1,116,10,2,50.8,moderate,0.16,low,27.29,low
1,3,3,7.6,2,1,1,2,4,15,3,4,66.52,moderate,76.71,high,32.0,low
4,5,3,8.5,5,2,2,4,5,54,9,5,58.36,moderate,65.9,moderate,43.17,neutral
4,2,4,6.4,3,2,1,4,4,2,11,1,44.32,mild,68.81,moderate,38.09,low
4,2,5,6.5,2,4,1,4,1,39,3,5,32.63,mild,37.33,mild,49.19,neutral
3,1,3,4.4,5,2,5,4,4,20,1,5,43.13,mild,57.74,moderate,61.54,neutral
4,2,4,6.4,1,5,5,1,3,30,12,2,31.31,mild,31.54,mild,75.81,good
1,3,5,4.5,2,2,3,3,1,98,12,5,49.96,moderate,49.61,mild,58.92,neutral
5,1,5,3.5,4,3,4,3,1,33,11,1,17.73,low,29.7,low,80.47,good
3,3,2,4.8,3,3,3,3,4,98,7,1,56.36,moderate,58.28,moderate,38.9,low
5,5,5,9.5,1,5,4,2,3,108,1,4,49.74,moderate,44.09,mild,63.63,neutral
1,4,3,6.3,5,4,5,4,3,65,11,5,41.32,mild,48.0,mild,67.13,good
3,4,1,7.2,2,5,1,4,4,65,2,1,58.09,moderate,45.44,mild,20.56,low
4,5,4,5.9,4,5,2,3,3,40,2,4,44.52,mild,54.57,moderate,52.38,neutral
3,4,5,3.6,2,1,1,1,5,80,9,1,60.28,moderate,51.11,moderate,40.28,neutral
3,4,2,8.5,4,1,4,1,1,97,5,4,57.14,moderate,17.88,low,60.92,neutral
1,5,3,2.9,5,3,5,2,2,104,11,5,61.12,moderate,33.69,mild,54.17,neutral
2,1,2,5.8,4,1,4,3,1,23,11,3,56.29,moderate,56.52,moderate,47.62,neutral
2,5,1,6.7,5,3,4,5,3,83,10,1,58.53,moderate,52.32,moderate,52.18,neutral
2,2,5,7.2,3,3,3,4,5,16,10,2,42.03,mild,57.85,moderate,65.58,good
4,4,1,5.5,1,2,1,3,3,59,7,3,63.79,moderate,67.96,moderate,29.15,low
4,5,3,3.5,3,1,4,2,2,10,11,4,58.73,moderate,52.75,moderate,48.94,neutral
4,3,1,5.4,3,5,5,1,1,66,11,3,35.75,mild,19.2,low,80.28,good
2,1,4,5.5,4,2,5,1,2,103,3,3,22.41,low,35.82,mild,77.14,good
5,2,5,5.4,2,5,2,1,2,98,5,4,26.25,mild,31.76,mild,71.76,good
1,3,4,8.5,4,4,2,5,1,86,8,5,41.93,mild,42.31,mild,48.98,neutral
2,5,4,4.6,3,4,4,1,1,69,11,4,55.93,moderate,9.68,low,76.38,good
1,5,5,7.3,4,4,1,5,4,75,5,1,42.24,mild,66.34,moderate,62.95,neutral
2,3,5,7.1,3,2,1,3,4,12,3,1,51.24,moderate,48.68,mild,42.24,neutral
5,5,5,8.5,2,2,5,4,4,88,4,2,34.78,mild,54.64,moderate,41.91,neutral
2,3,2,6.6,2,5,5,5,1,82,10,2,45.21,moderate,33.56,mild,62.19,neutral
5,3,3,8.2,5,4,3,4,5,17,6,4,38.76,mild,56.07,moderate,52.03,neutral
3,5,5,6.5,1,2,3,1,3,76,3,5,41.09,mild,45.57,mild,62.5,neutral
4,4,2,7.6,2,4,3,5,3,46,9,3,58.26,moderate,65.18,moderate,35.69,low
3,3,4,4.1,3,2,1,1,5,61,8,5,37.92,mild,73.81,high,31.86,low
2,3,1,2.5,1,5,2,3,2,98,6,3,60.95,moderate,30.37,mild,24.63,low
4,4,5,7.5,5,3,2,4,3,38,8,4,46.03,moderate,41.37,mild,56.96,neutral
5,4,4,7.6,2,2,5,2,1,110,2,4,46.14,moderate,30.19,mild,86.34,good
2,3,4,7.7,2,4,3,4,3,50,2,2,32.96,mild,48.81,mild,42.81,neutral
4,1,5,5.9,2,4,4,4,2,62,10,4,23.93,low,65.2,moderate,56.57,neutral
2,1,2,9.5,1,2,1,5,1,3,8,3,62.51,moderate,48.23,mild,22.07,low
4,1,3,6.0,4,4,5,5,4,14,12,3,42.24,mild,74.73,high,78.55,good
4,3,5,7.6,3,2,5,2,1,34,12,2,35.47,mild,23.86,low,83.68,good
3,4,1,7.9,2,2,3,4,5,118,4,2,84.08,elevated,86.86,high,36.67,low
4,5,5,9.9,5,5,2,5,2,31,6,5,43.46,mild,41.47,mild,65.92,good
2,2,2,6.2,4,4,5,1,1,47,11,4,34.62,mild,12.96,low,58.63,neutral
1,4,3,5.6,3,1,5,4,3,103,0,1,55.61,moderate,55.67,moderate,50.66,neutral
1,4,3,4.1,3,4,3,5,2,38,11,3,44.25,mild,63.67,moderate,51.75,neutral
3,1,4,9.6,4,2,2,1,4,98,2,4,39.1,mild,49.66,mild,50.84,neutral
5,2,5,7.6,1,2,4,4,4,14,3,4,23.37,low,75.06,high,49.04,neutral
1,2,2,7.6,5,3,2,1,3,16,6,5,41.46,mild,37.91,mild,51.98,neutral
3,5,1,11.0,2,3,4,3,3,1,9,4,55.68,moderate,50.8,moderate,32.05,low
4,5,3,7.4,1,5,5,5,4,15,4,1,53.63,moderate,65.21,moderate,49.58,neutral
2,5,4,4.5,3,3,3,5,4,73,12,3,58.94,moderate,64.68,moderate,40.61,neutral
4,3,4,6.4,5,2,1,4,1,10,10,2,23.86,low,43.2,mild,55.64,neutral
2,3,4,5.0,4,4,3,4,3,74,9,1,51.23,moderate,47.71,mild,65.6,good
5,2,2,6.1,2,3,5,2,4,72,10,5,34.53,mild,66.22,moderate,56.23,neutral
3,4,5,6.1,2,1,2,5,2,28,0,1,50.75,moderate,38.13,mild,59.38,neutral
3,1,1,5.7,3,4,5,4,5,4,10,2,36.08,mild,71.56,high,37.09,low
1,2,1,4.3,2,3,2,5,3,19,7,2,72.75,elevated,62.59,moderate,25.94,low
3,1,1,9.7,5,3,4,4,2,17,2,3,41.4,mild,26.48,low,50.11,neutral
5,3,5,7.3,2,1,4,1,2,63,10,4,26.79,mild,40.71,mild,48.96,neutral
1,2,1,6.4,2,3,1,3,4,112,1,2,45.28,moderate,43.79,mild,17.02,low
4,1,4,8.2,1,4,1,4,4,52,8,4,61.64,moderate,73.74,high,48.03,neutral
3,2,5,7.6,4,4,5,4,2,76,7,1,38.31,mild,44.58,mild,79.44,good
4,5,4,7.3,1,4,4,2,1,36,0,5,55.64,moderate,18.74,low,55.36,neutral
4,3,5,8.0,5,5,4,1,1,11,4,5,15.89,low,10.62,low,89.08,good
3,5,1,7.0,5,3,2,5,3,26,1,3,57.7,moderate,48.4,mild,43.79,neutral
2,5,3,8.0,1,3,1,5,5,57,12,1,73.32,elevated,58.98,moderate,22.56,low
4,5,3,8.2,1,3,2,5,5,103,10,4,59.15,moderate,92.99,high,27.77,low
1,2,4,7.1,5,2,3,4,3,30,12,4,35.97,mild,55.34,moderate,39.22,low
3,5,4,6.4,1,2,4,5,3,119,6,4,73.06,elevated,90.69,high,49.83,neutral
1,5,3,9.6,3,4,2,3,3,77,4,2,61.68,moderate,48.7,mild,51.27,neutral
4,5,2,5.9,5,2,2,4,2,43,12,3,45.35,moderate,33.43,mild,50.33,neutral
4,2,1,7.5,1,4,2,3,3,75,3,3,53.52,moderate,55.63,moderate,12.81,low
1,2,3,7.5,4,4,5,4,5,84,5,4,40.61,mild,74.56,high,58.33,neutral
4,3,2,5.7,2,5,4,1,4,82,1,2,25.82,mild,37.52,mild,62.71,neutral
3,5,3,5.3,3,1,5,2,2,104,10,3,43.56,mild,50.08,moderate,53.29,neutral
4,5,4,6.2,5,2,1,2,1,80,1,5,44.41,mild,5.62,low,54.16,neutral
1,3,3,5.9,4,4,3,3,4,3,0,3,55.62,moderate,63.12,moderate,51.97,neutral
1,1,3,4.2,2,3,3,5,5,45,10,3,59.21,moderate,90.07,high,34.42,low
3,3,1,5.6,5,4,3,1,1,109,10,5,50.04,moderate,0.0,low,64.59,neutral
1,4,4,7.3,3,4,2,4,2,25,11,5,52.0,moderate,49.3,mild,41.36,neutral
2,3,3,9.1,1,5,1,5,5,60,11,3,58.33,moderate,59.97,moderate,29.6,low
4,2,1,7.8,2,2,1,4,2,60,1,2,58.53,moderate,43.03,mild,22.76,low
1,2,2,2.5,2,2,4,4,1,67,4,1,61.78,moderate,51.61,moderate,54.75,neutral
4,1,4,8.0,4,3,3,1,2,105,9,5,22.4,low,27.66,low,62.77,neutral
1,2,5,5.8,5,3,1,4,2,65,4,3,45.56,moderate,49.83,mild,68.0,good
1,4,3,7.6,1,5,2,2,3,0,10,3,51.57,moderate,43.25,mild,45.31,neutral
3,2,5,6.8,4,1,5,2,5,29,11,5,30.21,mild,64.41,moderate,65.21,good
4,5,1,6.5,5,2,3,5,5,76,12,2,79.05,elevated,77.16,high,35.15,low
1,1,2,6.6,5,5,5,4,3,94,10,1,27.41,mild,31.06,mild,76.24,good
2,3,5,6.8,4,4,1,5,1,78,10,4,44.67,mild,37.52,mild,63.83,neutral
5,3,1,9.2,2,4,1,3,2,88,7,5,37.65,mild,47.98,mild,17.35,low
5,5,4,6.8,1,2,3,2,1,29,1,1,49.8,moderate,31.14,mild,55.49,neutral
3,5,2,8.8,5,4,4,5,1,11,5,5,42.14,mild,47.75,mild,64.33,neutral
3,3,2,8.5,3,2,5,4,2,114,12,3,58.4,moderate,42.28,mild,63.44,neutral
2,4,3,8.0,2,4,3,5,1,68,11,3,64.49,moderate,35.42,mild,43.18,neutral
4,4,2,3.6,4,1,2,1,3,89,3,5,64.59,moderate,39.38,mild,40.06,neutral
3,3,5,8.8,4,2,3,3,2,115,9,2,38.06,mild,17.53,low,63.72,neutral
2,1,5,6.0,5,4,2,5,4,22,3,4,39.18,mild,72.52,high,63.03,neutral
1,3,3,8.1,5,4,1,5,3,105,5,1,49.65,moderate,33.96,mild,41.16,neutral
1,2,3,5.0,5,5,1,4,5,44,8,4,57.33,moderate,58.3,moderate,46.39,neutral
5,3,1,4.7,1,5,4,1,3,75,6,1,41.64,mild,51.0,moderate,51.05,neutral
3,4,2,10.4,1,1,4,3,1,46,7,1,62.8,moderate,42.88,mild,33.49,low
3,2,1,5.1,2,1,1,1,5,24,1,2,53.84,moderate,67.4,moderate,26.34,low
3,2,5,8.9,4,2,3,5,2,106,3,2,49.99,moderate,35.2,mild,50.65,neutral
4,5,2,7.0,3,5,5,4,4,42,10,4,46.73,moderate,69.47,moderate,61.05,neutral
1,2,2,6.0,5,3,5,1,4,2,8,5,39.27,mild,41.57,mild,41.82,neutral
1,1,5,6.7,5,5,3,4,5,18,10,5,41.63,mild,50.76,moderate,66.71,good
2,4,4,4.5,5,1,1,4,4,116,12,4,67.58,moderate,56.16,moderate,44.09,neutral
3,4,4,6.8,1,5,4,1,3,99,4,1,25.36,mild,48.45,mild,72.95,good
4,5,1,4.9,4,1,3,1,2,80,3,4,54.58,moderate,30.85,mild,37.91,low
3,4,3,6.1,5,5,5,2,3,94,4,3,20.18,low,20.02,low,76.32,good
3,5,3,8.5,5,5,3,1,4,78,7,3,39.82,mild,26.88,low,71.04,good
5,3,2,7.3,2,2,4,3,3,110,3,3,38.28,mild,53.76,moderate,49.11,neutral
1,2,4,4.1,4,2,3,5,1,12,5,5,54.34,moderate,52.41,moderate,66.54,good
3,5,5,8.3,3,3,3,1,2,7,2,2,38.03,mild,29.92,low,59.42,neutral
3,2,2,6.8,1,4,2,4,5,84,5,5,52.1,moderate,80.86,high,23.14,low
3,2,2,5.8,2,1,3,3,2,116,12,3,58.71,moderate,56.85,moderate,17.2,low
5,5,2,8.1,2,2,2,5,3,70,5,4,77.8,elevated,65.11,moderate,14.81,low
2,5,5,6.5,5,4,3,3,5,116,9,5,46.35,moderate,76.43,high,61.12,neutral
5,2,1,4.7,1,5,5,4,2,48,5,5,50.33,moderate,51.08,moderate,53.17,neutral
2,4,5,10.1,1,1,2,5,4,81,5,3,71.08,elevated,95.79,high,31.65,low
3,5,4,6.8,3,5,3,1,4,61,8,2,30.9,mild,30.35,mild,63.69,neutral
3,4,3,6.7,3,5,5,2,2,106,1,1,29.6,mild,10.07,low,77.65,good
5,1,3,6.1,3,5,1,2,5,78,4,2,9.59,low,35.49,mild,39.14,low
3,4,5,8.9,1,2,2,1,3,53,1,4,55.35,moderate,53.72,moderate,31.54,low
2,1,4,5.9,3,4,3,4,2,29,2,4,30.04,mild,56.3,moderate,53.53,neutral
1,5,2,4.0,5,1,3,1,2,37,9,1,60.85,moderate,15.86,low,51.78,neutral
2,1,1,5.6,1,1,2,2,2,9,2,3,75.34,elevated,41.98,mild,24.5,low
5,5,4,9.2,4,1,4,1,3,18,2,5,61.12,moderate,48.5,mild,57.6,neutral
1,1,1,8.3,1,3,3,4,2,61,7,5,46.39,moderate,57.9,moderate,31.36,low
5,3,1,6.3,2,4,2,4,2,3,4,5,42.45,mild,46.36,mild,37.4,low
3,2,5,9.3,5,1,3,3,4,57,1,5,54.24,moderate,48.69,mild,66.96,good
1,5,3,8.1,2,1,5,3,5,5,12,1,57.19,moderate,70.85,high,48.38,neutral
2,2,4,6.3,3,2,5,3,4,19,12,4,52.05,moderate,67.51,moderate,50.65,neutral
3,4,2,6.5,2,1,2,1,3,83,7,3,78.61,elevated,51.2,moderate,20.29,low
2,1,1,7.4,4,5,1,2,4,3,6,3,48.48,moderate,38.92,mild,28.04,low
1,3,1,5.3,3,1,1,5,3,40,10,4,81.11,elevated,59.91,moderate,5.65,low
4,5,2,6.8,3,2,3,1,2,23,12,5,60.8,moderate,39.08,mild,44.3,neutral
4,5,1,7.4,5,2,4,4,4,6,1,3,52.82,moderate,56.84,moderate,58.1,neutral
1,2,3,3.8,3,2,1,1,1,25,1,4,55.89,moderate,19.26,low,44.2,neutral
2,2,2,6.5,3,5,3,1,5,13,4,3,37.47,mild,44.06,mild,49.08,neutral
2,3,3,6.3,5,2,2,2,3,9,3,4,61.29,moderate,43.43,mild,56.95,neutral
4,3,3,8.7,3,3,5,2,5,80,11,5,35.74,mild,62.93,moderate,48.62,neutral
4,3,2,3.5,5,3,4,2,1,15,6,5,48.15,moderate,10.97,low,69.84,good
4,1,3,6.1,4,2,3,5,3,113,10,2,45.41,moderate,50.23,moderate,55.74,neutral
5,4,1,5.9,5,3,3,5,3,58,8,5,48.12,moderate,50.48,moderate,39.97,low
4,2,2,8.5,3,1,1,4,2,49,9,3,41.7,mild,56.31,moderate,42.75,neutral
2,2,5,6.7,3,3,3,1,3,105,12,3,33.42,mild,59.81,moderate,74.92,good
1,5,5,10.0,1,1,2,5,4,94,7,1,64.92,moderate,79.65,high,38.36,low
4,4,3,8.0,1,3,1,5,5,50,10,3,63.36,moderate,71.11,high,21.35,low
5,2,5,6.1,1,2,2,1,5,117,3,2,32.93,mild,60.54,moderate,41.54,neutral
5,5,3,7.2,4,2,4,2,2,64,3,1,32.56,mild,27.13,low,61.45,neutral
2,2,1,6.2,2,1,3,4,5,85,7,5,69.01,moderate,91.62,high,15.94,low
2,3,5,8.3,2,5,5,1,3,117,11,1,35.72,mild,40.6,mild,80.44,good
1,2,3,4.4,4,1,2,1,3,87,0,4,52.19,moderate,57.53,moderate,41.54,neutral
1,1,4,5.3,2,1,4,4,1,71,6,4,31.92,mild,56.75,moderate,42.71,neutral
3,3,4,7.6,1,1,3,2,4,74,2,4,61.49,moderate,65.17,moderate,34.2,low
3,3,2,9.0,3,5,5,3,5,79,11,5,44.75,mild,77.02,high,41.97,neutral
2,5,4,2.8,3,2,5,4,2,118,6,1,74.45,elevated,46.37,mild,70.07,good
2,2,3,9.3,1,3,4,3,5,84,0,1,50.34,moderate,68.69,moderate,45.64,neutral
5,5,2,6.5,2,4,3,4,1,36,0,5,52.46,moderate,41.09,mild,43.27,neutral
3,4,2,3.4,2,1,3,1,5,2,8,1,62.06,moderate,44.11,mild,40.34,neutral
5,1,4,2.5,4,1,4,1,2,94,3,2,31.6,mild,45.95,mild,58.59,neutral
5,4,2,4.0,2,1,5,2,3,59,0,4,82.49,elevated,65.3,moderate,38.06,low
2,3,1,6.8,1,4,2,2,1,50,1,3,48.41,moderate,9.41,low,22.65,low
2,2,5,6.7,2,5,5,2,5,113,2,2,45.89,moderate,62.44,moderate,83.18,good
5,3,2,7.9,3,4,5,4,3,18,4,2,37.01,mild,43.98,mild,62.84,neutral
4,2,4,5.8,4,5,1,1,5,4,9,5,49.57,moderate,57.92,moderate,63.39,neutral
2,4,4,4.8,1,5,2,1,2,89,11,3,34.54,mild,34.48,mild,68.91,good
4,3,5,6.1,5,2,2,2,1,111,6,5,50.12,moderate,14.77,low,62.11,neutral
3,3,4,6.9,2,1,3,2,4,100,12,3,51.31,moderate,59.8,moderate,38.31,low
5,2,4,7.2,2,1,2,1,1,105,10,4,29.27,mild,23.95,low,32.14,low
2,2,5,5.4,1,4,2,1,4,104,2,2,51.54,moderate,38.23,mild,46.22,neutral
5,3,5,8.4,2,4,1,3,1,82,9,1,31.65,mild,35.4,mild,56.15,neutral
5,3,1,5.7,3,5,1,1,1,111,3,3,29.72,mild,19.72,low,26.01,low
1,2,4,5.2,4,3,3,1,4,41,12,4,25.97,mild,59.07,moderate,51.38,neutral
1,3,1,5.8,4,5,2,5,4,90,11,3,74.39,elevated,54.47,moderate,36.84,low
3,2,5,8.7,3,5,3,1,1,11,0,5,26.48,mild,11.47,low,83.15,good
1,3,1,6.6,1,5,2,1,1,63,2,4,47.25,moderate,30.85,mild,33.01,low
2,1,2,5.5,2,5,2,1,5,35,5,3,41.86,mild,45.05,mild,41.27,neutral
3,3,1,8.5,4,1,5,3,1,113,9,3,54.94,moderate,30.99,mild,64.91,neutral
5,4,4,10.7,4,4,5,4,2,52,7,2,32.19,mild,44.41,mild,62.55,neutral
5,5,1,7.2,3,5,2,4,5,25,1,5,66.17,moderate,65.9,moderate,38.94,low
1,4,1,9.0,3,2,1,4,3,68,8,1,64.41,moderate,47.77,mild,26.55,low
5,4,3,8.7,3,5,5,1,1,9,8,1,16.53,low,0.0,low,89.63,good
1,1,5,5.7,5,2,4,2,5,15,12,4,47.41,moderate,65.63,moderate,75.49,good
4,2,3,6.8,3,2,3,4,2,52,3,1,46.03,moderate,39.43,mild,44.19,neutral
5,4,3,4.5,3,4,4,4,4,76,0,3,44.38,mild,67.4,moderate,55.01,neutral
5,5,4,6.4,2,1,2,2,4,70,9,1,51.89,moderate,59.83,moderate,29.32,low
2,3,3,5.7,3,3,3,5,2,6,9,4,54.43,moderate,64.52,moderate,43.57,neutral
5,5,2,6.1,4,5,2,5,2,82,6,1,50.37,moderate,34.37,mild,51.48,neutral
1,2,3,5.5,5,1,4,4,3,6,8,2,64.61,moderate,47.43,mild,57.93,neutral
3,1,1,6.3,4,1,1,4,2,98,2,3,45.73,moderate,37.66,mild,30.07,low
3,1,2,7.8,4,5,3,5,1,4,1,2,28.58,mild,24.15,low,70.66,good
2,3,4,6.6,4,4,5,4,4,3,5,2,41.2,mild,54.67,moderate,68.52,good
1,4,2,3.4,1,3,1,3,4,62,11,1,65.57,moderate,56.94,moderate,33.91,low
4,2,1,5.5,2,3,1,2,4,97,6,1,36.12,mild,53.9,moderate,26.39,low
2,4,1,4.1,2,5,5,2,4,92,8,1,56.38,moderate,60.75,moderate,43.29,neutral
4,4,5,7.2,4,4,5,5,3,72,12,2,38.63,mild,44.03,mild,77.8,good
3,2,2,7.7,4,5,3,2,5,21,3,1,38.31,mild,30.03,mild,55.43,neutral
2,2,1,7.3,1,1,1,4,5,115,6,3,65.89,moderate,78.13,high,0.0,low
5,4,4,5.4,1,3,3,3,5,2,8,5,49.38,moderate,65.93,moderate,32.43,low
1,4,3,7.2,3,4,2,2,1,42,1,4,52.09,moderate,36.54,mild,45.16,neutral
4,1,3,6.0,5,1,3,3,1,91,5,2,30.14,mild,28.93,low,52.4,neutral
4,2,5,4.8,1,3,1,1,3,74,7,3,44.8,mild,41.24,mild,40.08,neutral
2,3,2,8.1,5,1,5,4,4,95,3,4,55.32,moderate,56.03,moderate,59.59,neutral
2,3,3,8.3,1,5,4,1,2,92,2,5,46.83,moderate,24.78,low,38.89,low
1,1,4,8.5,2,4,4,1,1,113,5,3,40.47,mild,30.88,mild,70.89,good
5,5,4,5.7,4,1,3,2,1,62,11,1,44.83,mild,41.23,mild,66.23,good
5,2,2,8.9,4,3,2,3,3,99,5,5,45.16,moderate,36.04,mild,32.05,low
2,2,4,5.9,5,1,5,2,5,18,10,3,28.57,mild,66.73,moderate,62.64,neutral
1,1,4,8.0,1,5,2,5,3,21,8,1,50.74,moderate,52.68,moderate,46.51,neutral
1,5,1,5.9,1,1,2,5,4,6,1,2,81.72,elevated,90.75,high,11.13,low
1,2,1,6.4,3,4,5,2,1,24,11,3,40.53,mild,6.95,low,64.3,neutral
5,5,4,2.5,3,1,1,5,2,13,7,5,55.52,moderate,70.03,high,38.84,low
5,3,1,6.3,2,1,1,1,4,99,7,5,72.89,elevated,56.46,moderate,8.7,low
1,5,5,7.0,4,5,4,1,3,59,9,1,20.32,low,26.82,low,73.46,good
4,1,1,6.1,2,2,2,2,1,53,0,4,52.92,moderate,37.04,mild,31.07,low
1,1,5,10.0,5,1,3,5,2,77,3,5,48.86,moderate,56.64,moderate,54.25,neutral
2,5,4,4.7,1,4,3,3,4,43,10,4,49.23,moderate,65.52,moderate,44.03,neutral
3,5,3,5.8,4,2,5,4,4,69,8,4,73.57,elevated,78.08,high,57.54,neutral
4,3,2,5.2,3,3,4,4,5,0,5,4,59.82,moderate,72.51,high,37.77,low
5,1,2,5.8,1,5,3,3,2,86,6,3,13.61,low,50.8,moderate,48.2,neutral
1,5,4,8.7,4,4,3,5,5,105,8,4,60.54,moderate,76.29,high,74.35,good
1,2,4,9.5,1,2,4,5,5,4,6,3,65.32,moderate,95.55,high,46.99,neutral
2,5,2,5.5,3,2,2,3,2,9,5,5,81.75,elevated,40.42,mild,45.26,neutral
2,5,3,5.5,4,2,1,4,2,16,7,2,58.87,moderate,49.92,mild,45.34,neutral
5,5,5,4.7,1,4,3,4,5,73,3,4,37.45,mild,83.01,high,50.87,neutral
4,4,2,9.2,2,4,5,3,2,92,7,1,53.45,moderate,26.32,low,63.71,neutral
2,4,4,8.8,2,3,1,1,3,99,8,3,57.37,moderate,39.4,mild,48.57,neutral
5,3,1,6.6,5,2,1,2,5,94,9,5,33.89,mild,78.75,high,31.9,low
3,1,5,4.3,2,1,5,5,2,69,8,2,40.6,mild,58.66,moderate,62.72,neutral
3,2,1,4.4,5,5,5,2,5,84,5,4,47.18,moderate,47.2,mild,49.03,neutral
3,4,2,7.1,3,4,1,4,1,33,8,3,47.04,moderate,37.27,mild,28.0,low
1,5,3,7.8,5,4,2,5,2,90,9,1,46.55,moderate,28.67,low,61.44,neutral
5,3,2,3.1,5,1,4,4,2,22,4,1,40.55,mild,45.59,mild,43.99,neutral
1,4,1,6.2,2,2,4,2,3,116,6,1,57.24,moderate,40.77,mild,44.99,neutral
1,1,4,9.7,3,2,4,5,2,5,8,3,47.63,moderate,59.53,moderate,67.71,good
2,3,1,6.4,4,3,5,1,5,114,8,2,54.0,moderate,45.9,mild,50.48,neutral
2,3,5,9.5,1,4,3,4,4,55,6,5,37.71,mild,90.62,high,61.19,neutral
1,5,1,8.0,4,5,5,2,4,77,3,4,59.56,moderate,42.3,mild,60.07,neutral
1,2,2,4.8,3,3,3,4,4,19,11,1,59.35,moderate,57.3,moderate,42.21,neutral
4,2,5,6.3,1,2,3,3,4,38,7,3,43.02,mild,76.4,high,48.83,neutral
5,2,1,6.6,5,3,4,3,4,104,7,4,34.01,mild,37.58,mild,40.6,neutral
1,1,1,5.1,2,4,3,2,4,1,6,4,65.79,moderate,71.49,high,27.58,low
2,3,4,5.1,5,2,4,3,4,23,9,1,56.29,moderate,39.37,mild,52.85,neutral
3,4,1,9.5,2,3,5,5,5,76,3,1,59.41,moderate,86.29,high,32.64,low
5,5,5,5.0,3,4,5,5,1,97,12,3,38.39,mild,55.55,moderate,95.87,good
4,5,3,8.7,2,3,3,3,3,52,0,5,63.74,moderate,52.4,moderate,31.55,low
4,1,5,6.0,5,3,1,5,1,10,0,1,37.69,mild,26.8,low,54.09,neutral
3,2,2,6.8,5,4,4,5,1,17,6,1,25.43,mild,25.26,low,58.56,neutral
3,2,1,7.8,4,2,2,4,5,107,11,1,42.05,mild,67.63,moderate,21.93,low
1,2,5,5.7,5,1,2,3,3,26,0,2,48.54,moderate,35.72,mild,60.9,neutral
5,5,4,7.8,4,4,5,1,4,70,8,5,28.68,mild,40.55,mild,68.61,good
5,1,5,3.1,2,3,3,3,4,113,5,5,24.92,low,68.0,moderate,51.91,neutral
1,1,2,7.6,5,2,4,2,1,45,0,2,25.56,mild,6.82,low,54.7,neutral
4,5,3,2.5,3,1,2,1,3,8,4,4,68.19,moderate,42.09,mild,35.45,low
1,5,3,6.4,2,5,4,5,1,98,8,1,64.87,moderate,37.11,mild,62.52,neutral
4,2,3,8.3,1,4,4,2,2,95,8,3,27.36,mild,39.92,mild,54.42,neutral
5,2,2,7.9,4,2,5,4,1,78,11,4,28.89,mild,30.84,mild,72.85,good
1,3,2,4.5,2,4,1,5,4,109,12,5,71.91,elevated,77.05,high,23.77,low
3,3,4,4.7,4,3,3,3,1,93,0,5,38.43,mild,30.16,mild,61.07,neutral
1,5,1,5.6,1,2,3,4,3,83,11,1,66.65,moderate,72.64,high,6.52,low
3,3,2,7.1,4,2,3,4,2,40,0,3,49.72,moderate,42.28,mild,46.67,neutral
5,1,2,3.1,4,1,5,3,5,7,12,1,32.6,mild,76.7,high,32.95,low
1,3,1,6.8,3,5,1,5,4,87,10,1,52.92,moderate,40.01,mild,34.91,low
2,3,1,7.4,4,5,3,5,2,102,12,1,42.1,mild,37.08,mild,51.64,neutral
5,3,3,6.3,5,5,2,2,2,84,0,5,35.9,mild,31.0,mild,68.13,good
2,3,1,7.7,5,2,5,5,4,79,0,2,39.47,mild,56.61,moderate,42.92,neutral
1,5,2,7.2,3,5,2,1,4,86,12,4,58.37,moderate,35.18,mild,45.72,neutral
3,5,3,5.8,5,2,2,1,3,33,3,4,44.6,mild,34.14,mild,56.41,neutral
3,2,5,3.3,5,5,1,3,1,14,4,5,32.26,mild,35.15,mild,62.06,neutral
4,2,1,7.0,1,1,3,4,1,76,3,3,54.07,moderate,39.49,mild,30.13,low
2,4,3,5.1,2,2,1,3,4,114,2,5,69.64,moderate,76.57,high,30.76,low
5,3,1,5.8,4,3,3,4,3,16,0,3,60.98,moderate,53.39,moderate,38.67,low
3,3,3,7.7,3,5,2,2,5,8,1,4,48.17,moderate,51.01,moderate,60.13,neutral
2,1,3,9.4,1,2,3,5,1,85,11,4,54.72,moderate,55.92,moderate,42.62,neutral
5,2,4,6.7,3,3,4,5,1,51,0,3,36.04,mild,42.98,mild,49.86,neutral
5,4,3,7.8,2,5,4,1,4,109,11,2,35.81,mild,53.96,moderate,69.16,good
3,5,5,4.2,4,3,1,3,5,57,2,1,49.71,moderate,62.0,moderate,47.74,neutral
1,4,1,7.2,3,4,1,2,4,63,7,1,58.58,moderate,32.55,mild,38.38,low
3,2,1,6.7,1,3,2,4,1,7,3,3,46.57,moderate,41.0,mild,29.61,low
3,1,1,9.0,1,1,3,3,1,115,11,2,39.51,mild,33.87,mild,7.12,low
1,1,2,5.8,2,2,5,2,5,40,0,2,50.92,moderate,47.01,mild,49.84,neutral
4,2,1,6.4,1,3,1,2,3,53,9,4,38.85,mild,42.5,mild,17.23,low
5,3,1,8.7,5,1,1,2,3,76,12,1,37.43,mild,36.71,mild,27.57,low
1,5,2,6.6,2,2,4,1,5,103,5,3,58.6,moderate,71.07,high,36.62,low
4,5,5,4.8,4,5,5,1,2,96,5,3,32.67,mild,30.76,mild,97.31,good
1,1,5,11.0,1,1,5,4,2,93,1,5,43.78,mild,58.32,moderate,48.88,neutral
4,4,1,4.9,3,2,3,5,4,12,11,1,55.86,moderate,60.44,moderate,39.16,low
3,2,5,6.7,5,4,1,3,5,10,12,5,42.56,mild,48.97,mild,43.59,neutral
1,1,2,7.4,4,3,3,5,2,100,6,4,40.11,mild,24.44,low,47.87,neutral
5,3,3,7.3,2,2,3,1,1,110,8,4,34.23,mild,27.35,low,55.68,neutral
1,1,2,6.5,4,1,3,5,1,75,9,4,37.55,mild,54.51,moderate,46.48,neutral
3,2,3,6.5,3,5,3,3,1,110,4,4,27.04,mild,26.01,low,62.72,neutral
1,3,4,6.4,2,3,3,4,2,38,0,3,67.92,moderate,38.05,mild,51.35,neutral
5,2,4,4.8,5,3,4,1,3,42,1,3,22.32,low,24.19,low,68.85,good
4,3,3,10.7,5,1,1,4,3,20,11,2,35.46,mild,49.73,mild,29.22,low
5,3,4,6.4,3,2,1,2,2,96,10,5,43.93,mild,49.39,mild,37.76,low
3,4,4,7.9,1,1,1,5,4,80,1,2,58.38,moderate,75.57,high,17.31,low
3,1,1,6.2,3,5,3,4,5,27,10,3,47.29,moderate,69.53,moderate,29.25,low
4,1,2,6.2,3,4,3,5,2,120,11,2,33.42,mild,45.08,mild,62.18,neutral
4,3,1,6.0,5,3,4,5,4,3,7,2,52.88,moderate,59.3,moderate,32.49,low
5,2,4,4.0,4,4,3,4,3,93,5,5,37.93,mild,47.26,mild,68.75,good
1,4,3,6.5,2,1,3,2,4,25,12,1,58.86,moderate,49.11,mild,30.36,low
4,1,4,6.1,3,5,5,2,1,94,11,5,28.54,mild,14.69,low,70.82,good
1,3,3,8.9,1,3,4,5,4,58,5,5,45.57,moderate,85.9,high,30.69,low
2,5,2,4.6,3,3,4,4,4,28,6,2,55.74,moderate,59.53,moderate,37.37,low
5,1,1,5.8,3,5,2,5,4,6,12,2,34.33,mild,27.14,low,42.13,neutral
2,2,5,5.2,3,1,1,4,5,75,11,1,40.32,mild,76.92,high,44.46,neutral
4,5,2,9.4,3,3,5,4,4,19,8,4,54.09,moderate,74.15,high,47.39,neutral
3,3,1,5.2,3,1,3,1,5,54,8,4,55.24,moderate,56.28,moderate,48.91,neutral
2,1,2,7.8,4,3,1,5,4,115,9,5,58.46,moderate,70.86,high,28.12,low
2,2,5,8.5,3,2,3,2,3,107,3,2,38.42,mild,40.89,mild,62.23,neutral
3,4,2,6.5,1,3,1,2,5,59,11,2,60.52,moderate,44.72,mild,17.26,low
4,5,5,4.3,4,4,5,1,4,88,3,4,41.72,mild,61.77,moderate,74.56,good
4,2,3,4.3,4,2,3,1,3,99,10,2,29.45,mild,35.36,mild,50.74,neutral
5,3,5,8.3,4,1,4,2,3,73,10,2,37.9,mild,43.23,mild,74.31,good
5,4,4,4.5,4,1,3,5,2,25,3,1,57.95,moderate,45.71,mild,58.82,neutral
4,1,1,7.5,1,4,1,5,4,98,10,5,40.8,mild,72.34,high,24.07,low
4,2,3,7.0,5,3,4,3,3,10,11,3,44.27,mild,40.34,mild,57.76,neutral
2,4,3,7.5,5,5,4,2,1,63,6,4,30.33,mild,3.62,low,81.22,good
3,1,2,7.6,1,5,2,2,3,94,7,4,32.2,mild,60.42,moderate,40.69,neutral
1,4,3,5.1,2,1,4,5,5,69,6,3,75.82,elevated,94.81,high,38.97,low
2,3,1,5.0,2,4,2,1,2,42,0,2,57.2,moderate,34.6,mild,32.09,low
5,5,4,8.1,5,1,4,1,4,50,7,2,40.01,mild,38.29,mild,56.19,neutral
3,1,5,5.7,5,1,4,1,3,55,8,3,24.73,low,29.35,low,76.31,good
1,5,1,2.5,2,4,1,5,2,90,7,1,84.88,elevated,62.27,moderate,34.73,low
4,2,3,8.0,4,3,2,1,2,120,6,3,26.32,mild,29.39,low,49.55,neutral
5,1,4,4.9,2,5,1,5,5,94,6,1,39.43,mild,67.03,moderate,47.62,neutral
5,4,1,7.6,1,1,4,1,1,38,6,2,57.22,moderate,20.92,low,46.84,neutral
2,3,2,9.3,2,3,2,3,4,13,12,4,50.25,moderate,49.52,mild,27.61,low
3,5,2,6.8,1,2,4,5,5,57,5,1,63.09,moderate,80.5,high,19.99,low
3,1,1,8.6,5,5,3,1,1,103,2,1,32.05,mild,0.0,low,53.49,neutral
2,1,5,7.1,4,4,1,2,4,76,0,2,38.01,mild,50.38,moderate,54.34,neutral
2,3,3,9.7,1,4,5,4,4,38,11,4,61.54,moderate,79.84,high,47.68,neutral
2,5,4,4.9,3,2,4,5,2,10,2,5,53.29,moderate,61.97,moderate,54.21,neutral
5,3,3,6.8,2,5,2,5,1,30,5,1,37.82,mild,34.51,mild,51.87,neutral
4,4,5,8.0,3,5,5,1,5,86,9,2,30.58,mild,33.02,mild,78.57,good
5,5,5,6.5,5,4,4,4,1,81,2,1,49.05,moderate,30.83,mild,90.93,good
5,5,4,8.9,5,3,5,2,5,54,3,1,47.24,moderate,45.48,mild,68.41,good
5,3,2,6.0,5,5,1,3,4,40,8,5,43.65,mild,53.11,moderate,53.37,neutral
1,4,3,10.5,2,4,1,5,5,21,8,3,75.65,elevated,89.92,high,37.77,low
5,3,5,10.6,1,1,1,5,2,117,3,4,54.97,moderate,65.92,moderate,40.68,neutral
1,4,3,7.3,1,5,3,1,1,52,7,4,52.29,moderate,16.4,low,51.47,neutral
3,3,3,7.8,1,1,4,3,4,92,9,3,45.32,moderate,90.75,high,36.57,low
3,3,1,8.9,4,4,5,2,2,55,2,4,52.43,moderate,35.84,mild,65.03,good
2,3,5,4.7,4,2,5,4,3,68,5,2,33.82,mild,50.47,moderate,71.65,good
1,4,4,4.4,5,5,3,5,3,77,3,3,56.43,moderate,59.67,moderate,62.66,neutral
1,4,2,9.1,1,4,4,2,2,43,12,2,47.46,moderate,35.07,mild,44.59,neutral
5,5,3,7.3,2,5,2,1,4,113,4,3,46.49,moderate,44.28,mild,43.48,neutral
2,4,3,6.4,4,4,1,1,3,55,11,2,56.1,moderate,22.34,low,42.21,neutral
2,1,1,6.8,4,3,1,1,4,92,11,4,32.11,mild,42.59,mild,53.21,neutral
5,3,5,2.5,3,5,1,2,4,110,2,5,45.29,moderate,53.03,moderate,40.13,neutral
1,2,5,6.5,1,2,4,5,4,46,12,5,42.7,mild,76.01,high,39.9,low
5,1,5,5.4,3,3,3,2,2,28,0,5,25.78,mild,43.42,mild,69.02,good
5,1,2,8.5,1,2,4,3,4,117,5,4,29.63,mild,63.53,moderate,28.3,low
3,3,2,8.6,3,1,1,4,2,95,2,4,59.14,moderate,59.14,moderate,21.94,low
1,5,1,7.8,5,5,5,4,5,95,0,4,57.66,moderate,53.79,moderate,59.16,neutral
1,3,4,7.5,1,3,4,2,5,114,7,5,60.23,moderate,54.02,moderate,56.26,neutral
2,3,2,4.1,1,1,5,1,3,3,7,1,65.28,moderate,55.63,moderate,43.06,neutral
3,1,5,7.9,4,5,4,1,1,114,7,1,10.97,low,10.45,low,97.88,good
1,4,5,7.9,1,5,2,2,5,14,5,3,63.19,moderate,79.49,high,39.67,low
3,1,1,9.0,5,4,4,1,3,17,10,4,43.84,mild,29.33,low,52.15,neutral
1,5,5,10.6,4,2,4,3,5,26,6,5,59.41,moderate,73.16,high,64.71,neutral
3,5,1,3.8,3,5,1,4,1,13,6,1,72.35,elevated,35.39,mild,55.54,neutral
1,5,3,6.1,2,4,1,4,2,10,5,1,62.97,moderate,51.17,moderate,34.28,low
4,2,3,5.5,2,2,4,5,2,15,2,5,39.72,mild,73.17,high,35.12,low
1,1,5,7.1,2,2,1,2,5,58,8,2,48.28,moderate,64.58,moderate,44.48,neutral
1,2,4,6.8,5,5,1,4,3,45,10,1,38.23,mild,33.45,mild,61.93,neutral
1,4,5,6.4,4,5,1,5,1,41,3,4,38.84,mild,43.04,mild,57.5,neutral
5,2,3,8.6,2,4,4,1,4,20,6,5,27.04,mild,50.28,moderate,44.02,neutral
1,5,5,4.8,1,1,5,4,1,117,11,5,75.35,elevated,47.7,mild,54.64,neutral
3,1,5,4.9,3,2,3,1,3,40,2,5,39.41,mild,34.11,mild,63.92,neutral
3,1,5,5.0,4,2,1,3,5,57,5,1,53.61,moderate,57.81,moderate,46.58,neutral
3,2,3,6.2,4,3,3,5,3,17,3,1,39.16,mild,51.39,moderate,62.37,neutral
4,4,2,4.6,2,5,3,3,3,25,4,5,48.93,moderate,76.4,high,43.66,neutral
5,4,5,6.7,3,5,3,3,1,28,5,4,18.46,low,26.84,low,78.56,good
2,2,4,6.5,1,2,3,4,3,117,11,2,55.47,moderate,62.2,moderate,46.23,neutral
5,4,5,5.4,3,1,3,3,5,21,0,2,54.3,moderate,65.59,moderate,48.02,neutral
2,4,3,8.4,4,2,2,4,5,62,4,5,61.19,moderate,78.67,high,42.16,neutral
5,3,5,6.7,2,2,5,5,5,65,11,5,38.44,mild,88.95,high,45.01,neutral
3,3,4,8.7,2,5,3,1,2,8,1,5,49.48,moderate,26.39,low,58.82,neutral
4,1,4,6.4,3,1,2,3,1,42,6,3,31.23,mild,28.85,low,44.94,neutral
5,2,1,6.8,5,5,1,5,2,9,2,4,38.77,mild,35.12,mild,42.8,neutral
4,3,3,5.8,4,4,4,2,2,21,7,1,26.92,mild,15.93,low,75.05,good
5,1,4,6.8,5,1,2,3,1,81,9,5,23.3,low,32.16,mild,47.23,neutral
3,3,4,8.1,1,4,2,4,4,68,8,2,53.23,moderate,64.34,moderate,35.85,low
1,1,5,6.1,5,3,3,5,3,59,7,5,28.78,mild,51.98,moderate,65.13,good
3,4,2,7.7,1,1,3,2,4,25,9,1,58.04,moderate,70.95,high,17.7,low
1,1,2,5.3,2,2,5,5,1,75,6,5,56.73,moderate,67.35,moderate,54.06,neutral
5,1,5,8.2,3,2,3,4,4,109,7,3,30.13,mild,61.68,moderate,52.71,neutral
2,4,5,5.8,2,2,4,1,1,102,1,3,52.61,moderate,20.34,low,59.39,neutral
2,2,1,8.3,5,3,4,5,4,20,0,4,62.35,moderate,60.65,moderate,34.24,low
2,2,2,6.9,5,4,5,2,5,82,2,3,47.21,moderate,45.36,mild,65.76,good
4,2,5,9.5,3,1,1,2,2,29,7,5,37.6,mild,46.49,mild,48.04,neutral
3,2,1,4.7,3,1,2,3,2,104,5,1,51.14,moderate,40.4,mild,23.35,low
5,4,4,4.1,4,4,4,3,3,57,4,4,45.27,moderate,38.1,mild,67.34,good
3,4,1,5.7,4,3,1,3,3,89,5,2,54.19,moderate,43.01,mild,22.72,low
2,2,1,4.3,3,2,3,1,3,65,12,1,45.59,moderate,35.53,mild,37.68,low
1,4,4,4.3,5,2,3,5,1,81,4,4,52.05,moderate,41.83,mild,72.55,good
1,4,4,7.9,1,1,5,2,2,113,5,4,73.94,elevated,50.56,moderate,71.79,good
2,3,3,6.8,2,5,5,1,3,16,6,1,34.79,mild,28.62,low,68.81,good
5,3,5,5.9,1,5,1,3,4,109,10,4,51.85,moderate,61.99,moderate,50.7,neutral
3,5,2,6.1,1,3,2,4,4,58,9,5,63.41,moderate,71.41,high,26.64,low
5,3,3,5.7,1,2,4,1,4,17,12,4,59.56,moderate,62.94,moderate,29.73,low
1,2,4,9.8,4,2,1,5,3,52,8,2,50.33,moderate,51.13,moderate,34.05,low
1,3,4,5.5,5,2,3,4,3,6,12,1,50.02,moderate,35.26,mild,42.72,neutral
5,5,2,4.4,3,5,5,5,2,65,7,1,31.23,mild,35.5,mild,67.34,good
1,4,4,8.2,3,1,5,4,2,57,6,4,62.69,moderate,47.15,mild,74.81,good
1,1,3,6.4,2,5,5,1,2,47,7,2,39.86,mild,12.87,low,80.28,good
3,3,3,10.5,1,2,1,2,3,53,6,2,47.87,moderate,39.1,mild,30.61,low
5,4,5,5.9,3,2,1,5,1,75,2,1,52.85,moderate,46.38,mild,50.98,neutral
4,2,2,8.3,1,5,1,3,2,100,4,3,31.28,mild,52.89,moderate,31.93,low
1,5,4,8.7,4,5,4,1,1,47,7,1,44.22,mild,11.15,low,92.73,good
5,5,5,5.9,3,5,1,1,3,2,7,3,40.15,mild,27.5,low,64.23,neutral
5,5,4,5.5,2,2,3,3,3,67,2,3,64.03,moderate,41.11,mild,49.0,neutral
5,1,5,8.1,1,3,5,3,1,114,10,5,23.83,low,45.79,mild,59.17,neutral
5,3,3,7.8,2,2,3,2,1,47,9,2,41.12,mild,15.07,low,55.06,neutral
2,3,2,4.3,1,1,5,1,3,14,6,2,66.16,moderate,51.41,moderate,42.8,neutral
5,4,5,4.8,4,2,3,4,2,109,5,5,42.62,mild,45.1,mild,64.18,neutral
2,5,4,2.5,3,1,2,3,5,50,7,5,75.77,elevated,60.47,moderate,43.74,neutral
5,2,2,7.9,4,1,5,1,1,45,7,3,16.5,low,35.04,mild,46.67,neutral
3,3,2,6.3,3,3,3,1,3,35,5,2,41.72,mild,23.33,low,46.14,neutral
4,4,2,6.5,5,4,1,2,5,88,11,4,67.14,moderate,46.58,mild,36.48,low
4,4,5,3.8,4,2,4,3,1,17,2,4,50.12,moderate,36.92,mild,67.77,good
4,4,1,4.8,1,3,4,2,3,74,4,4,49.34,moderate,51.57,moderate,26.56,low
4,2,4,5.9,1,4,5,1,3,42,5,4,46.06,moderate,49.53,mild,59.43,neutral
4,5,3,5.6,5,5,1,5,3,46,1,1,54.73,moderate,34.71,mild,44.71,neutral
4,1,1,7.0,2,3,1,4,5,26,1,2,57.35,moderate,73.33,high,23.6,low
1,3,4,7.9,4,2,4,3,3,97,11,1,46.81,moderate,43.58,mild,67.52,good
5,4,4,10.9,4,4,4,2,2,54,10,2,38.41,mild,16.64,low,77.46,good
3,1,4,6.8,4,1,4,4,2,112,4,5,19.52,low,53.87,moderate,41.08,neutral
2,3,3,8.8,2,1,2,5,4,100,3,2,71.89,elevated,65.33,moderate,43.84,neutral
3,3,2,5.3,2,2,4,4,2,92,5,4,35.55,mild,46.42,mild,37.73,low
5,4,1,3.8,3,2,3,2,4,54,9,3,65.6,moderate,60.69,moderate,46.96,neutral
5,1,1,6.2,1,1,5,2,2,114,3,1,35.34,mild,40.14,mild,45.74,neutral
5,2,2,3.9,2,1,2,5,1,70,0,2,56.33,moderate,58.26,moderate,27.65,low
3,2,4,6.8,3,5,4,1,3,52,5,4,31.27,mild,36.18,mild,87.85,good
4,4,1,5.4,2,4,1,2,2,42,7,4,63.52,moderate,26.88,low,33.79,low
2,2,5,3.3,2,4,4,1,2,110,6,2,37.41,mild,39.63,mild,73.17,good
4,3,3,9.9,5,1,4,4,2,30,2,5,48.73,moderate,53.33,moderate,51.12,neutral
4,4,2,5.8,2,4,2,3,1,106,10,1,48.52,moderate,23.74,low,53.76,neutral
2,4,5,3.9,5,2,1,1,2,27,8,3,65.23,moderate,27.18,low,57.46,neutral
2,1,1,8.4,5,4,5,5,5,92,9,2,46.05,moderate,68.02,moderate,49.97,neutral
1,5,5,5.5,4,3,1,3,2,34,12,5,48.91,moderate,39.68,mild,50.72,neutral
1,1,2,8.8,1,2,3,2,4,101,6,4,49.58,moderate,83.35,high,23.95,low
3,1,2,5.5,2,2,1,5,3,101,7,1,54.73,moderate,75.97,high,18.44,low
3,1,3,5.8,5,1,3,4,1,88,9,2,43.36,mild,35.07,mild,69.18,good
1,2,5,7.4,1,5,5,1,5,120,10,4,32.69,mild,53.63,moderate,78.31,good
3,5,2,7.9,3,3,3,5,5,61,11,3,81.81,elevated,72.05,high,37.13,low
4,2,5,8.2,3,4,2,1,2,101,9,3,27.46,mild,19.84,low,62.37,neutral
2,4,2,6.6,5,5,2,5,1,66,0,1,49.76,moderate,24.73,low,53.34,neutral
2,3,2,7.8,5,1,1,2,5,4,4,3,48.48,moderate,61.22,moderate,27.07,low
2,1,4,8.1,2,2,3,2,1,50,7,1,39.51,mild,15.42,low,72.06,good
3,3,4,7.2,3,1,1,1,5,3,5,2,47.95,moderate,60.82,moderate,39.83,low
2,1,2,6.5,4,1,2,5,1,80,0,2,38.41,mild,50.68,moderate,43.48,neutral
4,3,1,4.2,5,5,1,3,5,18,3,4,54.15,moderate,61.52,moderate,37.35,low
2,3,2,7.9,3,4,2,4,5,39,4,3,67.9,moderate,64.04,moderate,28.16,low
3,3,3,6.9,1,3,1,5,2,105,0,3,58.46,moderate,62.84,moderate,30.82,low
2,2,1,6.1,5,2,5,3,2,89,9,5,36.5,mild,52.18,moderate,44.14,neutral
1,4,1,9.1,3,3,4,2,1,40,4,2,48.51,moderate,24.32,low,60.56,neutral
4,3,5,4.2,1,3,5,4,4,61,10,4,59.11,moderate,76.08,high,54.01,neutral
2,2,1,9.8,1,2,4,3,2,70,11,5,53.72,moderate,77.28,high,26.67,low
2,3,3,6.8,2,1,3,2,4,42,11,1,56.29,moderate,57.51,moderate,46.76,neutral
4,1,4,7.4,4,3,1,5,4,90,11,4,44.41,mild,54.61,moderate,36.41,low
5,5,2,6.1,5,3,5,5,3,17,6,1,18.66,low,54.35,moderate,60.0,neutral
4,4,3,3.8,3,4,5,2,2,51,3,4,55.24,moderate,42.2,mild,46.65,neutral
5,2,1,6.5,1,2,3,4,2,30,1,2,38.3,mild,47.88,mild,25.17,low
5,4,4,7.4,5,1,2,5,3,82,8,2,40.59,mild,42.74,mild,53.75,neutral
3,4,4,8.0,4,5,2,4,1,77,1,5,55.08,moderate,33.54,mild,57.99,neutral
4,4,5,6.4,3,3,2,1,3,97,3,1,50.92,moderate,31.41,mild,67.47,good
2,1,5,2.9,1,4,5,5,4,44,3,3,51.34,moderate,66.8,moderate,63.12,neutral
3,5,2,4.0,5,1,1,1,3,27,3,4,71.96,elevated,40.93,mild,44.2,neutral
3,5,1,10.5,1,1,4,4,2,4,4,5,81.34,elevated,66.47,moderate,19.87,low
5,5,2,4.8,4,1,4,3,5,104,4,2,70.39,elevated,65.74,moderate,40.07,neutral
5,5,1,9.4,3,4,4,1,3,39,6,2,59.63,moderate,37.3,mild,39.74,low
3,5,3,5.1,3,2,1,4,4,91,12,3,68.44,moderate,50.91,moderate,30.26,low
4,4,1,6.5,3,4,3,2,1,44,8,3,37.07,mild,13.27,low,44.63,neutral
2,1,5,7.9,2,5,2,5,5,40,8,1,36.85,mild,62.33,moderate,62.18,neutral
5,3,4,5.3,3,4,3,5,4,28,2,3,46.51,moderate,77.85,high,49.0,neutral
3,2,2,9.7,2,5,1,3,5,94,1,1,51.36,moderate,80.22,high,30.36,low
3,2,5,6.9,3,5,1,4,4,34,2,4,33.64,mild,57.11,moderate,48.1,neutral
4,5,4,7.6,4,4,1,1,3,35,11,4,47.97,moderate,31.09,mild,55.47,neutral
4,5,3,6.3,4,5,5,5,3,85,2,3,34.02,mild,27.14,low,84.91,good
1,3,1,8.0,1,4,3,4,4,62,12,2,60.79,moderate,71.03,high,2.27,low
2,4,2,9.6,5,2,2,2,3,90,9,2,55.86,moderate,40.78,mild,45.12,neutral
1,1,3,6.6,1,1,4,1,4,12,10,4,49.87,moderate,63.65,moderate,49.15,neutral
4,2,4,9.9,2,2,3,3,2,116,3,3,48.04,moderate,38.05,mild,46.88,neutral
1,5,2,5.7,2,3,2,5,4,28,2,5,84.85,elevated,95.02,high,29.97,low
2,3,4,8.2,2,2,1,5,2,14,2,5,76.44,elevated,75.93,high,43.42,neutral
3,3,2,7.7,2,1,2,1,3,13,11,3,47.0,moderate,48.0,mild,28.04,low
4,3,2,4.9,2,3,4,4,1,37,5,2,46.71,moderate,50.55,moderate,44.53,neutral
3,2,3,7.2,3,3,4,1,5,51,5,5,43.59,mild,56.99,moderate,58.98,neutral
5,5,1,6.8,4,5,2,2,4,9,3,4,54.7,moderate,49.63,mild,45.46,neutral
5,4,3,5.3,5,5,4,3,2,75,4,1,21.97,low,11.15,low,75.5,good
1,4,2,7.4,2,4,4,1,1,74,4,5,39.45,mild,4.71,low,59.89,neutral
5,2,2,7.1,2,5,5,1,5,94,9,2,30.19,mild,35.79,mild,65.68,good
4,4,4,6.7,4,2,3,5,1,1,10,3,31.07,mild,34.16,mild,57.58,neutral
4,5,2,6.7,1,5,2,4,3,11,6,1,53.25,moderate,44.13,mild,40.94,neutral
1,4,4,6.6,3,5,1,4,1,24,4,3,45.97,moderate,35.13,mild,60.18,neutral
4,3,4,6.1,2,1,1,3,4,53,5,4,52.68,moderate,66.67,moderate,26.31,low
4,2,4,7.1,4,4,1,3,2,71,2,1,39.35,mild,26.45,low,67.5,good
3,3,2,5.6,1,3,3,1,3,24,0,2,42.45,mild,33.22,mild,32.25,low
1,2,5,11.0,5,2,2,3,3,43,3,4,56.89,moderate,38.28,mild,58.95,neutral
3,4,2,4.3,2,3,2,4,2,62,0,5,59.69,moderate,58.56,moderate,38.64,low
5,1,2,5.7,3,5,4,2,4,65,0,5,29.58,mild,45.82,mild,45.05,neutral
4,1,5,5.9,3,5,2,3,3,63,3,4,33.93,mild,45.39,mild,70.22,good
1,4,2,10.5,3,2,5,3,3,77,11,5,60.97,moderate,64.23,moderate,50.02,neutral
5,2,4,4.4,3,3,1,5,2,91,2,1,33.65,mild,64.27,moderate,57.35,neutral
5,3,1,7.6,2,3,2,1,3,101,9,2,38.51,mild,36.49,mild,37.65,low
1,3,4,7.2,4,4,1,1,2,116,1,3,28.35,mild,36.85,mild,57.7,neutral
5,3,5,7.4,3,3,3,2,3,47,6,5,36.72,mild,49.33,mild,63.6,neutral
3,4,4,9.0,2,2,1,1,4,39,7,4,31.77,mild,61.37,moderate,39.39,low
3,2,3,9.0,2,5,2,5,3,33,7,2,51.19,moderate,64.64,moderate,61.94,neutral
3,4,5,6.0,3,2,4,2,1,42,10,1,41.51,mild,31.64,mild,74.18,good
4,2,2,7.1,5,2,5,2,5,65,3,4,51.6,moderate,47.5,mild,53.4,neutral
5,2,2,3.4,5,2,3,2,4,73,9,2,59.07,moderate,58.04,moderate,46.94,neutral
4,3,1,7.0,2,2,5,5,5,8,5,2,62.95,moderate,75.02,high,35.01,low
5,5,4,5.4,2,3,4,4,1,120,5,2,39.35,mild,43.45,mild,53.18,neutral
5,2,4,6.5,1,4,4,3,5,5,4,2,55.45,moderate,67.47,moderate,50.69,neutral
1,3,4,3.8,3,1,5,4,3,48,12,2,45.67,moderate,71.87,high,51.15,neutral
2,1,4,7.5,2,5,1,1,5,54,10,4,24.03,low,55.04,moderate,38.95,low
4,1,1,3.7,5,2,2,4,4,41,6,1,61.71,moderate,43.78,mild,40.93,neutral
3,4,4,7.1,3,1,3,2,5,26,9,3,58.65,moderate,82.04,high,45.71,neutral
1,4,4,4.6,2,4,4,2,1,64,11,5,36.19,mild,43.17,mild,59.82,neutral
1,2,2,5.3,5,2,5,1,3,0,3,5,36.85,mild,33.96,mild,58.8,neutral
3,4,3,8.9,5,4,1,1,4,89,4,5,55.22,moderate,29.25,low,47.28,neutral
4,2,5,7.9,2,5,2,4,3,82,9,2,24.93,low,56.25,moderate,60.42,neutral
1,2,3,8.9,1,4,2,5,5,93,3,1,53.2,moderate,66.32,moderate,22.19,low
1,3,4,9.6,2,4,4,5,4,98,1,5,74.8,elevated,81.94,high,44.27,neutral
1,2,3,5.4,2,3,5,2,1,107,7,3,57.6,moderate,41.86,mild,52.22,neutral
3,5,4,9.5,3,2,5,4,1,17,2,3,51.97,moderate,36.21,mild,59.55,neutral
1,3,4,4.2,5,4,4,1,4,101,7,3,43.63,mild,31.22,mild,68.72,good
3,2,4,8.1,5,2,4,4,2,68,1,1,38.7,mild,30.33,mild,60.97,neutral
3,3,4,5.9,4,5,3,3,2,14,6,4,33.71,mild,24.44,low,75.12,good
3,4,5,5.1,5,3,4,5,5,119,3,2,32.64,mild,68.83,moderate,83.47,good
4,2,2,7.9,1,3,1,1,1,98,6,2,15.75,low,28.56,low,41.1,neutral
3,5,5,8.5,1,4,3,4,3,32,2,4,55.03,moderate,67.33,moderate,50.73,neutral
4,3,4,8.4,5,1,2,3,2,107,3,4,48.71,moderate,32.6,mild,54.18,neutral
4,4,3,7.2,4,3,5,3,1,88,11,5,36.79,mild,39.09,mild,66.97,good
5,5,2,7.0,2,4,2,3,2,54,12,4,56.84,moderate,33.5,mild,34.38,low
4,3,3,7.7,4,4,2,4,3,19,4,1,46.37,moderate,47.41,mild,63.6,neutral
3,1,4,7.3,1,2,3,3,3,88,8,3,49.03,moderate,43.98,mild,60.56,neutral
3,4,2,7.8,4,1,5,3,1,112,4,3,45.86,moderate,46.64,mild,44.49,neutral
2,1,2,7.2,5,1,5,3,4,23,2,2,41.72,mild,45.34,mild,65.52,good
3,3,5,8.3,3,5,3,1,2,0,1,3,32.28,mild,27.81,low,71.27,good
1,5,3,3.9,4,2,5,4,3,27,11,3,62.38,moderate,63.01,moderate,57.4,neutral
5,3,4,6.6,4,1,4,4,3,35,0,4,28.32,mild,46.17,mild,57.51,neutral
5,4,1,4.3,5,3,5,3,3,45,6,5,58.19,moderate,56.21,moderate,66.38,good
1,3,1,7.3,3,5,5,4,3,118,2,4,47.77,moderate,43.4,mild,55.25,neutral
4,2,5,9.8,2,2,2,2,2,116,9,5,36.33,mild,45.83,mild,54.3,neutral
1,2,1,5.9,2,1,3,2,3,81,1,5,56.87,moderate,52.31,moderate,32.08,low
4,3,4,7.0,2,1,2,5,3,26,7,4,41.34,mild,84.91,high,42.59,neutral
1,1,5,8.2,1,1,2,5,1,25,4,2,44.52,mild,43.21,mild,48.34,neutral
3,3,3,3.1,4,2,3,5,4,9,6,3,65.01,moderate,75.69,high,52.39,neutral
4,3,5,5.9,2,1,1,1,3,95,2,1,38.31,mild,37.23,mild,41.22,neutral
4,5,3,7.5,4,4,2,3,2,26,1,5,57.4,moderate,45.82,mild,38.37,low
3,1,5,2.5,1,2,5,4,1,108,2,1,33.7,mild,70.39,high,82.1,good
5,5,2,5.0,2,3,1,1,2,72,7,2,40.54,mild,27.27,low,27.7,low
4,3,3,8.8,2,3,4,5,3,58,8,5,59.88,moderate,69.57,moderate,41.23,neutral
2,4,2,8.6,1,4,4,4,5,112,11,1,61.28,moderate,65.99,moderate,38.1,low
4,3,4,7.5,5,4,2,2,4,18,12,3,41.86,mild,46.84,mild,57.72,neutral
4,2,1,8.4,3,3,3,3,3,56,9,3,49.59,moderate,45.36,mild,31.69,low
2,5,5,7.2,5,5,5,5,1,31,0,2,29.75,mild,33.18,mild,95.46,good
4,2,1,7.8,5,1,5,5,2,21,9,2,33.44,mild,41.45,mild,53.04,neutral
5,1,2,6.2,1,3,5,5,5,114,9,4,51.41,moderate,100.0,high,41.96,neutral
5,4,3,7.0,5,2,4,5,1,73,9,4,53.04,moderate,19.67,low,64.46,neutral
4,4,1,5.7,1,3,5,4,4,19,8,3,58.96,moderate,74.09,high,32.92,low
4,5,3,9.1,5,1,2,5,3,12,8,3,53.74,moderate,57.75,moderate,38.15,low
2,3,5,9.5,4,2,4,5,2,37,7,2,56.65,moderate,48.63,mild,77.45,good
4,1,5,9.3,5,5,4,1,5,100,8,4,17.74,low,45.27,mild,76.58,good
2,1,1,6.1,3,5,5,4,2,17,8,1,37.19,mild,35.51,mild,54.92,neutral
3,3,3,5.1,1,3,2,2,4,89,0,1,50.56,moderate,57.74,moderate,45.69,neutral
2,2,3,9.1,1,1,5,3,1,12,6,4,48.86,moderate,53.02,moderate,49.1,neutral
2,5,1,7.8,1,4,3,1,5,40,1,1,55.5,moderate,67.27,moderate,30.21,low
1,1,4,7.4,5,2,1,4,1,63,12,4,34.72,mild,8.29,low,47.54,neutral
5,5,3,5.7,3,2,4,5,2,15,12,1,44.18,mild,66.82,moderate,62.24,neutral
1,2,4,7.6,2,1,5,3,5,48,2,2,54.67,moderate,92.72,high,56.69,neutral
1,1,2,4.8,1,2,3,4,4,32,11,5,62.56,moderate,64.54,moderate,27.14,low
5,2,2,7.9,1,2,3,2,4,5,6,2,50.53,moderate,58.14,moderate,23.17,low
3,1,4,9.3,2,1,5,4,2,0,8,5,34.04,mild,74.04,high,55.93,neutral
3,3,4,9.7,4,3,5,1,4,17,8,2,36.17,mild,48.68,mild,71.8,good
4,2,1,8.1,5,5,3,5,5,90,1,4,49.98,moderate,77.65,high,35.95,low
2,3,2,4.3,4,1,4,2,4,4,11,4,65.88,moderate,62.04,moderate,38.94,low
1,3,3,7.2,5,1,4,3,2,61,8,4,34.85,mild,20.74,low,62.82,neutral
4,1,5,10.7,2,1,4,5,5,2,6,2,49.0,moderate,97.93,high,59.19,neutral
1,1,2,5.2,2,3,4,1,1,26,7,4,34.56,mild,35.31,mild,44.04,neutral
3,1,2,6.7,4,5,2,5,5,21,12,2,49.5,moderate,75.12,high,35.05,low
5,1,5,9.3,1,2,2,4,1,41,8,5,49.13,moderate,40.89,mild,51.55,neutral
5,1,4,7.9,5,1,1,5,1,89,8,2,6.74,low,26.27,low,45.23,neutral
2,2,5,11.0,4,1,5,3,1,50,11,5,34.53,mild,43.37,mild,76.92,good
4,3,4,5.5,1,4,2,2,1,1,9,5,45.2,moderate,50.05,moderate,47.37,neutral
4,2,5,5.0,1,2,4,3,4,17,1,4,45.87,moderate,86.45,high,57.12,neutral
3,2,1,9.0,4,2,4,3,2,36,10,3,49.85,moderate,33.13,mild,34.76,low
1,3,2,4.6,4,2,4,5,1,33,11,3,55.08,moderate,41.5,mild,55.39,neutral
2,3,2,6.4,2,5,5,3,2,68,9,2,36.96,mild,61.3,moderate,45.21,neutral
4,2,1,6.7,4,2,5,3,5,42,1,2,35.27,mild,54.95,moderate,52.4,neutral
5,2,4,8.7,3,4,1,1,3,89,6,3,22.36,low,40.21,mild,52.23,neutral
1,3,4,7.9,4,4,5,2,4,30,0,3,35.6,mild,38.14,mild,77.78,good
4,1,1,7.6,3,1,2,3,2,82,10,4,36.45,mild,50.95,moderate,27.65,low
5,3,1,6.1,3,2,4,2,3,12,12,5,49.63,moderate,43.19,mild,24.85,low
5,5,1,9.0,2,5,4,2,4,119,0,5,53.73,moderate,46.63,mild,54.18,neutral
3,2,3,11.0,1,5,1,1,4,119,1,4,46.72,moderate,50.39,moderate,40.93,neutral
1,1,3,8.0,1,3,2,5,1,33,12,5,40.04,mild,49.98,mild,41.55,neutral
2,4,2,7.0,1,1,5,5,4,28,10,5,61.69,moderate,82.15,high,24.36,low
5,1,5,4.5,5,2,1,2,4,0,10,3,29.3,mild,53.57,moderate,56.93,neutral
5,1,2,5.7,3,5,2,1,1,118,2,3,19.41,low,33.21,mild,43.77,neutral
4,1,3,6.4,2,4,1,5,2,4,8,3,45.23,moderate,46.64,mild,38.94,low
1,5,3,5.8,5,1,1,5,4,0,10,1,81.62,elevated,52.13,moderate,28.48,low
1,5,2,6.8,5,4,4,5,1,11,0,2,44.0,mild,28.83,low,100.0,good
3,3,5,10.0,2,1,5,3,4,35,3,2,57.16,moderate,58.28,moderate,65.59,good
3,4,5,9.0,2,2,3,4,5,118,3,4,64.78,moderate,64.95,moderate,57.4,neutral
1,4,1,6.5,3,3,2,4,3,20,7,2,65.36,moderate,60.36,moderate,29.5,low
4,4,3,4.6,5,2,5,2,3,68,3,4,58.06,moderate,43.88,mild,68.94,good
3,3,1,9.2,4,4,2,3,1,78,4,2,42.87,mild,25.13,low,53.24,neutral
1,5,3,6.7,3,1,2,2,4,96,3,2,69.89,moderate,36.08,mild,28.92,low
1,4,4,3.7,2,5,3,4,5,84,0,1,64.08,moderate,61.99,moderate,50.12,neutral
3,1,3,8.1,2,3,1,5,5,119,8,3,50.23,moderate,65.32,moderate,34.28,low
4,2,2,8.6,1,2,2,1,3,80,8,1,46.12,moderate,42.77,mild,30.76,low
5,5,2,2.5,4,5,4,1,1,102,11,2,41.12,mild,15.71,low,64.52,neutral
3,3,2,5.3,5,3,4,2,2,38,7,3,43.87,mild,29.61,low,56.45,neutral
2,2,2,6.6,4,3,5,1,2,49,8,4,29.89,mild,21.1,low,53.72,neutral
5,5,2,8.1,2,1,4,1,1,89,4,3,40.92,mild,22.39,low,30.58,low
3,4,4,5.9,3,5,2,5,1,105,5,2,39.11,mild,33.61,mild,47.43,neutral
2,3,1,5.3,5,5,4,3,3,0,5,5,47.57,moderate,44.12,mild,56.37,neutral
3,3,1,8.1,3,1,5,4,1,52,12,2,52.94,moderate,34.85,mild,50.87,neutral
1,1,3,6.0,5,5,4,3,1,97,6,2,24.09,low,7.73,low,97.4,good
2,2,4,7.8,3,4,4,4,5,13,11,1,45.84,moderate,51.98,moderate,60.92,neutral
3,3,2,4.8,3,3,3,4,4,42,4,2,57.32,moderate,55.87,moderate,30.51,low
5,5,2,4.4,3,5,5,1,5,66,8,2,44.11,mild,43.94,mild,61.77,neutral
4,2,4,8.2,2,3,2,1,2,10,3,2,43.88,mild,19.86,low,59.62,neutral
4,1,2,7.3,3,4,3,3,2,110,5,1,33.53,mild,26.35,low,60.74,neutral
3,3,4,8.5,2,1,2,2,4,44,11,1,48.99,moderate,66.4,moderate,48.46,neutral
1,5,1,5.8,4,1,1,5,4,94,8,4,79.38,elevated,69.87,moderate,20.33,low
2,3,1,5.4,4,3,4,2,2,51,6,3,48.87,moderate,21.08,low,52.01,neutral
5,2,3,9.2,2,2,1,2,5,48,5,4,37.24,mild,48.7,mild,32.64,low
1,4,2,4.1,5,5,2,3,4,116,10,3,53.46,moderate,62.57,moderate,41.77,neutral
5,4,4,9.1,3,1,4,1,2,103,2,3,43.66,mild,46.1,mild,44.18,neutral
4,2,3,9.2,5,4,2,5,1,62,11,3,21.11,low,35.58,mild,74.5,good
2,5,2,8.3,4,4,5,1,1,56,8,2,35.55,mild,21.39,low,71.87,good
4,3,1,5.6,5,5,1,5,5,94,4,2,50.03,moderate,64.63,moderate,39.02,low
5,1,1,5.3,5,5,3,4,5,82,9,5,62.37,moderate,61.73,moderate,21.34,low
1,3,4,6.4,2,5,1,5,3,118,12,3,59.83,moderate,45.79,mild,57.61,neutral
1,5,2,4.5,2,2,1,2,4,40,4,5,87.9,elevated,83.01,high,31.0,low
4,2,3,5.1,5,4,4,5,5,13,5,4,37.54,mild,64.83,moderate,44.98,neutral
5,3,5,8.0,2,1,1,5,1,23,12,4,46.46,moderate,50.95,moderate,37.71,low
1,4,5,8.0,4,3,5,3,5,63,4,5,37.73,mild,64.23,moderate,72.13,good
4,4,2,4.9,1,2,3,2,3,37,11,4,55.63,moderate,59.11,moderate,22.39,low
1,5,1,8.0,5,2,3,1,3,97,11,5,65.15,moderate,41.06,mild,46.66,neutral
4,1,4,7.6,4,3,5,1,1,105,7,4,4.13,low,21.81,low,86.87,good
4,3,4,9.5,3,1,2,3,4,22,1,4,56.94,moderate,60.86,moderate,42.09,neutral
1,3,2,7.8,3,3,2,5,4,119,0,4,66.63,moderate,68.27,moderate,18.47,low
4,1,3,8.7,4,3,3,3,1,76,3,5,25.75,mild,38.02,mild,48.21,neutral
5,4,1,7.7,2,2,4,5,4,31,0,2,48.42,moderate,63.9,moderate,29.51,low
5,1,4,8.6,2,3,5,4,1,24,9,5,20.17,low,59.48,moderate,62.0,neutral
1,3,4,4.5,2,4,3,4,2,20,8,3,50.34,moderate,49.65,mild,54.92,neutral
2,2,2,6.6,1,4,2,4,4,57,5,1,49.92,moderate,75.49,high,30.13,low
2,1,3,6.7,5,1,5,5,4,8,10,1,43.75,mild,46.89,mild,43.57,neutral
3,5,2,6.4,4,3,3,5,1,15,1,4,52.52,moderate,47.35,mild,54.45,neutral
1,2,1,7.6,3,4,5,1,3,91,6,5,56.24,moderate,29.16,low,58.27,neutral
5,2,1,7.9,5,4,3,3,2,59,4,4,44.6,mild,24.5,low,54.68,neutral
4,5,5,7.5,4,3,1,3,4,63,0,4,53.04,moderate,60.64,moderate,55.19,neutral
5,5,3,6.5,3,1,5,5,5,39,6,5,57.17,moderate,83.72,high,40.23,neutral
1,1,1,5.5,1,1,4,2,4,67,1,5,55.83,moderate,94.43,high,19.39,low
1,2,1,8.8,3,2,2,5,4,41,0,5,68.82,moderate,79.97,high,11.61,low
5,4,2,7.4,1,4,5,3,3,5,2,1,46.46,moderate,39.92,mild,65.34,good
2,4,5,5.0,4,4,1,5,3,68,2,5,56.85,moderate,64.12,moderate,53.09,neutral
4,5,2,6.5,1,4,5,4,2,9,8,3,49.23,moderate,48.14,mild,37.97,low
5,3,5,3.7,3,2,3,2,5,83,10,4,49.77,moderate,76.24,high,54.02,neutral
1,1,3,6.9,2,3,3,5,2,110,6,4,46.84,moderate,53.9,moderate,27.08,low
1,5,4,6.4,1,1,1,1,5,80,8,4,68.12,moderate,73.12,high,28.98,low
1,1,4,5.8,3,4,1,1,4,69,1,5,47.08,moderate,49.81,mild,48.64,neutral
1,1,1,9.7,2,2,4,3,5,116,10,1,49.55,moderate,68.62,moderate,28.41,low
1,4,1,4.7,2,3,3,2,4,26,6,5,65.36,moderate,71.85,high,22.73,low
5,4,5,8.1,5,3,1,1,2,93,5,2,31.24,mild,1.34,low,71.25,good
4,1,5,10.7,2,2,4,5,2,25,11,2,30.96,mild,60.07,moderate,59.84,neutral
5,1,1,8.7,3,1,4,1,1,0,4,4,26.65,mild,23.32,low,27.22,low
5,3,4,6.7,1,5,2,3,5,29,5,5,55.54,moderate,58.28,moderate,52.38,neutral
5,2,5,4.8,2,1,4,2,1,60,12,1,25.11,mild,26.76,low,58.23,neutral
2,4,5,4.3,2,5,5,2,5,7,1,5,69.91,moderate,59.61,moderate,60.7,neutral
2,3,2,6.1,4,1,3,2,4,33,6,2,58.82,moderate,48.37,mild,51.62,neutral
5,3,5,5.6,1,1,2,2,1,6,7,5,36.81,mild,49.91,mild,54.23,neutral
2,3,4,5.5,5,5,5,4,5,29,9,1,50.17,moderate,56.94,moderate,75.14,good
1,2,5,6.2,1,5,5,2,1,87,12,4,27.16,mild,27.63,low,68.48,good
4,2,1,6.6,4,5,3,4,1,18,4,3,50.44,moderate,41.36,mild,44.97,neutral
5,4,4,7.7,1,4,3,3,3,31,1,5,47.15,moderate,53.01,moderate,46.0,neutral
5,3,1,4.6,5,3,5,4,1,16,5,3,42.93,mild,15.14,low,69.48,good
5,3,2,5.6,4,1,1,3,1,46,2,1,43.87,mild,27.28,low,47.11,neutral
1,3,1,6.5,5,3,2,2,4,92,9,1,54.6,moderate,37.7,mild,43.08,neutral
4,2,3,6.4,5,3,3,3,5,65,7,2,35.86,mild,24.0,low,59.45,neutral
5,5,5,10.1,5,4,4,4,1,24,9,5,31.32,mild,44.99,mild,78.83,good
4,3,4,7.2,4,1,4,3,4,38,4,1,41.58,mild,50.64,moderate,51.27,neutral
5,4,2,3.9,5,1,2,5,4,81,12,5,70.7,elevated,64.03,moderate,18.25,low
5,5,3,7.6,1,3,5,3,1,57,11,3,31.7,mild,29.54,low,60.58,neutral
3,5,2,7.8,4,5,4,2,1,55,11,3,52.74,moderate,21.89,low,74.7,good
1,4,4,6.6,5,5,3,1,3,104,9,5,48.81,moderate,35.56,mild,68.66,good
3,4,2,4.6,2,3,5,2,4,99,2,4,54.35,moderate,54.32,moderate,58.25,neutral
2,3,1,10.0,5,2,1,1,2,29,1,4,52.27,moderate,16.75,low,32.42,low
1,4,3,4.9,3,3,4,1,3,85,12,5,71.19,elevated,45.8,mild,57.17,neutral
1,2,5,8.0,3,3,5,2,3,95,11,3,42.37,mild,44.22,mild,73.48,good
4,4,3,7.2,2,4,4,2,4,108,11,5,55.54,moderate,60.12,moderate,61.89,neutral
3,1,2,7.9,1,2,3,5,2,31,8,4,43.63,mild,58.14,moderate,33.69,low
3,5,1,9.9,5,2,2,4,4,88,11,5,73.53,elevated,62.67,moderate,29.03,low
4,2,5,7.8,4,3,2,4,5,22,6,3,42.11,mild,64.21,moderate,54.86,neutral
3,4,4,5.8,3,5,3,3,3,53,2,4,46.03,moderate,54.22,moderate,52.99,neutral
4,1,1,8.8,5,5,5,1,4,8,3,3,29.56,mild,43.27,mild,47.13,neutral
1,1,1,5.7,1,4,3,5,1,73,11,5,60.88,moderate,68.61,moderate,28.0,low
5,5,1,7.1,4,2,1,3,5,82,8,4,74.94,elevated,75.93,high,18.95,low
3,5,2,4.5,3,3,3,3,2,54,12,1,54.15,moderate,54.65,moderate,53.0,neutral
1,2,5,4.9,4,3,1,4,1,49,11,3,33.52,mild,45.24,mild,57.45,neutral
5,1,1,6.9,1,5,5,1,3,29,9,1,38.18,mild,27.76,low,50.25,neutral
4,5,5,7.5,4,2,3,3,2,93,0,4,57.4,moderate,53.3,moderate,40.42,neutral
1,5,1,3.7,4,5,2,4,3,110,2,4,75.05,elevated,38.37,mild,44.72,neutral
1,1,4,7.7,5,4,4,4,5,16,4,5,54.94,moderate,83.14,high,65.94,good
1,4,2,5.3,2,4,3,3,3,33,0,1,62.41,moderate,37.13,mild,52.51,neutral
2,2,5,9.1,1,4,3,5,2,73,12,3,35.78,mild,64.83,moderate,57.47,neutral
1,4,3,6.2,1,4,3,5,5,44,2,2,56.54,moderate,90.81,high,47.67,neutral
4,3,2,4.8,1,4,5,1,2,1,4,3,32.03,mild,40.93,mild,52.1,neutral
3,1,2,6.9,2,4,5,1,5,2,8,5,39.27,mild,39.61,mild,50.18,neutral
5,2,5,5.2,5,2,2,3,5,28,0,3,35.98,mild,52.56,moderate,58.17,neutral
4,3,3,9.1,1,3,2,5,3,117,8,3,48.42,moderate,71.06,high,38.28,low
4,4,2,6.8,1,3,5,3,4,73,1,5,54.1,moderate,73.97,high,45.08,neutral
3,1,4,6.5,1,5,4,2,4,30,11,3,39.34,mild,50.67,moderate,64.32,neutral
1,5,3,7.9,2,4,1,3,5,6,8,3,64.91,moderate,64.38,moderate,35.9,low
1,4,4,5.0,4,5,3,5,3,91,4,3,49.03,moderate,38.22,mild,62.71,neutral
4,5,3,4.5,2,4,1,1,3,45,9,5,54.82,moderate,62.3,moderate,46.96,neutral
1,5,1,7.5,3,3,1,3,2,47,4,3,72.57,elevated,34.6,mild,15.61,low
1,1,1,4.8,2,3,1,4,3,67,1,4,60.84,moderate,69.9,moderate,14.47,low
2,1,1,4.8,5,4,2,2,4,27,0,1,46.59,moderate,49.93,mild,58.23,neutral
5,4,3,8.3,1,5,1,1,3,88,2,1,55.1,moderate,23.03,low,39.12,low
3,1,3,7.7,2,2,5,4,2,37,9,1,53.94,moderate,47.01,mild,55.87,neutral
4,1,4,4.5,3,2,3,4,3,85,7,3,44.04,mild,62.34,moderate,61.85,neutral
3,3,5,5.7,5,2,3,4,3,62,3,4,48.73,moderate,49.88,mild,62.74,neutral
1,5,1,5.2,3,1,5,4,1,17,8,2,54.83,moderate,51.44,moderate,38.83,low
2,4,5,10.0,1,4,5,4,4,75,5,5,59.45,moderate,67.94,moderate,72.09,good
1,3,5,8.4,3,5,5,2,5,9,2,1,42.05,mild,47.59,mild,77.94,good
4,1,4,6.0,2,4,1,1,2,86,8,4,38.22,mild,29.83,low,47.98,neutral
1,2,3,7.8,2,1,4,5,2,45,5,2,46.48,moderate,77.96,high,28.41,low
2,4,1,4.4,5,2,5,2,1,81,8,1,48.74,moderate,14.05,low,60.98,neutral
5,1,1,5.6,5,5,1,5,3,29,7,4,43.51,mild,55.58,moderate,42.71,neutral
3,3,1,7.0,2,1,5,3,3,49,1,3,67.7,moderate,73.06,high,33.55,low
3,1,4,7.6,3,4,5,3,5,36,0,4,45.88,moderate,53.41,moderate,54.5,neutral
3,2,3,6.6,3,3,5,1,5,30,1,5,52.03,moderate,58.46,moderate,53.16,neutral
4,2,1,7.2,5,5,2,5,4,41,2,3,48.38,moderate,42.66,mild,36.58,low
2,4,1,6.9,5,3,1,3,2,6,2,5,56.18,moderate,17.95,low,32.47,low
4,5,1,6.5,2,3,4,5,1,48,11,3,60.53,moderate,39.71,mild,36.36,low
5,1,4,6.3,1,4,4,4,3,14,10,2,23.19,low,51.0,moderate,70.32,good
3,4,4,6.0,1,5,4,1,4,62,11,2,42.43,mild,40.57,mild,65.92,good
3,4,4,7.2,1,3,2,5,1,10,6,2,64.54,moderate,44.34,mild,31.58,low
1,5,1,7.5,4,4,1,3,3,1,4,5,71.9,elevated,44.06,mild,32.32,low
2,5,1,7.2,4,5,5,1,1,53,5,3,44.68,mild,0.0,low,68.18,good
5,1,1,4.7,5,3,3,3,2,36,11,5,38.07,mild,43.14,mild,55.06,neutral
3,4,4,5.0,1,4,5,4,2,106,4,2,46.5,moderate,61.36,moderate,63.75,neutral
2,3,4,7.5,1,2,5,4,1,31,8,4,26.25,mild,60.98,moderate,56.02,neutral
3,1,2,9.4,1,2,3,2,2,48,1,1,31.26,mild,39.54,mild,53.65,neutral
3,2,1,7.1,4,1,2,5,4,28,12,2,58.78,moderate,73.26,high,15.2,low
3,5,2,6.1,1,4,5,2,5,107,8,1,49.0,moderate,52.86,moderate,56.13,neutral
4,3,5,7.2,4,2,4,3,4,95,12,5,37.81,mild,55.44,moderate,63.76,neutral
2,2,1,4.8,5,5,4,5,2,20,3,2,34.53,mild,40.89,mild,54.74,neutral
4,2,4,9.2,1,5,5,1,5,30,8,5,31.03,mild,58.01,moderate,57.57,neutral
3,5,3,7.1,4,5,2,3,3,22,3,3,50.95,moderate,25.34,low,66.87,good
5,2,1,5.6,3,2,2,3,2,18,6,1,49.51,moderate,46.88,mild,36.97,low
1,1,5,6.5,5,4,1,4,5,29,4,2,51.12,moderate,48.32,mild,62.56,neutral
1,3,3,5.9,2,4,2,4,2,103,1,2,48.08,moderate,40.16,mild,53.37,neutral
3,5,4,9.2,2,3,3,4,4,55,5,3,62.68,moderate,76.05,high,50.74,neutral
3,1,1,6.4,1,3,3,2,1,46,6,2,26.74,mild,36.79,mild,29.01,low
4,2,2,7.1,4,3,1,3,2,23,2,4,42.19,mild,38.8,mild,25.43,low
3,3,4,7.8,5,2,5,1,5,22,5,4,46.94,moderate,35.81,mild,81.07,good
5,1,4,5.5,1,3,3,5,2,67,1,1,33.31,mild,45.09,mild,51.41,neutral
3,4,1,7.1,3,5,3,2,5,90,8,3,63.16,moderate,54.79,moderate,42.38,neutral
1,2,4,7.3,4,2,5,3,3,67,4,3,45.84,moderate,51.03,moderate,81.94,good
1,1,5,4.0,4,1,3,4,5,79,1,2,53.61,moderate,75.5,high,44.99,neutral
5,2,4,7.3,5,1,5,4,3,31,6,4,28.15,mild,48.09,mild,44.56,neutral
1,5,2,6.7,4,3,2,1,3,114,10,2,53.25,moderate,25.36,low,32.51,low
5,5,5,7.0,5,2,5,4,2,99,12,5,26.2,mild,46.33,mild,71.75,good
2,3,4,6.9,5,3,5,2,2,106,12,3,22.22,low,14.3,low,80.44,good
1,3,1,7.3,5,5,4,3,5,80,2,2,57.55,moderate,46.68,mild,65.88,good
2,5,1,9.2,3,1,5,1,3,84,2,4,75.04,elevated,34.02,mild,50.0,neutral
4,1,5,4.7,3,1,4,4,3,8,11,4,29.97,mild,55.5,moderate,37.01,low
3,4,2,6.2,3,2,4,3,2,19,8,3,51.63,moderate,44.92,mild,70.41,good
4,4,1,8.0,5,3,4,1,4,16,7,4,32.97,mild,43.64,mild,47.47,neutral
4,4,3,7.7,2,4,5,1,2,58,10,2,25.88,mild,28.93,low,77.82,good
3,2,3,7.6,4,1,4,4,2,71,0,5,43.95,mild,40.65,mild,54.62,neutral
4,4,3,11.0,4,1,4,1,1,14,7,4,41.58,mild,12.88,low,59.29,neutral
5,4,4,7.9,1,1,1,3,5,90,7,2,40.31,mild,74.14,high,24.1,low
3,5,5,8.8,3,5,5,4,1,66,12,5,54.89,moderate,19.72,low,72.85,good
1,1,4,6.2,1,1,4,5,5,72,6,5,57.7,moderate,100.0,high,24.95,low
3,4,1,5.0,4,4,1,1,2,110,6,1,41.42,mild,9.71,low,41.42,neutral
5,5,1,6.2,3,3,2,2,1,70,10,4,51.41,moderate,49.42,mild,26.39,low
2,2,1,8.1,2,1,2,1,5,0,3,3,59.49,moderate,53.41,moderate,32.18,low
5,4,2,7.5,1,3,2,5,4,93,0,4,62.02,moderate,79.67,high,23.78,low
3,1,2,7.5,1,2,5,3,4,105,6,2,37.73,mild,55.87,moderate,58.49,neutral
4,4,5,6.4,4,3,3,5,3,10,7,2,45.41,moderate,50.94,moderate,60.77,neutral
2,4,2,6.1,5,1,3,1,4,65,6,2,62.11,moderate,42.64,mild,41.78,neutral
5,1,1,6.5,2,4,4,4,1,56,9,1,16.93,low,41.02,mild,53.23,neutral
1,1,5,8.1,5,4,2,1,2,18,3,5,25.39,mild,31.24,mild,70.18,good
2,4,2,8.3,3,1,5,1,3,33,0,2,58.14,moderate,46.47,mild,59.78,neutral
3,2,5,5.0,2,3,4,3,4,103,10,5,39.64,mild,76.78,high,70.51,good
3,3,4,8.2,3,4,2,2,3,47,11,2,38.4,mild,30.7,mild,66.29,good
3,1,5,5.6,4,1,4,2,3,64,8,2,26.46,mild,49.22,mild,78.42,good
1,5,5,7.6,5,4,3,1,4,94,4,5,46.16,moderate,34.11,mild,79.29,good
2,3,1,6.5,3,3,2,3,1,54,4,2,45.73,moderate,38.15,mild,33.86,low
1,5,4,9.6,2,2,5,2,3,107,6,4,50.3,moderate,54.77,moderate,69.12,good
3,1,3,6.0,4,3,2,5,2,60,5,1,40.21,mild,48.25,mild,55.58,neutral
2,2,4,7.1,3,4,1,4,3,119,2,5,56.04,moderate,56.83,moderate,39.81,low
3,4,4,7.9,2,4,3,3,1,17,4,4,42.13,mild,41.05,mild,55.82,neutral
3,4,3,5.2,3,4,3,4,5,107,3,4,67.61,moderate,63.82,moderate,45.02,neutral
4,4,2,6.7,3,1,1,3,5,13,5,1,56.75,moderate,50.27,moderate,31.64,low
3,5,5,6.3,1,4,4,3,5,98,4,5,53.47,moderate,83.03,high,57.19,neutral
4,5,4,5.9,1,1,2,5,5,80,6,3,72.54,elevated,100.0,high,26.7,low
3,1,5,6.0,4,4,1,3,4,67,10,2,37.0,mild,46.12,mild,56.73,neutral
4,2,2,8.8,1,2,3,3,2,106,4,1,41.69,mild,53.61,moderate,34.17,low
4,5,5,5.7,3,1,1,3,1,77,0,1,55.31,moderate,19.54,low,42.19,neutral
2,3,2,7.8,4,4,4,4,4,84,10,4,38.37,mild,49.94,mild,57.86,neutral
2,5,3,7.4,2,3,1,4,5,91,2,2,65.69,moderate,69.92,moderate,21.36,low
4,3,5,4.3,2,4,3,3,2,101,12,5,49.83,moderate,34.07,mild,62.79,neutral
2,1,2,7.7,5,2,1,1,5,28,6,2,51.29,moderate,30.09,mild,33.48,low
3,3,2,4.3,1,2,2,4,1,102,6,1,62.25,moderate,48.61,mild,38.38,low
1,5,5,7.9,4,4,5,3,2,71,5,5,54.75,moderate,31.26,mild,78.51,good
3,4,5,5.9,1,2,4,5,4,3,9,4,55.73,moderate,78.22,high,40.95,neutral
3,1,2,6.8,5,5,3,5,3,111,8,3,19.91,low,40.59,mild,63.66,neutral
4,2,2,4.5,3,4,1,1,4,93,12,5,46.1,moderate,38.78,mild,28.39,low
3,5,2,7.0,1,5,2,5,2,107,0,4,66.35,moderate,52.43,moderate,36.74,low
2,5,1,8.5,4,1,2,5,4,93,2,1,77.52,elevated,63.65,moderate,35.19,low
5,4,3,5.3,1,3,3,5,2,41,3,3,48.58,moderate,55.67,moderate,35.16,low
3,1,2,5.7,2,3,2,3,1,42,2,5,35.66,mild,37.69,mild,35.92,low
5,4,5,7.6,3,5,5,2,3,33,12,4,21.27,low,35.34,mild,78.05,good
4,5,1,7.7,4,3,4,4,3,49,0,4,50.5,moderate,57.73,moderate,45.05,neutral
3,4,4,2.5,3,5,2,5,3,4,1,1,41.62,mild,53.15,moderate,56.7,neutral
5,3,3,10.4,5,2,1,3,1,90,5,3,36.93,mild,12.82,low,55.61,neutral
1,3,4,7.8,3,5,3,5,3,91,3,1,45.95,moderate,35.79,mild,57.78,neutral
5,2,1,8.1,2,3,3,2,1,119,4,4,35.25,mild,40.45,mild,49.19,neutral
5,2,3,6.5,2,5,4,5,5,66,7,2,35.33,mild,64.11,moderate,64.59,neutral
3,4,4,3.5,5,2,3,1,1,119,7,2,36.62,mild,17.81,low,72.3,good
4,1,2,8.0,4,2,4,5,5,25,11,3,37.23,mild,90.21,high,34.68,low
3,1,5,5.8,1,3,5,5,1,57,5,1,25.04,mild,52.71,moderate,69.17,good
2,2,3,7.8,4,3,3,4,4,94,12,4,51.31,moderate,39.2,mild,47.5,neutral
4,4,2,6.4,3,1,4,4,2,95,2,3,52.09,moderate,64.46,moderate,56.68,neutral
2,4,1,7.2,2,4,2,3,1,93,2,3,79.9,elevated,32.88,mild,35.92,low
2,3,1,5.4,1,3,5,5,2,56,5,4,55.96,moderate,66.56,moderate,49.31,neutral
3,3,3,8.4,5,1,3,1,1,8,1,4,44.05,mild,23.84,low,58.64,neutral
5,1,3,4.7,1,3,4,2,4,104,0,5,38.39,mild,74.7,high,44.62,neutral
2,2,5,10.8,5,4,5,1,5,46,4,1,30.86,mild,40.15,mild,83.41,good
3,1,4,10.8,1,1,2,2,2,78,6,3,57.78,moderate,39.03,mild,37.41,low
1,4,1,9.7,3,5,1,3,3,16,3,1,70.97,elevated,41.82,mild,43.62,neutral
1,4,3,9.1,1,4,2,2,1,113,3,2,40.42,mild,17.41,low,42.41,neutral
1,2,3,6.6,3,2,2,3,3,31,1,3,43.72,mild,66.95,moderate,48.43,neutral
1,2,1,8.9,5,4,1,2,5,120,1,1,51.67,moderate,39.73,mild,49.03,neutral
5,2,4,6.6,3,5,3,2,3,86,11,3,22.11,low,35.63,mild,60.77,neutral
5,5,3,4.0,3,5,2,3,5,39,0,5,48.61,moderate,61.14,moderate,54.16,neutral
5,3,1,9.5,1,4,1,2,4,44,9,1,51.62,moderate,55.11,moderate,32.39,low
1,4,3,8.8,5,2,1,5,1,118,9,2,40.61,mild,39.9,mild,52.95,neutral
1,3,4,6.7,2,1,2,5,1,71,2,2,55.94,moderate,43.81,mild,36.91,low
2,4,2,4.6,3,2,2,5,2,83,3,5,74.18,elevated,66.23,moderate,30.04,low
3,3,2,5.7,5,5,5,1,5,74,4,4,47.93,moderate,43.31,mild,66.53,good
2,2,1,3.5,4,2,4,3,1,28,8,1,45.43,moderate,30.25,mild,67.48,good
3,5,2,8.5,4,2,4,4,1,16,0,4,66.91,moderate,32.01,mild,51.42,neutral
1,4,5,3.9,1,5,4,2,5,0,10,1,59.3,moderate,80.73,high,65.28,good
4,4,4,7.3,3,2,5,2,1,48,4,4,42.41,mild,41.0,mild,59.82,neutral
2,5,1,5.3,3,3,2,4,2,82,6,2,59.7,moderate,51.47,moderate,26.23,low
1,2,3,4.2,1,2,1,1,4,36,11,4,74.26,elevated,72.51,high,21.53,low
4,1,1,7.2,2,2,3,4,1,26,1,3,39.49,mild,45.73,mild,35.89,low
5,3,3,6.2,5,3,1,3,1,47,12,4,48.75,moderate,23.67,low,39.36,low
1,2,1,8.3,5,4,2,4,4,27,7,2,61.84,moderate,23.63,low,35.42,low
3,3,4,4.5,5,2,4,4,1,52,5,3,42.68,mild,24.86,low,54.36,neutral
5,2,3,5.4,5,1,3,3,4,66,0,5,46.81,moderate,80.22,high,56.72,neutral
4,2,4,2.5,5,4,4,3,3,32,0,5,37.46,mild,58.44,moderate,71.85,good
5,2,3,2.9,1,3,3,1,2,3,10,3,35.35,mild,44.82,mild,50.48,neutral
3,2,2,10.0,5,4,3,5,4,12,5,5,55.22,moderate,49.25,mild,38.28,low
2,4,2,10.6,4,3,2,1,2,50,9,1,55.74,moderate,29.22,low,60.04,neutral
4,3,2,7.0,5,4,2,5,5,21,10,4,37.11,mild,62.89,moderate,52.27,neutral
1,3,3,5.3,4,4,2,5,3,96,5,4,56.68,moderate,62.69,moderate,48.04,neutral
2,1,3,6.3,1,4,4,4,4,19,4,2,51.01,moderate,54.13,moderate,44.42,neutral
4,3,4,8.4,3,4,5,4,2,3,3,2,46.03,moderate,35.19,mild,77.42,good
4,1,1,5.9,4,3,1,1,5,74,8,3,48.86,moderate,57.81,moderate,34.88,low
1,2,2,7.2,1,2,3,5,2,75,9,4,43.78,mild,80.38,high,36.71,low
3,3,5,6.8,3,3,3,3,3,81,4,4,33.07,mild,43.82,mild,66.56,good
2,1,5,5.8,4,4,3,2,5,19,7,4,34.21,mild,46.03,mild,73.46,good
3,2,5,5.9,3,3,2,4,5,82,7,4,58.25,moderate,82.05,high,43.46,neutral
5,2,2,7.3,4,3,1,3,4,104,1,5,38.99,mild,44.02,mild,39.05,low
1,5,1,5.0,1,2,2,2,4,73,6,5,88.97,elevated,58.25,moderate,13.37,low
5,5,1,7.6,2,1,1,2,4,47,9,3,56.99,moderate,61.07,moderate,0.0,low
3,1,1,6.0,5,3,1,1,3,58,12,1,40.59,mild,43.44,mild,36.8,low
4,4,5,7.0,3,5,2,5,4,98,4,2,36.54,mild,49.75,mild,55.32,neutral
3,4,5,9.3,1,4,4,4,3,17,3,1,46.3,moderate,51.37,moderate,66.43,good
2,2,5,6.5,1,4,5,2,3,87,11,3,25.92,mild,48.28,mild,77.7,good
4,3,4,8.5,3,4,4,4,2,32,11,5,49.02,moderate,43.02,mild,65.29,good
4,4,2,3.6,5,5,1,4,2,106,10,3,45.36,moderate,20.53,low,65.07,good
1,2,3,6.0,1,2,2,1,1,16,4,5,38.86,mild,44.88,mild,34.55,low
4,1,5,6.8,1,4,2,1,4,62,3,3,18.95,low,50.92,moderate,37.85,low
4,2,5,10.3,2,1,2,2,1,48,8,3,37.29,mild,42.78,mild,54.47,neutral
2,2,3,3.3,2,2,5,1,1,58,3,1,37.57,mild,27.19,low,59.89,neutral
5,2,5,6.6,1,1,4,5,2,46,10,4,42.94,mild,80.72,high,41.56,neutral
4,2,2,9.4,2,3,3,1,1,4,5,2,34.69,mild,19.34,low,47.12,neutral
2,1,3,5.4,4,1,3,5,4,103,4,3,59.69,moderate,61.04,moderate,34.23,low
1,5,5,6.4,5,2,2,3,1,64,10,5,49.86,moderate,46.93,mild,58.27,neutral
4,1,2,7.4,2,1,3,1,3,72,4,2,43.88,mild,22.89,low,49.18,neutral
2,4,4,7.1,4,1,4,5,4,63,1,5,51.17,moderate,71.33,high,50.74,neutral
4,4,3,9.6,5,3,5,1,3,63,10,5,28.14,mild,35.05,mild,67.88,good
3,4,2,7.6,1,3,3,5,3,73,4,1,49.34,moderate,59.15,moderate,47.53,neutral
3,5,2,9.2,5,3,1,1,2,50,8,2,42.0,mild,5.56,low,45.64,neutral
1,1,4,6.2,1,2,5,4,3,15,8,5,37.41,mild,59.15,moderate,41.41,neutral
4,2,3,5.5,4,3,2,2,4,3,1,3,46.8,moderate,56.68,moderate,37.14,low
1,1,2,6.4,4,1,1,3,3,65,0,4,51.48,moderate,64.92,moderate,27.36,low
3,3,4,4.7,5,3,3,5,4,22,10,5,53.06,moderate,63.22,moderate,42.61,neutral
5,4,1,7.7,3,5,4,4,5,54,0,1,50.81,moderate,48.48,mild,36.87,low
5,5,1,6.1,4,1,2,2,2,73,4,4,42.33,mild,23.43,low,28.45,low
5,2,5,5.6,1,1,2,1,1,72,9,5,40.28,mild,49.84,mild,56.56,neutral
5,2,4,7.7,3,4,2,2,3,20,2,3,21.15,low,46.85,mild,66.58,good
3,5,3,4.7,5,3,5,5,2,79,6,5,49.81,moderate,25.68,low,70.78,good
2,4,1,8.2,1,2,5,3,1,113,1,4,41.57,mild,22.93,low,40.47,neutral
5,4,3,5.9,1,4,5,4,4,43,7,4,53.79,moderate,71.08,high,46.69,neutral
5,3,3,8.9,4,2,2,3,4,14,9,1,29.3,mild,52.88,moderate,47.86,neutral
5,3,3,6.1,3,4,5,3,4,60,3,4,29.66,mild,51.69,moderate,75.26,good
4,2,1,7.9,3,3,2,1,4,74,3,5,37.27,mild,48.41,mild,31.63,low
1,4,3,7.1,2,1,5,1,3,47,6,2,51.31,moderate,40.99,mild,50.55,neutral
3,2,3,8.1,1,4,5,4,3,72,10,1,35.81,mild,52.8,moderate,56.24,neutral
3,5,2,7.0,4,4,4,2,2,92,7,3,51.86,moderate,18.28,low,59.12,neutral
5,1,1,3.8,2,2,5,2,4,69,9,5,43.64,mild,66.97,moderate,41.89,neutral
2,3,5,8.6,4,4,1,2,5,96,5,4,56.37,moderate,47.89,mild,48.64,neutral
2,2,4,6.6,3,4,4,4,5,17,1,5,51.38,moderate,64.28,moderate,59.5,neutral
1,4,4,8.2,2,5,1,5,3,35,12,3,50.49,moderate,39.44,mild,49.8,neutral
5,4,4,8.0,2,5,4,4,1,67,10,3,27.52,mild,32.81,mild,71.25,good
4,5,4,5.4,4,2,2,4,5,31,0,2,72.15,elevated,74.96,high,36.81,low
1,4,1,5.2,2,5,5,5,3,120,3,5,74.83,elevated,61.16,moderate,44.8,neutral
3,2,3,8.0,5,1,3,3,4,82,5,4,50.65,moderate,52.21,moderate,42.54,neutral
3,2,5,6.3,3,2,4,1,2,49,1,4,40.46,mild,45.93,mild,68.41,good
3,5,2,8.5,5,4,2,3,5,93,11,5,63.94,moderate,67.0,moderate,37.17,low
5,3,5,6.5,3,3,1,5,5,118,2,5,53.3,moderate,95.39,high,50.45,neutral
1,1,1,8.6,3,2,4,4,1,1,2,5,49.89,moderate,65.77,moderate,41.5,neutral
2,5,2,7.6,3,1,2,2,3,67,4,3,76.26,elevated,47.21,mild,19.55,low
1,4,2,7.3,3,4,4,2,3,51,12,1,44.48,mild,22.44,low,46.61,neutral
2,1,4,6.1,3,5,3,5,4,91,2,3,42.93,mild,56.8,moderate,67.39,good
5,4,1,7.2,5,4,5,1,2,37,5,3,18.2,low,21.69,low,64.81,neutral
5,4,2,8.9,4,3,2,5,1,39,8,5,36.67,mild,57.45,moderate,38.13,low
1,4,4,6.7,1,4,3,4,2,92,2,1,67.45,moderate,35.48,mild,64.28,neutral
4,5,2,7.8,1,2,4,5,3,107,1,5,68.5,moderate,75.83,high,30.29,low
2,3,5,6.9,1,5,4,2,2,17,1,4,37.73,mild,30.93,mild,60.94,neutral
1,3,5,7.0,4,1,1,4,3,74,2,1,52.39,moderate,48.07,mild,39.73,low
2,4,2,9.9,2,3,4,2,2,94,4,2,42.67,mild,36.81,mild,55.77,neutral
1,1,3,9.0,2,2,3,1,4,19,12,1,41.11,mild,51.1,moderate,61.99,neutral
3,1,2,6.9,5,5,5,3,3,80,11,5,16.67,low,56.36,moderate,74.47,good
5,5,2,7.2,1,2,4,5,1,118,7,4,50.55,moderate,59.31,moderate,34.69,low
3,2,4,5.5,1,4,4,2,4,101,12,4,47.89,moderate,55.69,moderate,53.69,neutral
4,3,2,6.5,1,1,2,1,2,23,0,3,54.45,moderate,37.42,mild,29.14,low
3,2,1,7.4,2,1,2,5,2,119,7,3,65.44,moderate,57.46,moderate,3.34,low
1,2,2,8.3,1,3,4,5,4,43,5,1,57.34,moderate,61.58,moderate,37.94,low
1,3,5,8.1,4,4,1,5,2,57,1,4,29.16,mild,46.82,mild,61.67,neutral
2,5,2,4.8,4,2,3,5,1,35,7,1,75.11,elevated,18.1,low,62.18,neutral
2,3,2,8.6,1,4,5,5,2,84,5,2,42.67,mild,51.55,moderate,59.48,neutral
5,1,4,6.6,3,3,5,5,2,15,9,5,29.0,mild,54.41,moderate,79.19,good
5,2,1,5.0,2,5,4,5,4,85,5,1,44.07,mild,52.0,moderate,56.44,neutral
5,1,2,9.2,1,2,3,4,4,6,5,5,51.05,moderate,75.08,high,36.41,low
4,5,1,9.4,3,2,5,2,1,102,3,1,48.76,moderate,35.96,mild,54.21,neutral
3,2,5,7.3,4,5,1,3,4,39,6,3,35.67,mild,55.08,moderate,63.26,neutral
4,2,5,8.1,2,2,4,2,4,62,0,3,25.41,mild,51.77,moderate,46.14,neutral
3,1,4,8.2,4,2,1,3,1,27,7,1,50.95,moderate,29.96,low,54.04,neutral
4,3,2,9.3,5,5,4,4,2,13,4,5,44.86,mild,24.21,low,67.53,good
4,5,4,8.1,1,5,2,2,4,2,3,5,56.3,moderate,53.9,moderate,44.73,neutral
4,3,4,4.4,1,1,4,1,3,118,4,2,61.07,moderate,54.09,moderate,38.67,low
4,4,5,10.4,2,5,4,4,2,16,11,2,32.07,mild,57.9,moderate,86.16,good
1,1,1,8.7,5,4,5,5,4,6,9,4,53.26,moderate,69.37,moderate,56.25,neutral
4,1,4,5.9,1,2,4,5,4,62,11,2,36.36,mild,78.22,high,59.01,neutral
2,4,1,4.9,3,3,5,1,3,116,5,1,55.2,moderate,26.42,low,60.44,neutral
4,1,3,7.7,3,2,1,3,1,10,5,4,38.49,mild,48.08,mild,49.95,neutral
3,3,5,6.3,1,1,2,3,4,30,0,2,34.62,mild,64.57,moderate,49.55,neutral
5,2,1,7.4,1,1,3,3,1,67,8,3,29.27,mild,48.21,mild,21.56,low
2,1,1,8.1,1,1,1,4,5,59,0,4,77.42,elevated,83.96,high,0.0,low
5,3,5,5.8,1,3,1,3,1,17,12,3,37.46,mild,58.95,moderate,45.07,neutral
5,5,1,4.8,3,5,1,5,1,115,8,5,74.01,elevated,39.31,mild,25.27,low
2,1,4,7.5,5,3,4,5,2,43,6,4,41.93,mild,51.75,moderate,81.62,good
3,5,3,5.8,2,1,3,4,2,81,8,5,61.77,moderate,60.74,moderate,37.09,low
3,3,2,7.1,2,3,4,3,2,55,12,5,43.92,mild,52.83,moderate,48.93,neutral
4,4,5,4.4,2,4,5,3,5,70,2,4,63.23,moderate,85.59,high,56.35,neutral
4,1,5,6.3,5,5,1,5,2,109,9,3,42.49,mild,19.09,low,72.55,good
5,5,2,8.1,5,4,5,2,5,39,11,3,40.79,mild,45.98,mild,59.97,neutral
2,1,1,7.9,4,2,2,5,1,98,7,4,56.94,moderate,35.16,mild,42.59,neutral
3,5,1,5.4,3,4,3,3,4,35,8,1,67.91,moderate,53.74,moderate,35.77,low
3,4,1,4.7,1,1,5,1,1,38,6,3,64.54,moderate,44.2,mild,52.16,neutral
5,2,5,6.8,5,3,2,4,2,3,2,2,28.66,mild,30.01,mild,74.53,good
2,1,3,7.8,1,3,5,2,1,41,12,3,25.54,mild,28.33,low,56.02,neutral
3,4,4,7.5,1,1,3,3,2,70,3,5,45.97,moderate,58.83,moderate,52.09,neutral
1,1,2,5.9,4,1,1,5,3,77,5,3,45.82,moderate,50.39,moderate,34.94,low
5,4,5,7.3,1,5,5,4,5,52,12,3,54.98,moderate,72.85,high,70.17,good
2,4,4,9.5,1,2,1,4,4,43,0,3,68.18,moderate,66.7,moderate,21.3,low
2,2,4,7.2,3,1,4,1,4,27,5,2,31.66,mild,53.64,moderate,62.9,neutral
3,2,3,3.9,1,3,3,5,3,109,7,4,63.27,moderate,62.04,moderate,37.78,low
3,2,4,7.2,2,2,1,2,2,46,3,2,36.74,mild,32.43,mild,43.39,neutral
5,2,3,10.5,4,5,3,1,2,37,8,5,24.46,low,20.57,low,65.59,good
3,1,2,4.5,1,5,2,5,1,113,6,1,58.41,moderate,40.65,mild,41.51,neutral
3,2,3,6.9,4,5,1,1,4,77,3,2,26.34,mild,43.95,mild,45.83,neutral
1,4,2,6.4,1,2,3,2,4,102,2,4,69.72,moderate,71.57,high,17.88,low
1,2,5,7.0,4,5,1,1,3,47,3,1,29.28,mild,16.57,low,55.23,neutral
2,4,4,7.1,1,2,3,4,3,52,10,3,50.63,moderate,58.89,moderate,45.14,neutral
5,5,4,8.9,4,2,2,5,2,88,6,2,37.35,mild,55.96,moderate,31.86,low
5,4,4,7.0,4,5,5,3,5,118,10,5,38.09,mild,47.41,mild,77.06,good
4,3,3,9.1,4,4,5,5,5,95,9,1,34.56,mild,64.05,moderate,66.8,good
4,2,5,6.6,2,1,5,5,3,55,10,3,42.73,mild,63.15,moderate,56.08,neutral
2,5,2,6.2,2,5,5,5,4,72,11,3,60.01,moderate,63.77,moderate,60.46,neutral
1,2,3,5.6,5,1,1,1,2,42,8,5,46.72,moderate,40.66,mild,40.92,neutral
1,3,1,3.5,4,4,3,2,1,55,4,3,45.89,moderate,18.59,low,55.35,neutral
2,3,2,7.3,1,3,2,2,2,46,9,1,59.64,moderate,44.62,mild,21.33,low
2,4,3,10.5,1,1,1,4,5,12,12,5,85.0,elevated,100.0,high,0.0,low
1,3,3,7.6,2,4,2,5,3,105,4,1,47.47,moderate,58.61,moderate,41.37,neutral
2,4,5,8.0,4,4,3,2,5,16,6,4,37.64,mild,52.13,moderate,69.13,good
1,5,4,6.1,2,5,2,4,2,32,11,2,41.51,mild,51.9,moderate,63.85,neutral
4,2,3,6.4,5,4,1,1,3,30,7,1,39.04,mild,10.98,low,55.33,neutral
5,5,3,8.6,3,4,3,3,1,26,1,1,48.32,moderate,37.65,mild,63.22,neutral
4,1,4,10.4,5,5,1,4,4,60,4,5,46.77,moderate,48.88,mild,60.29,neutral
3,5,4,9.5,5,5,1,2,2,116,3,5,48.63,moderate,46.57,mild,61.48,neutral
3,1,2,8.2,3,3,3,1,1,39,6,4,37.95,mild,16.29,low,55.7,neutral
2,5,3,6.9,5,1,1,3,2,88,12,5,68.55,moderate,48.02,mild,30.47,low
1,2,3,7.2,3,2,5,4,4,88,10,5,49.36,moderate,54.0,moderate,37.25,low
3,5,1,5.4,1,4,5,5,5,92,12,2,64.05,moderate,77.31,high,32.73,low
3,1,5,4.2,2,1,5,4,5,75,9,4,38.52,mild,76.15,high,60.2,neutral
1,3,3,4.8,3,1,1,4,2,89,6,3,66.36,moderate,41.33,mild,26.56,low
3,5,2,6.9,5,2,3,3,3,92,8,1,55.81,moderate,47.92,mild,55.71,neutral
2,1,4,6.3,5,5,5,5,3,82,6,3,26.11,mild,34.09,mild,71.03,good
1,2,4,4.2,1,2,3,5,4,67,0,1,57.92,moderate,70.25,high,36.34,low
4,1,5,6.7,1,5,2,5,4,11,1,4,37.39,mild,63.26,moderate,51.19,neutral
3,2,1,6.2,3,5,5,5,1,61,7,2,41.97,mild,45.07,mild,53.41,neutral
4,2,3,4.7,3,2,2,3,1,91,8,1,27.23,mild,42.14,mild,44.27,neutral
4,4,1,6.1,4,2,5,5,3,41,3,4,45.92,moderate,72.42,high,23.13,low
5,2,3,6.2,2,5,1,4,3,30,0,2,30.6,mild,42.23,mild,48.71,neutral
5,1,3,5.7,5,4,4,4,5,71,0,3,30.96,mild,71.85,high,59.55,neutral
4,1,3,8.5,3,4,1,4,5,16,4,1,43.39,mild,54.12,moderate,30.94,low
5,5,5,3.4,2,5,5,1,1,87,11,1,24.56,low,12.5,low,100.0,good
3,5,3,3.2,3,1,2,5,3,118,5,5,81.53,elevated,69.36,moderate,24.69,low
5,2,3,6.8,5,2,1,2,3,58,12,3,46.01,moderate,30.78,mild,40.88,neutral
4,1,1,7.0,2,4,5,4,3,3,11,3,39.57,mild,52.57,moderate,38.81,low
4,1,2,7.5,3,1,5,5,1,32,11,4,42.23,mild,41.95,mild,56.33,neutral
5,5,5,5.8,5,5,5,1,5,3,12,4,29.61,mild,44.6,mild,97.72,good
3,4,3,5.1,1,3,3,2,1,55,3,1,41.85,mild,8.28,low,61.92,neutral
4,4,5,6.8,3,2,1,5,5,37,12,5,62.17,moderate,84.3,high,47.34,neutral
2,2,3,6.0,4,2,2,2,5,93,12,4,51.03,moderate,50.86,moderate,35.47,low
5,4,3,9.6,5,1,1,4,5,102,10,2,48.52,moderate,60.71,moderate,47.38,neutral
4,1,3,6.2,1,3,1,3,1,52,2,2,48.44,moderate,32.0,mild,35.69,low
4,4,3,6.7,4,5,1,5,3,118,3,1,49.07,moderate,51.91,moderate,37.16,low
3,3,1,11.0,5,1,3,3,1,54,8,2,55.15,moderate,36.26,mild,40.84,neutral
5,2,1,6.4,2,3,4,3,4,14,0,2,37.9,mild,55.97,moderate,40.36,neutral
1,4,3,7.8,4,4,3,1,5,109,10,2,63.86,moderate,35.6,mild,52.34,neutral
1,4,3,8.0,3,3,2,3,3,47,5,4,57.31,moderate,56.43,moderate,44.43,neutral
3,3,3,8.1,4,4,4,3,1,107,0,2,41.64,mild,37.72,mild,73.79,good
4,1,3,7.3,2,4,2,4,2,88,3,3,29.43,mild,44.6,mild,48.28,neutral
5,1,2,7.1,1,5,3,4,1,113,5,3,30.19,mild,23.83,low,51.74,neutral
3,5,4,7.0,5,4,5,4,3,78,8,1,44.32,mild,30.06,mild,78.31,good
4,2,4,5.8,2,4,1,3,2,71,7,1,51.74,moderate,42.06,mild,44.18,neutral
3,2,1,7.4,1,2,5,1,5,28,4,1,42.6,mild,53.19,moderate,25.99,low
5,4,3,10.5,5,1,2,2,2,33,8,4,48.79,moderate,30.61,mild,47.3,neutral
4,2,4,9.0,5,1,4,3,2,39,11,4,37.82,mild,33.05,mild,59.2,neutral
3,2,4,7.3,4,1,2,5,2,37,4,1,28.33,mild,47.18,mild,47.8,neutral
5,4,2,8.3,3,5,1,4,5,71,4,4,37.08,mild,51.62,moderate,15.69,low
1,3,5,5.2,2,1,3,5,2,105,1,5,52.04,moderate,67.78,moderate,35.35,low
5,4,4,6.3,4,3,2,5,5,4,4,1,57.5,moderate,66.93,moderate,52.83,neutral
1,1,3,8.5,4,4,3,1,4,74,3,1,49.85,moderate,28.73,low,48.17,neutral
2,3,4,9.5,3,4,2,1,2,91,9,4,35.81,mild,20.67,low,57.73,neutral
5,3,5,5.4,4,1,5,3,3,53,1,2,25.08,mild,58.4,moderate,64.6,neutral
4,4,2,5.9,3,5,4,2,1,33,7,2,48.83,moderate,6.85,low,57.6,neutral
5,1,1,10.7,5,3,5,5,5,52,10,3,36.09,mild,72.24,high,48.68,neutral
4,1,3,7.0,4,1,4,3,5,100,3,1,33.04,mild,66.44,moderate,49.73,neutral
4,4,1,10.1,2,1,4,1,2,110,0,3,66.35,moderate,43.06,mild,41.87,neutral
2,4,5,7.2,4,5,1,2,1,82,8,2,46.52,moderate,23.61,low,62.18,neutral
1,5,5,7.2,2,5,3,2,3,58,7,5,59.89,moderate,33.81,mild,58.17,neutral
1,2,4,6.3,2,4,5,1,4,78,7,4,27.22,mild,41.52,mild,75.74,good
2,5,5,8.5,5,2,1,2,4,81,11,2,43.65,mild,38.63,mild,54.45,neutral
1,2,1,9.2,3,5,3,3,1,92,1,4,55.89,moderate,59.14,moderate,51.68,neutral
3,4,4,4.9,1,2,1,5,1,17,2,3,63.92,moderate,61.19,moderate,31.02,low
4,1,3,6.2,2,2,4,4,2,9,6,3,31.02,mild,59.07,moderate,52.14,neutral
5,5,2,8.4,5,4,5,1,4,41,7,4,37.99,mild,41.98,mild,46.34,neutral
3,2,2,6.6,4,2,1,3,2,31,11,2,52.14,moderate,36.81,mild,45.96,neutral
5,5,3,5.9,5,3,5,4,5,74,8,3,60.53,moderate,71.79,high,58.61,neutral
5,2,4,8.6,3,4,2,2,2,63,2,3,29.55,mild,14.62,low,48.76,neutral
5,4,1,8.8,1,1,5,3,5,111,11,4,54.14,moderate,83.3,high,18.25,low
3,3,4,6.0,1,5,1,5,5,94,5,2,53.58,moderate,79.02,high,35.39,low
2,1,5,7.2,1,1,1,1,4,17,11,5,57.61,moderate,71.7,high,33.62,low
5,1,1,4.6,4,5,4,3,1,102,3,2,37.18,mild,12.25,low,61.88,neutral
2,4,5,5.2,4,2,4,4,1,93,10,1,44.42,mild,23.85,low,64.46,neutral
3,1,4,7.0,3,3,1,4,1,46,6,3,29.83,mild,27.22,low,55.47,neutral
1,2,2,6.9,4,2,1,5,4,7,7,2,67.15,moderate,67.27,moderate,24.06,low
4,3,4,5.1,3,3,2,2,4,96,12,3,58.57,moderate,57.6,moderate,45.41,neutral
4,2,4,5.5,4,1,1,3,5,23,2,5,41.42,mild,64.01,moderate,32.44,low
1,1,4,4.9,4,1,4,5,5,26,4,1,48.82,moderate,91.85,high,57.55,neutral
2,4,1,7.6,3,3,4,5,2,56,2,1,62.87,moderate,46.76,mild,44.23,neutral
3,4,1,3.3,4,4,4,5,2,9,10,2,57.57,moderate,48.08,mild,46.66,neutral
3,4,4,5.0,2,5,3,4,4,48,11,3,48.9,moderate,60.08,moderate,52.91,neutral
5,5,2,3.4,4,5,4,2,4,29,10,1,50.04,moderate,49.16,mild,72.25,good
2,1,2,7.6,5,5,3,2,2,6,3,4,34.49,mild,24.68,low,70.69,good
5,3,3,3.6,2,4,4,4,1,109,3,4,34.05,mild,62.94,moderate,60.18,neutral
3,2,4,6.9,4,4,3,2,1,31,5,4,29.26,mild,10.14,low,70.69,good
5,5,1,9.8,1,2,4,4,5,65,10,3,69.8,moderate,68.68,moderate,43.01,neutral
2,3,5,9.8,2,5,4,3,2,98,9,5,38.18,mild,38.43,mild,75.21,good
1,1,3,3.5,4,5,4,3,4,58,12,4,38.4,mild,58.59,moderate,64.69,neutral
1,4,1,7.3,2,3,5,2,5,35,10,5,58.39,moderate,62.0,moderate,37.13,low
2,1,1,5.0,2,1,2,4,5,89,12,1,52.04,moderate,88.38,high,19.1,low
5,2,5,4.7,2,1,5,3,3,83,3,4,45.18,moderate,59.94,moderate,36.39,low
1,4,1,6.6,1,3,1,2,4,1,7,2,61.53,moderate,65.34,moderate,27.22,low
2,3,3,9.0,4,4,3,2,1,99,6,1,38.3,mild,7.69,low,56.83,neutral
1,4,4,7.9,1,3,3,3,5,14,1,1,57.5,moderate,76.36,high,40.01,neutral
5,3,3,5.5,2,5,5,4,5,89,12,1,34.04,mild,76.38,high,49.05,neutral
4,5,2,8.1,2,3,1,5,2,12,1,1,70.4,elevated,43.98,mild,24.36,low
4,3,1,2.8,5,4,2,2,2,7,11,3,47.1,moderate,33.91,mild,45.28,neutral
4,1,4,5.4,5,4,3,1,4,14,3,4,24.16,low,40.64,mild,74.86,good
4,1,3,5.3,1,5,5,5,3,89,2,3,30.67,mild,67.56,moderate,67.31,good
4,4,1,6.9,1,4,3,1,4,54,7,1,52.05,moderate,55.63,moderate,52.28,neutral
1,1,1,6.4,4,3,4,5,1,72,6,4,50.51,moderate,50.21,moderate,48.07,neutral
5,2,3,6.5,2,1,1,1,2,33,5,1,47.09,moderate,38.4,mild,34.25,low
4,1,1,6.5,4,4,5,2,4,14,11,5,32.83,mild,54.25,moderate,59.24,neutral
4,2,2,6.8,5,1,4,5,5,95,9,2,42.98,mild,58.32,moderate,35.67,low
2,3,1,7.8,1,2,1,1,1,100,7,1,51.71,moderate,25.17,low,18.02,low
5,1,4,7.1,5,3,4,1,4,101,10,2,19.48,low,23.3,low,69.06,good
2,3,4,6.3,1,1,1,4,1,7,10,5,52.64,moderate,56.47,moderate,30.23,low
1,5,4,7.5,2,4,3,1,5,111,2,5,72.6,elevated,67.05,moderate,35.47,low
5,1,1,8.3,3,2,4,1,2,65,5,3,29.66,mild,31.36,mild,53.79,neutral
2,1,2,5.8,5,3,5,4,2,23,11,5,42.01,mild,20.97,low,62.92,neutral
1,2,2,6.7,3,2,1,5,4,24,10,2,63.62,moderate,57.5,moderate,30.64,low
4,5,4,8.9,1,2,2,4,5,60,0,3,68.99,moderate,86.22,high,19.69,low
2,3,5,4.8,2,2,4,5,3,73,3,3,45.87,moderate,63.95,moderate,51.43,neutral
5,4,2,10.0,4,1,2,3,2,5,3,2,52.55,moderate,49.0,mild,32.77,low
3,1,4,4.4,3,1,4,4,5,60,6,2,64.83,moderate,65.65,moderate,47.13,neutral
1,4,3,6.2,1,4,1,5,5,29,10,3,84.29,elevated,83.75,high,25.98,low
5,1,5,5.1,3,1,1,3,3,111,6,4,39.54,mild,62.65,moderate,49.71,neutral
3,4,1,10.7,3,3,3,1,1,74,2,3,49.58,moderate,31.8,mild,46.79,neutral
2,1,5,5.9,1,1,4,2,5,44,7,1,24.56,low,62.45,moderate,45.82,neutral
4,5,3,5.9,2,3,2,4,4,51,2,3,58.23,moderate,73.36,high,53.75,neutral
3,2,2,6.1,5,4,5,5,3,101,8,5,39.48,mild,67.05,moderate,58.38,neutral
1,1,1,7.0,4,3,5,4,1,83,12,1,31.82,mild,6.93,low,51.0,neutral
4,2,5,6.2,1,4,1,3,5,46,8,5,44.91,mild,74.78,high,24.67,low
3,1,5,6.6,1,2,2,2,4,101,11,1,42.23,mild,39.84,mild,47.72,neutral
4,1,1,2.5,2,3,3,4,2,75,7,1,36.75,mild,42.76,mild,42.28,neutral
5,3,3,6.9,3,2,3,5,2,7,10,1,42.41,mild,41.06,mild,38.63,low
4,2,4,6.8,3,3,2,2,2,76,12,2,30.17,mild,30.65,mild,61.25,neutral
4,2,3,8.7,4,1,3,3,5,113,2,2,38.26,mild,67.03,moderate,43.42,neutral
2,5,1,9.2,1,2,5,3,3,104,8,5,81.67,elevated,73.17,high,20.06,low
2,1,2,6.5,1,4,2,2,5,5,3,3,57.75,moderate,65.65,moderate,35.76,low
3,2,2,8.3,4,4,2,3,4,106,1,4,39.64,mild,56.98,moderate,40.13,neutral
5,1,2,4.8,5,2,4,1,2,118,3,5,34.54,mild,22.09,low,47.99,neutral
3,3,5,8.2,1,2,3,3,3,19,1,1,34.04,mild,62.75,moderate,60.91,neutral
2,2,2,5.8,2,2,4,1,5,77,2,2,46.12,moderate,28.86,low,48.75,neutral
4,1,4,4.7,4,2,4,3,3,91,0,5,47.24,moderate,68.72,moderate,50.32,neutral
5,1,5,6.5,1,5,4,5,4,5,12,4,34.68,mild,83.4,high,62.6,neutral
5,5,4,9.3,5,4,4,1,1,100,5,1,31.37,mild,12.95,low,86.13,good
2,1,4,7.1,2,2,4,2,3,47,2,2,43.68,mild,65.77,moderate,56.46,neutral
4,4,1,9.5,3,3,3,4,3,36,4,2,60.03,moderate,36.32,mild,32.87,low
3,5,1,5.5,2,3,3,5,2,31,9,1,59.82,moderate,58.57,moderate,33.81,low
3,3,4,8.7,4,3,2,5,5,61,8,3,59.16,moderate,72.35,high,53.76,neutral
2,2,4,5.6,1,2,3,1,2,96,0,4,32.36,mild,46.07,mild,52.52,neutral
1,4,4,7.2,1,5,4,2,5,99,1,2,47.73,moderate,46.06,mild,43.83,neutral
2,5,3,7.2,3,2,4,5,1,27,7,2,52.84,moderate,45.59,mild,37.35,low
3,1,3,8.0,5,3,4,3,3,100,12,3,33.49,mild,42.02,mild,48.64,neutral
5,5,1,7.3,4,1,2,5,3,99,0,5,60.24,moderate,58.15,moderate,11.63,low
5,5,2,5.5,4,3,4,1,2,7,11,4,31.32,mild,28.44,low,51.96,neutral
1,1,3,8.4,3,5,3,1,3,37,0,5,23.0,low,23.77,low,54.88,neutral
4,1,1,9.9,1,5,2,2,5,1,6,3,48.14,moderate,59.21,moderate,27.73,low
1,4,1,5.7,3,3,1,1,3,119,2,1,58.08,moderate,41.85,mild,32.23,low
4,1,1,3.5,5,1,2,5,3,57,5,1,41.31,mild,65.94,moderate,31.11,low
2,4,2,7.7,4,4,4,5,5,32,12,1,44.83,mild,68.27,moderate,60.15,neutral
3,1,5,6.2,4,4,2,2,5,108,2,3,35.61,mild,60.45,moderate,48.09,neutral
4,4,4,6.6,2,5,1,1,1,82,8,2,46.67,moderate,24.86,low,61.17,neutral
3,2,5,7.8,3,3,2,1,4,113,4,2,35.69,mild,35.24,mild,61.88,neutral
5,1,2,6.0,4,1,5,2,5,96,8,5,48.11,moderate,69.22,moderate,35.4,low
3,1,3,6.3,4,5,1,4,5,115,0,1,37.32,mild,64.41,moderate,50.52,neutral
5,1,5,6.6,5,4,1,5,5,26,3,1,34.65,mild,46.18,mild,60.23,neutral
4,3,2,9.4,4,5,3,3,1,24,12,2,45.99,moderate,8.41,low,61.15,neutral
2,1,4,6.9,2,1,2,5,4,9,9,4,51.22,moderate,65.6,moderate,12.66,low
4,5,4,4.6,2,3,5,5,5,41,12,5,62.15,moderate,71.09,high,59.96,neutral
3,4,5,4.6,4,3,2,4,3,66,8,2,46.45,moderate,40.7,mild,62.31,neutral
3,2,5,7.1,5,2,3,1,1,68,2,2,28.78,mild,7.48,low,79.73,good
1,5,4,4.8,5,5,2,5,1,81,6,3,61.92,moderate,45.41,mild,40.62,neutral
1,4,3,4.0,4,1,2,5,2,88,11,5,71.59,elevated,58.28,moderate,33.25,low
3,4,5,7.9,3,1,2,3,5,98,8,1,50.05,moderate,50.06,moderate,35.53,low
1,1,4,8.0,5,2,2,3,1,62,6,5,24.81,low,32.38,mild,67.85,good
5,4,2,6.1,5,5,4,4,4,33,11,5,43.47,mild,51.29,moderate,49.16,neutral
5,3,4,7.3,1,1,4,3,1,53,1,2,34.56,mild,34.82,mild,64.33,neutral
4,5,3,7.1,2,3,1,2,5,105,12,4,62.28,moderate,58.41,moderate,38.12,low
4,3,2,7.9,2,1,3,4,1,98,1,4,49.72,moderate,58.31,moderate,36.02,low
3,4,3,7.9,3,2,2,4,2,110,12,1,61.72,moderate,29.52,low,53.08,neutral
1,2,4,2.5,2,3,5,1,1,65,10,3,35.93,mild,16.01,low,64.19,neutral
2,1,5,6.4,2,1,1,4,3,94,6,2,33.04,mild,65.16,moderate,33.38,low
3,1,3,7.7,1,2,3,1,4,49,6,1,28.5,mild,43.83,mild,49.13,neutral
5,5,1,6.1,1,3,2,3,3,0,0,3,57.84,moderate,70.46,high,16.48,low
2,4,5,6.9,3,1,2,1,3,90,4,4,59.94,moderate,43.18,mild,41.14,neutral
3,2,3,8.2,5,3,5,5,4,10,2,3,29.78,mild,57.34,moderate,60.43,neutral
2,4,2,6.9,2,4,3,4,3,76,9,1,44.27,mild,55.65,moderate,37.19,low
1,1,4,9.5,2,2,2,3,4,120,2,5,57.66,moderate,54.51,moderate,52.92,neutral
1,1,2,8.8,2,1,5,3,2,3,10,1,50.58,moderate,48.35,mild,54.45,neutral
2,3,2,6.6,5,3,4,4,1,88,3,2,29.01,mild,23.31,low,57.14,neutral
1,4,5,6.4,4,4,1,1,1,105,11,3,28.27,mild,23.2,low,59.74,neutral
1,5,5,2.5,4,1,3,3,1,75,4,5,56.91,moderate,39.18,mild,64.21,neutral
2,4,3,6.2,1,2,3,4,1,83,9,4,62.65,moderate,52.9,moderate,49.75,neutral
2,2,2,4.4,5,5,3,2,1,109,8,1,34.78,mild,7.78,low,70.83,good
3,5,5,7.2,1,2,2,3,1,94,12,3,44.67,mild,45.25,mild,42.64,neutral
1,3,1,7.1,5,2,5,2,1,4,6,5,52.65,moderate,22.95,low,45.51,neutral
2,5,4,8.1,5,4,5,1,4,93,4,2,43.28,mild,32.93,mild,78.23,good
3,1,3,9.3,3,3,1,5,2,91,8,5,44.64,mild,72.98,high,38.03,low
5,1,5,6.8,5,2,5,3,3,27,0,3,7.74,low,39.67,mild,73.99,good
4,1,3,10.9,5,4,5,2,1,79,12,4,16.89,low,25.67,low,86.31,good
5,5,5,7.2,3,1,2,2,5,101,8,4,67.82,moderate,86.11,high,49.22,neutral
2,1,1,4.4,4,4,3,4,2,102,0,5,45.35,moderate,50.52,moderate,45.4,neutral
3,5,4,5.8,3,2,1,1,3,105,2,4,50.77,moderate,21.61,low,47.81,neutral
3,4,1,6.1,3,5,2,3,4,94,0,3,54.45,moderate,44.49,mild,25.89,low
5,1,4,7.9,2,4,2,2,5,14,8,3,33.29,mild,47.38,mild,43.26,neutral
5,5,1,5.1,4,5,5,5,4,58,8,4,60.65,moderate,70.06,high,44.43,neutral
5,1,5,6.3,2,1,1,4,3,28,2,3,44.49,mild,62.79,moderate,41.33,neutral
4,1,4,6.5,1,1,2,4,2,8,7,1,33.46,mild,63.85,moderate,30.3,low
3,3,1,6.0,2,5,3,1,2,31,6,5,56.71,moderate,38.17,mild,45.16,neutral
3,2,5,8.3,1,2,5,1,1,110,6,2,34.75,mild,34.39,mild,70.18,good
5,2,2,8.0,5,5,5,3,2,72,8,4,19.3,low,16.38,low,76.3,good
2,1,3,8.9,2,4,5,2,4,92,11,3,35.84,mild,56.53,moderate,50.43,neutral
2,4,1,6.2,4,3,2,4,2,60,11,1,59.94,moderate,49.11,mild,42.86,neutral
5,1,1,9.0,3,1,2,4,2,43,2,5,54.08,moderate,44.14,mild,14.19,low
2,2,2,4.3,2,1,3,2,1,58,12,1,35.71,mild,32.33,mild,33.79,low
2,3,3,4.3,2,4,2,1,2,119,7,5,52.17,moderate,41.88,mild,46.61,neutral
3,3,3,4.6,5,1,1,2,1,34,2,5,50.35,moderate,33.54,mild,53.3,neutral
2,4,5,6.8,3,1,5,3,3,37,12,3,42.49,mild,66.17,moderate,59.27,neutral
5,2,1,9.0,3,2,1,2,2,102,4,5,41.18,mild,49.72,mild,10.28,low
5,4,4,5.7,4,5,1,2,5,44,5,5,55.89,moderate,58.35,moderate,43.44,neutral
2,4,1,5.9,5,4,5,2,3,109,12,5,54.08,moderate,44.7,mild,56.42,neutral
3,2,2,6.4,4,4,4,1,2,117,7,4,49.55,moderate,31.33,mild,76.7,good
5,2,1,7.8,3,4,4,4,3,7,1,5,36.66,mild,54.4,moderate,45.61,neutral
4,3,1,5.9,5,3,1,5,5,80,0,4,60.8,moderate,67.15,moderate,18.72,low
2,3,3,5.8,5,2,2,5,1,11,10,5,53.96,moderate,52.94,moderate,46.62,neutral
3,1,5,4.4,5,3,2,5,2,106,4,1,40.26,mild,34.82,mild,79.07,good
4,3,4,5.8,1,3,4,4,3,13,1,3,58.0,moderate,61.87,moderate,50.08,neutral
4,1,5,8.9,5,5,3,4,1,107,0,3,20.01,low,13.58,low,79.42,good
1,3,3,7.0,1,5,2,1,3,93,12,5,42.35,mild,49.47,mild,41.76,neutral
2,5,1,5.5,4,4,4,2,1,64,7,3,46.01,moderate,32.15,mild,63.07,neutral
5,3,2,9.0,4,5,4,4,5,25,6,3,44.13,mild,51.75,moderate,49.8,neutral
2,4,5,5.7,2,5,4,5,4,32,7,4,61.73,moderate,67.31,moderate,71.23,good
2,2,1,9.4,1,4,1,5,1,52,5,4,45.6,moderate,47.56,mild,31.0,low
2,5,1,9.3,5,5,4,4,3,102,12,3,46.39,moderate,50.38,moderate,61.66,neutral
1,5,5,6.9,5,1,2,1,2,108,7,5,58.89,moderate,43.82,mild,59.21,neutral
1,5,1,4.1,1,1,2,5,3,60,8,5,76.21,elevated,77.73,high,0.0,low
2,4,5,10.9,4,3,5,2,3,28,11,4,38.26,mild,17.22,low,76.21,good
5,4,4,7.5,1,1,3,1,5,68,0,5,61.49,moderate,80.38,high,31.4,low
1,3,4,6.2,3,2,4,4,1,100,4,1,42.57,mild,36.22,mild,57.52,neutral
2,5,3,8.5,2,1,2,1,3,65,10,3,59.34,moderate,47.22,mild,34.59,low
1,5,1,8.1,4,5,5,2,5,107,1,1,67.43,moderate,51.24,moderate,63.08,neutral
3,3,3,9.2,3,4,2,4,1,1,4,4,38.37,mild,34.75,mild,45.27,neutral
2,1,5,5.6,3,1,1,5,2,60,2,1,34.01,mild,47.71,mild,34.5,low
4,1,5,7.4,4,4,2,5,4,5,9,3,44.66,mild,54.98,moderate,51.08,neutral
3,2,3,4.7,3,4,1,1,1,74,10,4,41.34,mild,27.88,low,63.52,neutral
4,1,5,8.0,1,2,3,1,2,74,3,4,35.2,mild,49.3,mild,59.89,neutral
4,2,4,6.8,3,5,1,5,5,37,8,1,38.07,mild,77.94,high,39.09,low
3,1,1,7.3,4,5,2,2,3,96,9,3,32.84,mild,34.49,mild,55.56,neutral
5,5,4,6.5,3,5,4,1,1,115,11,4,26.84,mild,15.98,low,74.58,good
3,1,4,6.3,1,1,1,3,5,55,12,5,56.21,moderate,91.11,high,40.47,neutral
5,4,3,5.2,1,3,3,4,3,52,5,5,62.21,moderate,59.85,moderate,39.85,low
5,2,4,8.2,2,4,4,5,3,23,1,5,39.22,mild,77.02,high,60.02,neutral
3,1,5,9.5,4,3,3,3,5,3,9,2,45.08,moderate,60.96,moderate,69.45,good
4,4,3,5.8,2,3,1,4,2,49,7,4,60.08,moderate,50.96,moderate,46.39,neutral
2,5,2,7.8,5,2,1,3,2,53,5,1,47.48,moderate,19.82,low,38.49,low
5,4,5,7.6,2,3,5,5,3,92,7,2,35.81,mild,64.32,moderate,78.45,good
4,5,5,6.8,3,4,4,3,2,104,8,2,34.22,mild,31.22,mild,70.51,good
5,3,4,4.1,4,1,2,4,1,13,3,3,50.93,moderate,42.7,mild,47.61,neutral
2,4,4,4.5,4,4,5,5,1,18,4,5,52.76,moderate,29.29,low,74.07,good
4,1,1,5.4,1,4,1,5,2,67,4,5,51.89,moderate,58.82,moderate,26.11,low
3,5,3,2.9,1,1,1,3,1,45,6,5,80.31,elevated,51.88,moderate,23.36,low
1,4,1,9.3,1,4,5,3,3,84,8,5,48.07,moderate,62.97,moderate,54.96,neutral
1,2,3,7.5,5,3,4,3,5,39,0,1,37.57,mild,46.59,mild,71.61,good
3,2,5,6.7,1,2,3,1,2,50,3,5,35.03,mild,20.58,low,54.57,neutral
2,4,2,2.9,1,3,2,2,1,53,9,5,66.76,moderate,41.76,mild,26.77,low
1,1,5,3.5,4,3,5,4,1,72,0,4,41.71,mild,28.02,low,87.51,good
3,5,1,6.8,4,2,4,1,1,8,10,1,46.95,moderate,4.86,low,37.48,low
4,2,1,10.3,5,4,3,4,3,106,9,4,33.2,mild,57.01,moderate,52.18,neutral
2,1,5,5.5,2,4,2,3,3,41,4,4,43.65,mild,37.85,mild,48.91,neutral
5,2,1,8.4,4,2,2,3,3,25,8,1,40.72,mild,44.25,mild,44.8,neutral
4,5,4,5.9,1,3,3,5,4,77,6,2,47.76,moderate,68.78,moderate,32.41,low
3,2,4,6.9,3,4,4,2,2,16,3,4,30.07,mild,26.77,low,63.2,neutral
5,3,2,9.0,1,3,5,4,4,71,1,1,48.98,moderate,56.35,moderate,48.51,neutral
3,5,1,6.2,5,3,3,4,5,7,12,2,76.01,elevated,62.19,moderate,44.81,neutral
1,1,2,5.6,3,5,2,5,1,31,11,4,35.76,mild,44.76,mild,40.99,neutral
1,4,1,9.4,2,5,3,5,1,87,11,5,68.04,moderate,31.85,mild,37.34,low
5,2,4,6.9,5,2,3,3,2,44,1,2,18.37,low,41.92,mild,71.87,good
5,4,5,8.8,1,4,2,2,1,108,12,1,23.97,low,16.13,low,70.05,good
4,1,5,5.6,4,5,1,4,5,43,8,5,27.78,mild,69.38,moderate,50.94,neutral
1,1,5,9.3,3,1,2,5,5,83,6,5,61.54,moderate,76.57,high,33.64,low
2,4,4,7.3,4,3,1,2,3,3,4,5,54.33,moderate,37.72,mild,37.55,low
1,5,5,7.6,2,4,1,2,1,118,3,3,49.35,moderate,14.17,low,60.03,neutral
1,5,4,7.0,5,1,5,3,5,74,4,4,63.22,moderate,58.63,moderate,68.0,good
2,4,4,5.9,3,2,4,1,5,85,2,1,52.28,moderate,50.04,moderate,60.21,neutral
3,3,5,6.8,3,4,1,2,3,39,10,4,41.94,mild,30.9,mild,48.35,neutral
1,1,2,6.0,3,5,2,1,4,34,12,4,41.66,mild,45.0,mild,59.79,neutral
5,2,3,8.5,2,5,2,4,4,52,12,4,32.0,mild,65.79,moderate,25.67,low
3,4,5,6.4,2,4,5,3,3,30,11,4,55.72,moderate,75.81,high,79.03,good
2,2,2,4.1,1,1,3,4,2,2,1,5,75.31,elevated,76.9,high,28.23,low
3,3,2,3.8,3,1,2,1,2,80,9,4,67.69,moderate,52.67,moderate,39.25,low
4,1,1,3.7,3,5,4,3,2,86,11,1,29.13,mild,17.83,low,49.21,neutral
2,3,2,7.9,2,4,3,4,2,81,6,4,45.13,moderate,30.08,mild,41.78,neutral
1,2,3,4.7,5,1,1,4,4,67,7,4,56.91,moderate,62.3,moderate,36.35,low
1,1,5,7.3,1,1,2,4,5,63,4,3,61.49,moderate,97.94,high,34.06,low
5,1,1,7.0,5,1,1,1,1,119,10,4,30.86,mild,42.66,mild,19.9,low
1,3,4,6.7,5,5,4,3,1,63,9,1,26.43,mild,6.23,low,98.45,good
4,2,4,7.6,1,4,5,3,3,85,8,2,32.88,mild,43.4,mild,69.45,good
2,1,5,7.1,4,5,5,5,4,50,0,5,26.9,mild,65.61,moderate,76.78,good
4,3,4,2.5,2,1,2,4,3,4,12,1,45.31,moderate,62.73,moderate,40.79,neutral
1,1,1,6.2,1,4,3,5,5,42,6,5,62.62,moderate,83.76,high,35.72,low
5,1,3,7.6,5,5,1,1,4,87,12,2,17.84,low,32.39,mild,50.81,neutral
4,1,5,9.8,1,3,2,3,4,76,8,4,40.75,mild,93.03,high,37.5,low
3,3,5,9.8,2,4,1,4,3,83,6,2,26.83,mild,65.83,moderate,57.55,neutral
2,5,4,4.3,1,4,4,1,1,90,9,1,41.47,mild,41.51,mild,72.2,good
5,2,5,6.2,1,1,5,4,1,26,3,4,34.13,mild,37.71,mild,51.92,neutral
2,2,4,4.0,1,3,1,2,4,98,5,4,45.35,moderate,74.9,high,43.96,neutral
3,2,1,9.5,5,2,4,1,2,86,0,1,24.99,low,12.01,low,58.11,neutral
2,2,5,8.6,1,1,3,4,4,37,9,2,50.25,moderate,88.04,high,36.82,low
2,4,1,7.4,4,3,3,3,2,60,4,2,56.28,moderate,43.89,mild,49.17,neutral
3,2,2,7.1,1,5,4,3,1,103,1,5,31.66,mild,43.15,mild,53.98,neutral
1,4,2,9.3,5,1,4,2,4,20,10,2,56.1,moderate,40.51,mild,49.55,neutral
1,5,4,9.0,5,2,2,4,5,36,3,1,62.57,moderate,55.81,moderate,53.82,neutral
2,5,1,8.9,4,4,4,4,3,23,2,5,50.96,moderate,48.36,mild,51.51,neutral
1,3,4,7.6,5,2,4,4,1,36,1,1,47.84,moderate,32.54,mild,79.06,good
3,4,5,6.2,2,1,2,4,3,24,7,3,54.38,moderate,67.45,moderate,44.61,neutral
5,5,4,8.2,4,1,4,4,5,97,4,1,48.63,moderate,78.52,high,51.84,neutral
1,4,2,8.3,2,1,4,1,2,119,7,2,57.51,moderate,50.42,moderate,46.91,neutral
1,2,5,6.5,4,5,1,1,1,117,4,4,20.69,low,5.67,low,79.78,good
1,1,2,6.2,5,3,1,5,4,43,9,1,56.25,moderate,58.59,moderate,42.29,neutral
3,1,4,8.8,4,5,2,2,2,112,4,4,36.49,mild,31.48,mild,62.64,neutral
2,5,3,9.8,2,4,1,3,1,9,10,3,61.64,moderate,34.23,mild,44.2,neutral
3,3,1,5.5,4,2,3,2,4,13,6,4,59.54,moderate,62.03,moderate,49.08,neutral
1,2,1,6.3,5,5,3,5,2,39,0,1,41.46,mild,36.55,mild,60.49,neutral
2,2,1,7.4,5,2,4,5,1,34,5,2,47.58,moderate,28.51,low,51.21,neutral
3,2,5,7.7,4,1,1,3,1,111,3,1,27.26,mild,26.08,low,64.62,neutral
3,5,5,5.9,4,5,3,4,1,91,6,5,44.25,mild,30.2,mild,70.41,good
3,4,3,10.2,4,3,4,3,1,91,1,5,48.62,moderate,29.25,low,64.63,neutral
4,5,5,7.6,4,3,3,4,1,97,9,3,38.66,mild,30.91,mild,84.75,good
3,2,1,7.8,1,3,5,5,2,87,8,3,53.72,moderate,45.86,mild,44.73,neutral
5,3,5,10.0,5,5,2,4,5,61,1,1,54.71,moderate,57.21,moderate,81.22,good
3,1,2,6.0,1,2,3,1,2,7,12,5,42.85,mild,58.3,moderate,34.83,low
2,5,1,6.6,3,5,1,3,1,1,4,4,64.11,moderate,28.55,low,33.94,low
2,3,4,4.5,2,5,3,5,5,118,2,1,49.15,moderate,79.85,high,63.03,neutral
2,3,2,6.5,2,4,1,1,4,60,0,3,63.38,moderate,47.18,mild,18.87,low
3,3,2,4.1,2,1,5,2,5,115,3,1,53.07,moderate,58.35,moderate,43.94,neutral
2,2,4,8.1,1,1,2,2,3,3,0,3,76.54,elevated,73.63,high,45.25,neutral
5,5,2,7.6,3,1,5,4,3,76,6,4,39.06,mild,38.38,mild,48.75,neutral
3,3,4,6.3,3,4,1,1,3,34,7,2,57.6,moderate,31.73,mild,36.93,low
5,4,1,6.6,3,2,2,4,1,44,4,3,57.88,moderate,33.18,mild,20.73,low
4,1,1,8.2,1,5,1,1,2,79,11,4,27.83,mild,46.98,mild,29.83,low
2,2,2,4.8,4,1,2,5,3,59,12,1,73.56,elevated,60.74,moderate,37.55,low
2,5,4,7.2,1,2,4,2,2,16,3,1,45.09,moderate,62.03,moderate,60.86,neutral
4,1,2,8.1,5,2,3,3,5,120,8,3,35.32,mild,58.39,moderate,42.95,neutral
2,1,1,3.6,1,5,4,4,5,86,5,3,45.74,moderate,69.59,moderate,41.59,neutral
2,5,4,8.0,1,1,5,2,3,43,3,2,54.84,moderate,37.5,mild,58.25,neutral
5,2,3,3.8,2,3,1,1,4,75,2,3,46.7,moderate,63.54,moderate,34.97,low
3,2,3,6.6,3,5,3,5,2,18,6,1,43.04,mild,32.09,mild,63.3,neutral
1,3,2,4.7,5,5,3,1,5,51,1,4,73.38,elevated,40.7,mild,51.32,neutral
3,1,1,9.4,3,5,3,3,4,51,8,4,38.87,mild,64.93,moderate,46.34,neutral
3,1,1,4.7,2,4,1,1,4,45,11,2,24.95,low,55.96,moderate,21.72,low
5,1,4,3.8,5,1,2,4,3,58,4,4,44.61,mild,53.09,moderate,52.15,neutral
4,1,1,7.0,2,1,2,2,5,110,7,2,42.71,mild,60.8,moderate,22.2,low
1,1,2,6.1,5,3,4,5,3,0,12,2,57.81,moderate,33.18,mild,52.61,neutral
1,4,5,4.1,3,3,5,2,5,66,9,2,53.78,moderate,41.54,mild,76.58,good
4,2,2,7.7,2,3,2,4,4,113,5,5,43.82,mild,75.73,high,39.84,low
1,1,4,3.2,2,1,3,1,3,107,11,3,41.45,mild,60.51,moderate,40.09,neutral
2,1,2,4.9,1,4,2,1,2,108,0,4,50.91,moderate,42.34,mild,46.38,neutral
1,3,5,5.8,4,2,1,2,5,49,7,2,51.58,moderate,57.71,moderate,58.44,neutral
1,5,5,8.2,3,1,2,5,1,68,3,5,74.7,elevated,46.89,mild,46.84,neutral
5,2,3,9.1,4,5,2,5,1,71,2,4,31.52,mild,49.56,mild,62.66,neutral
1,1,4,8.8,4,2,1,4,1,101,6,1,50.66,moderate,15.75,low,49.21,neutral
1,2,3,6.5,1,2,4,2,1,115,9,2,31.68,mild,30.56,mild,61.8,neutral
5,3,5,2.5,5,3,2,2,2,30,9,3,21.84,low,33.95,mild,47.34,neutral
1,1,2,7.5,3,5,2,2,3,15,9,3,46.08,moderate,34.5,mild,59.06,neutral
5,5,5,9.4,4,5,2,2,2,32,3,5,37.16,mild,30.86,mild,61.35,neutral
1,4,4,9.0,1,1,5,3,3,31,5,3,56.92,moderate,57.99,moderate,52.47,neutral
1,2,4,7.6,4,4,4,4,3,36,1,3,31.27,mild,49.55,mild,61.24,neutral
1,5,2,4.7,4,4,3,2,3,110,8,2,51.04,moderate,25.04,low,66.47,good
4,2,5,5.9,2,5,5,1,1,26,10,5,27.84,mild,23.55,low,81.17,good
4,1,4,10.3,5,5,1,3,3,51,6,4,32.52,mild,43.36,mild,55.16,neutral
3,5,5,4.2,4,4,2,2,2,43,4,4,41.55,mild,30.87,mild,76.71,good
2,5,5,4.7,5,4,3,3,3,32,4,4,58.5,moderate,42.52,mild,78.86,good
1,2,1,8.5,5,2,3,4,1,23,8,4,57.82,moderate,36.72,mild,41.08,neutral
3,3,5,6.0,2,5,4,5,5,120,8,4,46.21,moderate,60.32,moderate,53.82,neutral
2,1,5,4.7,5,5,4,3,4,75,6,2,38.2,mild,27.47,low,73.24,good
3,4,2,9.6,4,5,3,5,2,12,3,3,43.75,mild,43.94,mild,64.45,neutral
4,4,5,7.6,1,5,5,2,2,79,5,1,34.29,mild,24.2,low,83.1,good
5,4,3,6.1,4,4,5,4,2,73,4,2,36.61,mild,31.56,mild,72.14,good
3,3,2,4.7,3,5,3,5,5,43,1,2,50.04,moderate,74.6,high,47.94,neutral
1,4,2,10.5,5,4,5,2,4,95,5,2,69.29,moderate,31.43,mild,51.41,neutral
2,3,2,6.8,1,2,4,4,3,97,11,3,57.67,moderate,42.03,mild,33.15,low
5,5,1,9.3,2,1,1,3,4,95,7,3,62.77,moderate,82.11,high,10.12,low
3,1,4,8.4,2,5,1,5,1,77,1,3,35.56,mild,51.49,moderate,58.1,neutral
4,3,4,5.9,3,3,1,2,5,53,11,5,43.85,mild,75.12,high,27.75,low
3,3,4,5.9,4,5,2,5,3,25,2,2,35.15,mild,37.26,mild,68.43,good
1,3,3,9.4,2,2,2,4,2,5,7,1,53.78,moderate,48.18,mild,54.36,neutral
5,1,2,9.4,4,2,1,4,4,111,7,4,41.17,mild,52.96,moderate,13.75,low
4,2,4,3.4,1,5,4,1,1,101,9,2,23.93,low,25.25,low,71.13,good
5,5,5,7.8,2,3,3,1,3,24,9,5,53.38,moderate,41.4,mild,63.49,neutral
5,1,1,6.6,4,4,4,4,5,97,3,4,32.27,mild,54.9,moderate,49.73,neutral
2,4,2,4.9,2,2,3,3,4,5,10,2,57.97,moderate,67.65,moderate,17.43,low
2,4,5,7.3,3,4,2,2,1,28,7,3,30.41,mild,19.53,low,70.2,good
2,3,5,4.4,4,3,4,5,3,18,4,5,41.03,mild,79.02,high,64.25,neutral
5,1,5,6.0,2,5,5,3,4,41,1,5,34.95,mild,60.44,moderate,69.73,good
3,1,1,5.4,5,3,2,3,3,38,7,2,42.48,mild,16.3,low,57.8,neutral
3,2,3,5.9,5,1,2,2,2,62,6,1,43.53,mild,12.04,low,50.03,neutral
5,1,1,6.7,5,4,3,5,4,55,6,1,41.13,mild,69.28,moderate,49.35,neutral
4,1,5,5.0,3,5,5,2,3,13,8,5,22.34,low,40.71,mild,79.29,good
5,1,3,9.6,2,5,3,2,5,18,9,4,47.64,moderate,62.89,moderate,50.93,neutral
5,1,2,7.7,5,1,5,4,5,99,2,4,31.33,mild,68.44,moderate,51.67,neutral
1,5,1,10.0,4,5,1,1,5,66,3,4,61.94,moderate,60.69,moderate,42.4,neutral
2,4,4,6.5,4,2,1,3,3,111,11,4,58.46,moderate,32.12,mild,38.03,low
4,1,5,5.8,1,5,3,3,4,15,7,3,34.13,mild,70.99,high,60.72,neutral
5,4,5,10.0,5,4,2,2,1,37,5,2,31.9,mild,26.79,low,78.25,good
1,1,5,5.8,3,5,1,4,4,19,12,2,50.6,moderate,54.08,moderate,42.82,neutral
2,3,5,6.5,4,2,2,1,4,111,8,2,43.82,mild,45.0,mild,51.87,neutral
3,1,4,8.1,5,4,2,5,4,19,11,4,39.29,mild,54.23,moderate,62.38,neutral
4,1,5,4.6,1,4,5,5,1,96,6,1,38.02,mild,30.99,mild,69.56,good
1,1,5,8.1,1,1,4,1,3,23,2,1,40.57,mild,50.29,moderate,79.4,good
4,3,3,7.9,1,4,2,3,2,88,9,4,47.59,moderate,48.43,mild,49.2,neutral
2,3,4,9.1,4,1,5,1,5,55,10,4,36.46,mild,60.75,moderate,64.61,neutral
2,2,5,8.4,5,5,5,4,3,117,7,1,55.5,moderate,38.44,mild,100.0,good
3,4,1,9.1,1,1,2,2,4,8,5,1,53.68,moderate,54.91,moderate,24.43,low
3,4,4,6.6,1,1,3,3,3,39,1,2,50.84,moderate,72.54,high,43.47,neutral
4,4,2,5.2,3,3,5,5,1,87,3,1,40.95,mild,40.16,mild,47.44,neutral
2,3,1,10.6,2,1,3,4,4,110,12,2,83.75,elevated,77.39,high,28.32,low
5,3,1,4.1,1,1,2,5,4,65,2,5,64.65,moderate,87.6,high,19.17,low
1,3,1,4.2,4,1,5,4,2,11,8,5,65.32,moderate,65.82,moderate,38.51,low
5,2,5,7.8,5,2,4,3,4,76,8,2,20.91,low,47.97,mild,56.39,neutral
1,3,4,9.7,2,3,3,1,2,57,6,2,38.52,mild,31.65,mild,50.95,neutral
4,1,1,7.1,1,1,5,1,4,93,12,5,46.95,moderate,73.58,high,45.57,neutral
2,5,4,8.6,2,1,4,3,2,66,8,3,50.69,moderate,34.45,mild,53.39,neutral
2,2,4,3.2,1,4,2,3,4,108,12,2,55.47,moderate,61.62,moderate,56.93,neutral
1,4,3,5.9,3,2,3,3,5,14,3,4,72.42,elevated,64.83,moderate,40.15,neutral
4,5,4,3.4,1,4,1,5,3,75,9,3,80.37,elevated,72.65,high,33.53,low
1,3,5,8.2,2,5,1,1,1,89,9,5,31.46,mild,26.09,low,78.08,good
4,5,3,4.0,1,1,5,4,4,49,11,5,66.31,moderate,84.62,high,35.78,low
4,3,4,4.5,4,5,1,4,5,57,5,4,49.97,moderate,58.91,moderate,46.76,neutral
5,1,3,7.7,3,4,5,4,4,84,4,5,29.9,mild,61.64,moderate,61.68,neutral
4,1,2,8.7,1,5,2,2,2,55,10,3,54.47,moderate,39.54,mild,39.68,low
2,1,5,6.5,1,3,3,3,3,47,9,3,36.84,mild,54.17,moderate,60.73,neutral
4,5,3,7.8,3,1,4,1,2,70,3,1,24.4,low,38.5,mild,60.07,neutral
5,3,4,7.8,3,5,5,1,4,97,3,1,23.48,low,38.04,mild,82.13,good
2,2,4,6.4,1,3,2,5,4,16,10,1,50.7,moderate,70.13,high,34.32,low
1,3,4,4.8,2,1,5,4,4,105,7,5,59.32,moderate,58.19,moderate,35.7,low
5,2,4,7.8,4,1,3,5,2,24,11,2,27.37,mild,47.07,mild,46.34,neutral
1,5,4,7.9,3,2,5,4,1,11,8,4,42.52,mild,47.38,mild,59.55,neutral
3,5,3,8.4,1,2,1,2,4,21,12,3,82.73,elevated,58.59,moderate,28.84,low
2,1,4,7.4,2,3,2,5,2,9,4,4,45.62,moderate,58.41,moderate,37.98,low
1,4,3,4.7,1,3,4,4,5,115,10,2,65.68,moderate,75.96,high,30.28,low
4,2,2,8.0,5,5,4,1,1,35,2,5,41.53,mild,12.98,low,61.58,neutral
1,1,4,6.8,5,5,5,1,5,93,9,3,21.61,low,50.85,moderate,84.35,good
4,5,5,5.9,2,4,2,4,4,22,5,2,58.77,moderate,67.93,moderate,59.25,neutral
4,1,4,6.3,2,4,4,4,3,64,6,3,21.62,low,42.97,mild,55.7,neutral
1,2,4,5.6,1,5,4,1,5,51,10,2,50.48,moderate,38.96,mild,57.8,neutral
1,1,5,8.4,4,2,5,3,4,79,1,4,29.07,mild,61.08,moderate,74.91,good
4,3,2,4.2,5,3,1,5,1,119,2,2,52.25,moderate,46.88,mild,44.82,neutral
3,3,1,5.0,2,4,1,4,2,78,7,1,69.93,moderate,29.0,low,38.99,low
1,2,2,6.2,4,2,3,5,5,84,5,4,61.09,moderate,74.92,high,32.99,low
5,1,4,9.7,2,5,1,2,4,31,7,5,18.1,low,76.77,high,38.85,low
2,1,5,8.7,5,2,1,1,1,14,5,2,28.6,mild,11.22,low,74.19,good
1,5,3,3.8,2,1,3,2,1,10,0,5,73.92,elevated,68.81,moderate,40.26,neutral
5,5,4,9.2,1,2,2,4,5,36,12,1,66.74,moderate,69.11,moderate,28.44,low
1,5,1,9.2,5,5,2,5,1,67,8,2,69.82,moderate,21.7,low,57.39,neutral
3,3,4,4.7,5,2,2,4,5,7,7,1,64.57,moderate,56.15,moderate,62.34,neutral
5,3,4,2.5,2,2,4,1,3,31,1,2,42.1,mild,35.99,mild,60.22,neutral
3,4,3,6.7,5,5,2,3,5,76,2,4,45.65,moderate,36.7,mild,45.72,neutral
3,4,4,8.8,2,1,4,1,2,105,7,5,39.44,mild,42.32,mild,66.03,good
2,3,3,9.7,2,1,1,4,2,119,0,5,59.72,moderate,63.71,moderate,28.76,low
1,2,3,5.2,3,5,1,3,4,28,6,5,59.82,moderate,50.64,moderate,43.26,neutral
3,3,4,10.0,4,2,1,3,1,12,11,4,36.22,mild,31.66,mild,46.02,neutral
5,1,4,2.8,2,1,5,3,1,69,11,2,23.84,low,58.51,moderate,71.04,good
1,1,2,6.1,4,3,2,4,4,113,6,5,57.56,moderate,71.73,high,26.63,low
5,4,2,6.0,4,4,1,1,1,50,3,1,32.56,mild,7.34,low,41.87,neutral
3,5,3,8.9,1,4,2,5,5,109,0,5,74.47,elevated,89.36,high,44.41,neutral
3,1,2,9.1,5,1,4,3,4,89,2,5,37.94,mild,45.12,mild,37.85,low
1,1,2,8.5,1,2,2,3,4,108,3,1,56.42,moderate,64.2,moderate,34.18,low
4,1,2,4.4,3,4,2,2,3,115,7,4,33.71,mild,44.95,mild,53.53,neutral
1,4,2,8.4,3,4,1,1,4,12,9,5,46.98,moderate,43.23,mild,36.68,low
2,2,3,7.7,3,4,4,4,5,49,5,4,54.29,moderate,67.65,moderate,44.2,neutral
4,2,3,3.8,1,2,2,2,1,6,10,5,43.31,mild,45.92,mild,42.04,neutral
1,1,4,3.1,2,5,1,5,2,5,2,2,49.84,moderate,40.5,mild,60.13,neutral
3,5,2,8.7,1,1,4,4,4,57,5,4,63.84,moderate,93.25,high,30.99,low
3,3,5,6.5,5,5,5,3,1,80,7,5,30.08,mild,31.34,mild,85.53,good
1,4,3,4.5,1,5,4,1,2,107,0,1,53.73,moderate,25.84,low,65.95,good
2,4,4,6.4,3,4,5,3,1,15,11,3,44.48,mild,13.11,low,64.92,neutral
2,1,1,7.5,2,3,3,5,1,4,12,5,42.0,mild,27.89,low,24.71,low
4,5,1,6.7,1,2,3,3,3,12,9,3,62.08,moderate,76.46,high,23.68,low
5,3,3,4.0,2,3,2,4,4,112,9,5,58.86,moderate,73.16,high,34.24,low
5,4,2,10.2,5,1,3,1,1,80,2,4,56.51,moderate,31.17,mild,41.88,neutral
1,2,3,8.6,3,2,5,3,5,58,2,2,52.55,moderate,55.92,moderate,55.5,neutral
1,5,1,6.2,5,4,4,4,4,12,3,2,54.96,moderate,45.54,mild,55.92,neutral
1,5,3,6.3,5,3,1,3,4,44,1,3,66.71,moderate,45.83,mild,42.78,neutral
3,3,4,7.4,3,3,3,5,1,15,7,3,38.6,mild,43.35,mild,40.48,neutral
1,1,4,4.8,5,3,2,3,3,3,12,3,26.91,mild,43.61,mild,59.59,neutral
2,5,2,7.4,2,1,3,5,5,53,8,4,58.71,moderate,77.38,high,37.02,low
5,5,2,4.4,3,5,3,4,2,60,11,3,50.11,moderate,34.62,mild,55.66,neutral
5,3,3,6.7,4,5,3,5,3,54,12,4,37.67,mild,50.19,moderate,56.87,neutral
5,3,3,4.7,3,2,5,3,3,105,8,4,40.11,mild,40.69,mild,53.02,neutral
2,2,4,4.8,5,2,5,3,4,110,1,5,52.47,moderate,51.39,moderate,71.12,good
4,1,2,9.8,1,4,5,2,5,14,12,5,35.58,mild,69.2,moderate,46.42,neutral
4,5,4,6.9,3,1,4,4,1,33,7,3,35.49,mild,46.14,mild,63.16,neutral
1,3,5,7.2,4,1,2,5,1,60,7,1,38.06,mild,52.06,moderate,48.73,neutral
3,2,2,3.2,2,5,1,1,1,48,12,2,37.93,mild,17.86,low,46.97,neutral
3,4,5,5.7,5,1,5,5,2,52,8,2,41.78,mild,48.03,mild,70.56,good
2,1,2,7.6,2,3,5,5,2,85,1,2,32.49,mild,33.87,mild,53.97,neutral
4,1,2,7.1,2,5,1,4,5,21,9,5,29.21,mild,74.22,high,11.44,low
4,2,4,2.9,2,4,2,3,3,100,12,3,24.45,low,46.82,mild,47.36,neutral
3,3,4,7.2,4,2,4,5,4,32,3,5,50.05,moderate,66.76,moderate,57.84,neutral
4,2,3,7.5,1,1,1,2,3,42,6,1,34.92,mild,53.78,moderate,33.38,low
4,1,2,9.1,1,4,1,4,5,26,1,4,37.11,mild,82.5,high,20.26,low
3,2,1,5.6,4,3,5,5,2,76,9,3,47.72,moderate,35.29,mild,34.22,low
2,2,5,2.8,2,5,1,5,4,84,1,4,69.51,moderate,80.72,high,52.88,neutral
4,3,5,5.0,1,4,2,3,2,75,5,2,40.75,mild,44.59,mild,69.17,good
4,3,5,4.8,2,1,5,2,2,59,8,3,40.9,mild,58.7,moderate,59.54,neutral
5,5,3,8.1,2,2,1,5,5,36,10,2,64.8,moderate,91.72,high,20.59,low
1,5,5,2.5,1,4,4,4,1,83,4,4,43.19,mild,65.46,moderate,72.2,good
3,2,3,6.0,5,4,3,4,2,14,11,1,40.39,mild,17.35,low,71.67,good
5,5,1,9.4,1,4,3,4,2,37,0,4,69.04,moderate,58.0,moderate,41.53,neutral
3,3,1,6.8,3,2,5,5,1,82,2,3,62.15,moderate,31.05,mild,54.37,neutral
5,1,2,8.4,2,2,1,3,4,83,1,4,42.15,mild,76.81,high,8.99,low
1,2,2,3.8,2,2,1,3,2,32,9,1,49.14,moderate,59.57,moderate,26.16,low
1,4,5,3.9,1,4,1,5,3,41,4,1,75.07,elevated,72.2,high,51.26,neutral
4,5,2,9.4,5,1,3,3,2,38,0,4,59.86,moderate,38.06,mild,44.81,neutral
2,2,4,7.0,5,5,5,2,5,107,10,2,37.11,mild,45.79,mild,83.68,good
3,1,2,7.0,1,2,1,4,3,69,3,2,44.33,mild,55.92,moderate,19.46,low
3,1,4,4.8,1,3,3,2,4,14,8,5,47.62,moderate,66.42,moderate,41.51,neutral
3,1,3,7.0,5,2,3,1,4,19,7,5,26.88,mild,43.06,mild,50.82,neutral
5,4,1,4.7,3,3,1,2,5,8,1,1,60.23,moderate,38.49,mild,16.78,low
1,3,3,8.9,1,4,2,1,4,29,7,3,53.03,moderate,43.2,mild,35.46,low
4,3,1,11.0,1,1,2,5,5,26,11,4,91.98,elevated,100.0,high,6.21,low
5,4,5,7.7,3,3,1,5,4,53,4,4,53.28,moderate,67.08,moderate,43.86,neutral
4,5,4,5.7,3,1,3,2,1,90,10,2,29.28,mild,32.64,mild,61.29,neutral
2,4,5,2.5,4,1,5,5,1,106,3,5,55.89,moderate,55.92,moderate,66.72,good
1,1,5,3.8,1,4,3,4,4,67,3,4,55.07,moderate,69.88,moderate,66.16,good
4,3,2,9.6,2,3,4,5,1,93,2,5,45.77,moderate,54.06,moderate,54.09,neutral
3,5,4,4.9,2,4,4,1,1,79,2,4,38.61,mild,23.46,low,64.73,neutral
1,4,1,6.1,3,2,5,1,4,38,3,5,67.8,moderate,32.94,mild,44.83,neutral
2,2,5,8.0,2,2,5,5,2,74,8,1,28.42,mild,58.96,moderate,76.95,good
5,2,4,9.5,2,3,5,2,2,36,1,2,32.95,mild,52.07,moderate,63.62,neutral
2,5,4,6.4,5,1,5,3,1,37,7,3,37.58,mild,19.48,low,66.77,good
1,1,5,6.1,3,5,5,5,2,119,3,2,26.99,mild,39.27,mild,91.64,good
4,3,5,6.9,3,2,5,2,5,110,1,1,44.13,mild,69.07,moderate,74.53,good
1,1,5,5.7,1,4,4,1,3,79,10,4,40.66,mild,38.76,mild,74.59,good
5,5,1,5.8,1,1,3,4,5,71,7,5,72.28,elevated,93.01,high,15.27,low
5,1,1,7.5,4,4,2,3,4,82,3,3,34.66,mild,85.94,high,35.21,low
5,1,5,7.1,5,2,3,1,2,91,8,4,17.86,low,30.9,mild,60.76,neutral
5,2,2,10.6,3,2,5,2,1,6,11,4,29.46,mild,36.13,mild,57.59,neutral
2,2,3,7.6,1,3,4,3,5,43,3,3,37.99,mild,78.11,high,52.36,neutral
2,3,1,8.9,3,1,3,5,5,12,3,4,74.51,elevated,90.98,high,30.2,low
2,2,4,4.9,2,1,1,2,1,64,8,5,62.77,moderate,38.16,mild,46.57,neutral
3,2,5,7.7,1,4,2,3,2,35,6,1,38.48,mild,22.73,low,64.05,neutral
5,3,5,5.5,1,2,3,1,4,39,8,2,42.23,mild,60.4,moderate,70.69,good
4,3,3,7.5,3,3,2,2,5,101,2,1,34.48,mild,58.19,moderate,31.34,low
4,5,4,8.0,3,4,3,2,5,24,12,4,57.83,moderate,54.21,moderate,57.35,neutral
5,3,3,6.9,3,4,2,3,2,110,0,4,42.33,mild,53.37,moderate,42.01,neutral
4,3,3,11.0,4,4,1,4,5,50,3,4,63.26,moderate,82.22,high,51.17,neutral
2,4,3,9.4,2,5,3,1,4,23,8,4,61.94,moderate,53.85,moderate,48.83,neutral
3,1,5,8.9,2,4,3,1,3,17,6,3,42.7,mild,35.98,mild,73.82,good
3,4,2,8.2,4,2,4,4,2,86,4,5,43.09,mild,29.93,low,44.16,neutral
1,5,3,10.0,1,2,1,2,5,109,12,1,63.99,moderate,65.38,moderate,29.86,low
4,2,4,4.2,1,5,3,4,5,105,4,4,50.22,moderate,61.34,moderate,46.88,neutral
4,1,3,9.3,5,3,5,1,5,20,8,5,24.32,low,29.99,low,64.89,neutral
4,2,1,5.0,2,3,2,4,3,106,5,2,42.49,mild,63.27,moderate,30.17,low
3,2,2,5.8,1,5,2,5,2,27,5,4,60.19,moderate,67.07,moderate,42.86,neutral
4,3,4,7.8,4,2,1,3,5,55,10,1,36.59,mild,38.98,mild,42.13,neutral
5,5,4,9.0,3,2,3,3,2,0,4,1,45.84,moderate,36.36,mild,64.63,neutral
3,3,4,4.7,1,1,5,2,4,31,5,2,37.87,mild,64.82,moderate,60.55,neutral
3,1,5,5.9,5,1,3,2,3,38,10,5,33.81,mild,43.71,mild,58.91,neutral
1,2,4,7.0,2,4,3,1,3,115,1,2,49.22,moderate,21.98,low,75.83,good
4,4,3,6.5,4,3,4,3,2,33,5,3,50.63,moderate,47.76,mild,67.96,good
5,2,2,8.3,4,2,3,5,2,33,3,4,48.79,moderate,39.76,mild,38.3,low
4,3,2,11.0,5,2,2,1,4,33,6,4,50.6,moderate,29.18,low,47.16,neutral
5,4,5,7.6,4,4,4,3,2,30,7,4,38.36,mild,21.31,low,85.31,good
5,2,3,5.5,4,1,2,5,4,65,5,1,48.59,moderate,69.89,moderate,42.22,neutral
4,4,4,4.5,1,4,5,3,5,24,12,5,51.36,moderate,74.93,high,57.11,neutral
3,2,1,6.2,5,5,2,4,1,35,11,2,38.94,mild,14.38,low,24.39,low
1,1,1,5.1,1,3,3,2,5,64,1,3,66.07,moderate,73.52,high,18.51,low
1,2,2,7.6,2,3,2,4,1,91,8,4,38.6,mild,45.17,mild,41.68,neutral
2,3,1,7.6,3,3,4,5,1,12,4,2,39.39,mild,17.91,low,37.85,low
3,1,4,6.0,2,1,3,3,5,42,9,4,45.93,moderate,81.82,high,42.61,neutral
4,5,4,10.4,3,4,2,4,2,69,6,3,43.12,mild,56.29,moderate,62.33,neutral
3,3,3,5.5,1,2,4,4,4,110,12,1,43.31,mild,67.95,moderate,41.1,neutral
1,1,2,6.6,3,3,5,1,1,114,12,2,27.39,mild,15.99,low,50.38,neutral
2,5,3,8.0,2,1,1,1,1,105,0,4,68.2,moderate,49.43,mild,28.86,low
5,5,1,8.4,4,5,3,4,2,61,1,1,52.94,moderate,23.71,low,57.73,neutral
5,1,3,9.1,3,2,4,2,3,11,0,2,33.22,mild,42.35,mild,64.81,neutral
2,1,1,7.6,4,1,4,3,2,116,10,3,41.16,mild,43.16,mild,25.35,low
5,2,1,8.7,1,4,2,3,2,75,2,2,58.52,moderate,43.07,mild,32.15,low
4,3,1,5.6,5,5,1,4,5,109,9,3,47.66,moderate,54.43,moderate,23.51,low
5,4,1,8.5,2,3,3,5,1,111,4,5,54.35,moderate,52.58,moderate,33.22,low
5,3,3,8.4,2,1,4,5,1,95,3,1,35.69,mild,61.72,moderate,46.74,neutral
4,4,3,9.5,3,5,2,1,1,50,7,5,30.65,mild,28.82,low,76.88,good
2,1,4,3.8,1,2,2,4,5,73,10,4,68.2,moderate,86.91,high,26.69,low
4,4,3,5.2,5,2,3,4,3,83,7,5,49.42,moderate,47.81,mild,58.39,neutral
2,5,1,8.3,2,4,3,5,5,106,7,4,77.09,elevated,71.34,high,35.57,low
2,3,1,2.5,5,2,3,3,5,27,9,5,65.23,moderate,78.55,high,32.69,low
4,3,4,7.7,1,1,4,3,2,67,2,1,50.32,moderate,33.02,mild,52.2,neutral
3,2,5,8.7,5,4,5,3,4,72,7,4,21.94,low,69.26,moderate,81.5,good
3,5,2,5.8,2,2,4,2,3,25,3,4,71.19,elevated,52.74,moderate,36.05,low
2,1,2,6.0,4,5,1,2,3,48,2,5,50.14,moderate,25.76,low,36.86,low
3,2,2,4.9,5,1,2,4,3,111,4,1,34.37,mild,50.76,moderate,36.22,low
1,1,2,5.9,1,5,1,1,4,1,2,3,47.72,moderate,40.64,mild,24.14,low
4,5,2,5.9,2,4,5,4,2,60,4,3,59.17,moderate,43.57,mild,51.25,neutral
3,3,3,5.6,5,2,4,5,1,73,0,1,53.72,moderate,20.78,low,62.19,neutral
5,5,4,5.5,1,3,2,2,4,109,9,4,61.67,moderate,60.41,moderate,42.04,neutral
3,4,4,6.3,1,5,5,2,5,34,4,3,44.44,mild,41.53,mild,67.05,good
3,3,5,6.3,3,1,3,3,3,47,8,3,36.92,mild,48.73,mild,53.43,neutral
1,3,2,10.2,1,5,1,5,1,9,9,4,67.18,moderate,42.85,mild,26.35,low
1,2,3,6.1,5,3,1,1,1,40,10,4,36.95,mild,11.47,low,57.65,neutral
2,3,2,7.4,5,5,5,3,3,120,1,4,36.3,mild,27.8,low,75.33,good
2,4,1,5.8,1,2,2,2,5,92,6,2,68.18,moderate,68.33,moderate,14.36,low
2,5,2,5.7,1,4,3,5,4,51,5,5,79.75,elevated,86.19,high,23.14,low
2,3,2,3.7,4,5,5,5,2,76,4,2,61.85,moderate,46.5,mild,62.93,neutral
4,5,3,4.0,3,2,2,1,4,116,10,2,66.74,moderate,61.42,moderate,41.55,neutral
1,5,1,4.6,5,1,1,1,1,53,0,3,66.42,moderate,17.67,low,44.66,neutral
2,3,4,7.1,5,2,1,1,3,35,4,2,35.15,mild,31.13,mild,59.8,neutral
1,3,5,8.7,3,3,5,5,5,106,10,2,55.26,moderate,75.91,high,66.22,good
2,1,5,3.6,2,4,3,5,4,102,5,5,63.19,moderate,88.3,high,68.96,good
4,2,1,5.8,4,3,2,2,1,62,0,1,44.46,mild,11.95,low,44.97,neutral
1,5,1,4.3,4,5,1,1,2,1,2,3,66.57,moderate,29.79,low,55.31,neutral
2,1,5,6.3,3,3,4,4,1,1,3,3,28.3,mild,29.92,low,81.02,good
1,2,5,8.7,2,4,1,5,3,14,3,1,52.03,moderate,50.0,moderate,59.46,neutral
5,4,3,6.0,2,5,1,5,2,83,8,2,55.82,moderate,43.94,mild,45.32,neutral
4,2,2,6.7,3,5,3,3,5,21,2,2,43.49,mild,59.0,moderate,48.43,neutral
2,5,3,9.4,3,2,4,4,2,7,9,3,59.04,moderate,40.09,mild,52.54,neutral
1,4,3,7.6,3,2,3,5,1,82,4,3,49.42,moderate,35.65,mild,54.55,neutral
1,1,5,5.4,1,4,5,5,3,58,0,3,63.28,moderate,59.93,moderate,59.44,neutral
3,2,3,7.1,5,3,2,3,4,64,0,2,32.91,mild,44.65,mild,49.15,neutral
4,4,1,5.3,4,3,3,2,4,23,7,4,47.22,moderate,42.48,mild,52.84,neutral
3,5,4,7.6,5,4,2,2,5,25,9,2,49.74,moderate,45.55,mild,65.49,good
5,5,4,7.7,5,4,2,2,2,29,1,5,38.68,mild,23.64,low,71.88,good
2,5,2,4.3,4,5,1,5,3,77,4,5,77.5,elevated,63.61,moderate,28.48,low
2,1,1,7.1,2,2,4,4,3,118,9,4,56.35,moderate,62.28,moderate,28.79,low
3,4,1,6.6,4,4,4,5,1,110,11,1,34.79,mild,46.37,mild,57.42,neutral
2,1,5,7.8,3,2,4,4,1,13,9,5,26.57,mild,45.12,mild,64.67,neutral
5,1,3,8.3,5,5,1,3,4,82,8,5,23.77,low,35.46,mild,39.7,low
1,4,3,7.7,2,1,1,4,2,91,9,3,69.47,moderate,51.94,moderate,34.33,low
3,3,5,6.3,1,4,4,4,4,4,3,2,49.89,moderate,64.32,moderate,69.37,good
3,4,1,8.5,1,1,4,4,5,77,0,4,67.15,moderate,77.6,high,17.22,low
1,5,2,5.2,1,5,1,2,2,53,7,4,68.34,moderate,54.74,moderate,41.62,neutral
3,1,5,4.4,4,5,4,2,4,23,7,4,21.58,low,43.72,mild,93.73,good
3,3,3,2.5,1,5,5,1,2,95,10,4,38.31,mild,33.7,mild,77.45,good
2,5,1,6.7,1,4,4,2,4,113,3,5,56.03,moderate,61.56,moderate,33.58,low
1,3,4,5.3,2,3,2,5,1,72,11,5,57.55,moderate,45.76,mild,36.92,low
1,3,1,7.5,4,2,2,5,2,24,6,4,60.78,moderate,59.2,moderate,31.84,low
1,3,4,3.3,3,5,4,1,3,51,5,2,37.91,mild,40.85,mild,92.78,good
3,5,4,5.6,2,3,3,3,3,62,12,5,61.59,moderate,59.55,moderate,60.45,neutral
1,1,5,7.6,2,5,4,5,1,109,7,5,40.68,mild,49.5,mild,70.45,good
5,5,3,4.9,5,4,5,4,5,95,1,3,41.68,mild,56.63,moderate,78.5,good
2,5,2,7.5,3,4,3,4,1,81,3,1,48.54,moderate,13.98,low,62.6,neutral
4,5,5,5.8,2,2,3,3,5,92,7,5,63.39,moderate,74.09,high,32.05,low
4,3,3,6.7,4,3,3,2,2,83,2,3,36.88,mild,25.41,low,66.74,good
3,3,4,7.9,2,3,3,5,4,38,2,3,39.81,mild,51.38,moderate,47.2,neutral
5,2,1,8.5,2,4,1,1,4,16,3,4,42.55,mild,38.76,mild,19.07,low
1,2,4,7.0,4,4,5,5,3,101,6,1,33.02,mild,34.82,mild,74.73,good
2,5,3,5.3,2,1,3,5,3,67,1,5,71.93,elevated,66.43,moderate,35.81,low
2,3,2,6.0,3,2,2,2,1,116,6,1,46.26,moderate,37.17,mild,37.4,low
1,4,4,7.9,4,1,3,3,5,82,9,2,70.17,elevated,66.82,moderate,48.04,neutral
2,1,1,5.0,2,3,2,5,1,57,5,3,49.09,moderate,58.13,moderate,26.85,low
2,4,4,6.5,1,4,5,3,4,78,9,4,38.23,mild,67.86,moderate,65.61,good
4,4,5,6.1,5,2,4,2,1,78,8,1,30.09,mild,26.74,low,79.09,good
2,5,3,6.6,2,4,2,1,4,118,6,3,72.68,elevated,45.84,mild,31.65,low
5,1,1,5.0,2,1,4,3,2,44,12,1,36.22,mild,61.09,moderate,32.92,low
4,3,3,3.5,3,5,1,2,3,46,7,5,46.13,moderate,35.53,mild,38.18,low
5,3,3,7.7,1,4,5,5,1,42,10,2,30.25,mild,43.25,mild,49.15,neutral
1,3,3,8.5,1,4,3,5,2,13,8,3,59.6,moderate,46.55,mild,54.19,neutral
5,1,2,3.6,3,4,4,2,3,56,12,4,32.19,mild,58.11,moderate,59.93,neutral
4,3,4,7.5,5,2,4,2,4,53,5,1,20.33,low,42.28,mild,60.01,neutral
5,2,2,8.7,3,5,2,2,3,23,2,1,28.14,mild,42.31,mild,39.84,low
2,4,3,7.9,3,4,4,3,2,98,2,5,48.27,moderate,28.08,low,58.43,neutral
5,2,3,6.0,4,1,2,4,3,83,12,3,45.87,moderate,50.74,moderate,28.66,low
3,3,4,5.1,5,5,4,1,2,29,10,2,24.62,low,0.0,low,82.56,good
1,4,4,6.9,5,4,1,5,3,20,3,4,54.81,moderate,52.82,moderate,52.81,neutral
3,1,5,7.2,1,2,1,4,3,74,5,5,44.98,mild,64.18,moderate,37.94,low
1,4,4,7.0,3,5,5,1,2,0,0,4,35.94,mild,31.19,mild,82.22,good
5,4,4,6.5,3,2,4,2,2,18,12,3,36.94,mild,37.56,mild,56.0,neutral
2,1,5,4.9,2,4,1,4,3,53,5,4,49.22,moderate,40.45,mild,48.81,neutral
2,1,2,7.6,5,4,2,3,3,119,4,5,29.43,mild,25.23,low,57.74,neutral
3,5,2,7.6,2,5,3,3,5,9,3,2,61.72,moderate,58.42,moderate,26.72,low
3,2,3,7.2,5,3,1,1,3,63,1,4,29.59,mild,34.22,mild,51.86,neutral
1,5,3,7.0,1,5,3,3,3,68,9,5,53.05,moderate,33.94,mild,37.57,low
5,3,4,9.8,4,2,2,4,3,30,2,2,38.21,mild,51.34,moderate,61.73,neutral
5,2,1,5.7,4,5,1,4,5,62,1,5,61.07,moderate,56.54,moderate,35.29,low
4,2,1,9.1,3,2,2,3,2,76,12,1,29.33,mild,28.85,low,39.53,low
4,4,4,5.5,1,5,2,3,2,16,7,2,41.68,mild,35.16,mild,47.17,neutral
3,1,5,8.8,1,4,1,2,2,115,1,2,33.58,mild,38.42,mild,54.86,neutral
3,3,2,9.0,4,4,4,4,4,29,3,1,56.02,moderate,43.81,mild,58.25,neutral
3,2,2,6.3,5,1,2,4,4,44,7,4,66.75,moderate,44.26,mild,14.28,low
1,1,3,9.8,3,3,1,4,3,2,2,3,50.28,moderate,56.63,moderate,38.42,low
1,2,3,7.6,1,1,1,4,2,71,12,2,59.04,moderate,52.02,moderate,30.41,low
2,3,1,5.2,4,5,5,5,4,71,11,5,53.85,moderate,55.64,moderate,40.19,neutral
3,4,3,6.1,3,2,1,5,2,14,11,2,56.25,moderate,49.22,mild,40.32,neutral
1,1,5,8.8,1,5,5,5,5,35,6,5,47.78,moderate,79.18,high,62.8,neutral
1,5,4,8.5,2,5,1,2,4,92,12,4,49.04,moderate,51.17,moderate,57.8,neutral
5,5,5,4.9,2,1,1,1,3,86,4,5,56.09,moderate,52.39,moderate,37.7,low
2,4,4,6.5,5,4,3,1,2,37,7,1,39.33,mild,14.27,low,77.92,good
3,5,5,7.2,5,2,5,4,4,76,9,5,41.54,mild,59.6,moderate,73.73,good
3,3,2,5.9,1,1,1,5,4,90,6,1,68.91,moderate,84.22,high,0.0,low
4,5,1,11.0,3,2,2,4,5,45,11,4,59.95,moderate,93.48,high,17.41,low
4,4,1,7.2,1,3,4,4,4,21,1,4,60.52,moderate,70.4,high,30.19,low
2,3,5,6.7,3,5,1,1,4,2,5,1,52.12,moderate,27.83,low,43.65,neutral
5,1,4,8.9,1,4,1,3,1,115,10,1,25.36,mild,19.56,low,53.89,neutral
2,3,2,6.1,4,2,2,4,1,38,2,1,41.44,mild,37.81,mild,44.94,neutral
5,5,5,8.6,1,2,5,1,4,97,5,1,31.24,mild,42.83,mild,65.89,good
3,5,2,3.8,5,2,5,4,1,39,12,1,54.1,moderate,53.21,moderate,70.52,good
1,3,3,6.0,2,4,4,2,5,86,7,5,63.51,moderate,90.18,high,46.21,neutral
4,2,2,8.7,2,3,4,1,5,40,4,2,41.17,mild,52.72,moderate,45.35,neutral
1,4,1,9.6,5,1,1,4,3,73,4,5,68.41,moderate,43.25,mild,29.67,low
4,1,2,5.4,5,1,2,3,4,115,2,1,26.12,mild,56.62,moderate,39.19,low
1,1,2,5.2,1,1,5,3,3,91,9,4,53.85,moderate,85.48,high,23.25,low
2,3,3,7.8,1,5,4,3,5,19,1,3,46.25,moderate,52.72,moderate,50.41,neutral
4,5,1,5.7,5,3,2,4,1,63,2,3,49.1,moderate,47.78,mild,43.76,neutral
5,2,2,6.3,5,3,4,3,2,32,1,4,44.75,mild,17.99,low,65.7,good
3,3,3,8.4,3,4,4,5,4,26,9,2,32.04,mild,48.01,mild,51.75,neutral
1,2,2,5.8,1,1,4,5,4,100,12,1,46.94,moderate,79.8,high,22.43,low
2,3,4,3.3,1,1,5,3,2,118,1,2,56.33,moderate,66.12,moderate,47.7,neutral
5,1,4,4.5,2,2,3,1,5,111,12,5,37.08,mild,67.74,moderate,56.04,neutral
4,3,5,6.8,4,2,1,2,3,101,11,3,34.66,mild,44.79,mild,55.81,neutral
1,3,5,3.4,1,4,5,4,5,56,6,5,63.24,moderate,94.73,high,71.13,good
2,2,2,6.3,4,5,1,2,2,63,0,5,46.36,moderate,40.62,mild,58.29,neutral
2,2,4,4.3,5,4,4,4,4,65,8,1,32.07,mild,43.59,mild,65.8,good
1,4,4,9.8,1,5,4,4,2,89,6,1,46.83,moderate,36.82,mild,57.94,neutral
5,1,3,10.7,5,3,1,3,1,6,10,1,29.41,mild,32.17,mild,53.48,neutral
4,1,4,4.9,5,2,4,1,4,100,3,1,29.51,mild,41.71,mild,74.42,good
1,1,1,7.3,2,2,5,3,4,97,7,3,51.81,moderate,66.65,moderate,27.04,low
4,5,2,5.1,1,1,4,4,2,120,11,1,54.92,moderate,50.82,moderate,40.64,neutral
3,2,5,6.2,2,5,2,1,4,71,8,5,40.67,mild,54.05,moderate,62.23,neutral
1,1,5,10.0,2,4,2,5,5,55,8,3,58.66,moderate,68.59,moderate,39.25,low
3,5,1,6.0,2,4,4,1,2,57,12,4,53.96,moderate,35.39,mild,38.78,low
1,1,3,6.3,5,2,1,3,3,75,6,5,47.04,moderate,49.14,mild,44.31,neutral
2,2,2,5.1,1,4,4,3,2,36,2,1,43.85,mild,43.33,mild,66.58,good
5,1,1,8.9,2,2,1,4,3,94,12,3,40.92,mild,68.02,moderate,14.64,low
4,4,1,2.5,4,3,2,2,5,53,1,4,57.9,moderate,53.82,moderate,34.14,low
1,4,3,6.0,1,4,3,2,4,34,7,5,59.7,moderate,67.26,moderate,37.66,low
5,4,4,6.7,1,5,1,5,1,88,9,5,49.38,moderate,49.61,mild,45.64,neutral
3,2,3,5.6,2,3,4,2,4,40,10,2,35.11,mild,46.25,mild,47.0,neutral
5,2,2,8.4,5,4,4,4,3,9,9,2,30.3,mild,27.7,low,58.43,neutral
4,5,4,9.0,5,3,1,2,1,63,5,4,43.5,mild,38.66,mild,78.34,good
2,5,4,4.3,5,3,5,1,4,61,2,4,67.48,moderate,42.56,mild,75.86,good
3,1,5,10.6,5,5,4,3,2,35,0,2,29.32,mild,23.82,low,74.74,good
3,4,2,4.2,1,5,5,2,5,4,3,3,65.04,moderate,54.07,moderate,56.14,neutral
4,5,2,9.1,3,2,4,2,5,57,12,5,68.17,moderate,77.14,high,48.78,neutral
2,3,3,7.1,3,5,4,5,4,93,8,2,41.27,mild,66.31,moderate,63.65,neutral
2,4,3,5.9,1,3,2,4,4,96,5,2,74.77,elevated,75.21,high,32.09,low
2,1,3,6.1,5,4,2,2,2,25,6,5,37.03,mild,28.44,low,50.66,neutral
2,1,5,6.7,4,3,2,3,1,52,4,4,30.37,mild,36.68,mild,57.61,neutral
1,1,1,7.2,5,4,2,4,1,109,11,2,27.45,mild,15.12,low,46.73,neutral
1,1,3,5.1,2,5,2,1,3,41,5,2,38.07,mild,36.73,mild,49.82,neutral
5,5,3,6.4,4,3,4,1,2,57,10,5,26.82,mild,29.47,low,58.53,neutral
1,4,2,5.4,1,4,3,3,5,82,0,2,65.83,moderate,70.64,high,45.47,neutral
5,4,4,4.6,1,3,3,5,2,55,6,4,47.78,moderate,48.34,mild,53.37,neutral
1,2,5,5.3,4,4,4,5,2,101,7,3,36.2,mild,62.74,moderate,84.89,good
4,5,3,4.7,1,1,4,3,5,43,8,2,53.88,moderate,93.04,high,29.94,low
2,1,1,6.0,2,4,5,4,5,59,0,2,53.86,moderate,58.32,moderate,35.38,low
3,5,1,7.6,4,3,2,3,2,62,8,4,60.71,moderate,41.87,mild,37.87,low
2,1,3,7.0,3,3,2,5,1,90,10,5,54.63,moderate,33.51,mild,46.82,neutral
3,1,4,10.4,2,2,1,3,1,40,1,1,53.14,moderate,37.91,mild,45.57,neutral
3,1,2,2.8,2,4,1,5,3,33,4,5,58.45,moderate,51.24,moderate,29.27,low
3,4,2,7.6,4,2,4,2,5,43,5,2,59.11,moderate,50.55,moderate,60.18,neutral
2,2,5,6.8,5,1,5,5,2,28,3,4,40.5,mild,46.35,mild,70.0,good
3,3,1,8.3,4,5,4,4,1,23,5,2,35.26,mild,34.83,mild,65.46,good
5,3,1,8.1,2,3,5,4,2,99,11,2,37.11,mild,61.08,moderate,50.64,neutral
3,4,1,6.5,3,1,4,1,1,41,11,5,55.83,moderate,47.0,mild,42.26,neutral
2,2,5,7.1,1,2,5,5,3,32,7,4,76.84,elevated,81.64,high,63.09,neutral
1,1,3,5.5,1,5,2,1,3,98,11,5,54.78,moderate,46.3,mild,38.86,low
2,2,1,7.9,2,2,2,5,4,95,10,1,58.86,moderate,71.21,high,13.0,low
1,2,2,3.4,2,2,5,1,1,29,0,2,52.33,moderate,34.24,mild,60.21,neutral
1,4,5,8.2,5,3,4,5,3,36,5,1,49.55,moderate,34.62,mild,61.9,neutral
5,4,4,6.8,5,1,3,4,1,99,10,3,36.58,mild,45.06,mild,64.09,neutral
1,1,2,5.9,1,3,5,2,3,33,5,3,51.06,moderate,57.55,moderate,39.47,low
3,4,2,6.4,2,1,4,5,5,104,7,5,66.2,moderate,96.58,high,38.89,low
5,1,1,6.5,1,5,2,2,4,74,5,2,29.33,mild,29.24,low,28.83,low
5,4,4,9.1,1,3,4,1,5,80,0,4,52.56,moderate,68.42,moderate,62.63,neutral
1,2,1,11.0,2,2,2,1,1,64,7,5,62.2,moderate,46.27,mild,28.56,low
1,2,2,9.0,5,3,3,5,4,3,4,1,50.77,moderate,54.53,moderate,46.22,neutral
2,3,2,5.8,1,1,5,2,5,99,10,3,62.01,moderate,69.02,moderate,42.93,neutral
3,2,4,7.9,4,2,4,5,4,67,11,2,47.33,moderate,49.95,mild,59.59,neutral
5,4,4,8.0,2,1,1,1,4,20,1,1,48.3,moderate,35.98,mild,36.72,low
2,5,4,5.1,3,4,3,1,1,100,4,3,44.46,mild,21.66,low,65.27,good
1,5,2,4.5,5,5,4,5,4,35,5,2,56.94,moderate,51.72,moderate,56.84,neutral
2,3,2,6.7,5,3,3,1,5,44,8,2,44.5,mild,39.68,mild,70.36,good
5,3,2,8.3,5,1,2,4,2,77,5,2,54.26,moderate,54.18,moderate,27.35,low
1,3,1,3.9,3,1,4,2,3,34,7,3,60.66,moderate,41.6,mild,27.63,low
2,4,4,5.5,1,5,5,3,3,0,11,2,51.47,moderate,45.94,mild,77.42,good
1,3,3,7.8,5,2,1,1,1,38,7,4,41.82,mild,32.28,mild,59.31,neutral
1,3,3,6.9,5,2,4,2,1,82,1,2,36.45,mild,15.26,low,60.37,neutral
5,3,5,9.3,5,1,5,4,2,51,6,4,26.17,mild,47.8,mild,59.48,neutral
1,2,1,4.3,3,4,3,3,1,86,11,3,50.41,moderate,31.11,mild,56.43,neutral
2,3,5,11.0,2,1,2,3,3,8,6,2,53.49,moderate,66.07,moderate,38.38,low
5,4,4,4.0,1,5,2,5,1,31,12,5,59.97,moderate,35.73,mild,45.32,neutral
4,3,2,3.1,2,2,2,3,1,28,11,4,54.37,moderate,45.49,mild,35.02,low
1,5,4,6.7,2,1,2,5,4,7,3,3,73.72,elevated,76.91,high,24.67,low
3,5,4,4.8,2,4,4,4,2,78,5,3,52.01,moderate,40.32,mild,69.65,good
5,3,2,6.7,5,2,1,3,2,25,2,4,47.1,moderate,40.01,mild,38.42,low
3,5,2,6.7,4,4,2,2,2,57,2,4,64.61,moderate,36.5,mild,41.94,neutral
3,1,5,6.4,2,1,5,2,3,119,4,4,25.33,mild,59.02,moderate,56.15,neutral
3,5,1,5.3,4,5,5,5,3,29,5,1,56.51,moderate,61.92,moderate,69.38,good
4,2,1,7.6,4,2,2,2,1,23,4,2,23.57,low,17.28,low,38.02,low
1,3,4,6.2,3,4,3,4,1,112,9,3,53.92,moderate,39.3,mild,68.17,good
5,2,5,8.8,5,5,3,1,3,43,1,3,19.42,low,27.6,low,81.42,good
5,3,3,6.5,5,3,2,2,3,35,6,2,22.96,low,29.66,low,41.46,neutral
1,2,1,5.1,3,2,1,5,4,87,11,5,59.13,moderate,87.47,high,20.22,low
5,4,3,3.8,3,2,1,3,1,15,9,2,56.68,moderate,39.67,mild,50.09,neutral
5,1,2,6.5,2,4,4,5,1,45,2,3,17.31,low,32.97,mild,65.24,good
4,5,5,4.5,4,1,1,2,3,24,3,4,60.49,moderate,57.09,moderate,33.3,low
2,5,4,4.4,5,1,4,4,5,107,12,2,59.46,moderate,64.02,moderate,31.48,low
3,3,2,7.7,4,4,1,5,2,35,7,3,45.39,moderate,39.45,mild,44.61,neutral
5,3,4,3.6,2,1,1,5,1,68,11,4,47.53,moderate,58.2,moderate,29.21,low
1,4,4,9.3,3,2,1,3,3,63,11,2,52.13,moderate,56.32,moderate,31.31,low
5,1,4,7.1,4,4,2,4,3,59,5,5,25.44,mild,59.92,moderate,55.11,neutral
5,4,2,6.7,1,2,2,5,4,8,6,3,66.45,moderate,75.99,high,16.91,low
4,2,3,4.9,3,5,2,5,1,31,4,4,37.39,mild,40.17,mild,42.04,neutral
2,4,1,8.2,4,5,2,5,4,103,8,4,63.68,moderate,40.32,mild,35.59,low
3,2,3,6.8,3,1,5,1,2,66,8,5,34.62,mild,32.86,mild,61.53,neutral
1,4,2,5.6,4,1,3,3,1,106,8,4,63.36,moderate,29.36,low,45.4,neutral
5,4,3,7.2,5,5,5,4,5,67,11,3,40.24,mild,56.83,moderate,71.21,good
2,2,5,3.8,1,1,2,4,3,38,9,4,53.4,moderate,73.61,high,42.05,neutral
1,4,5,3.9,3,3,3,1,2,41,1,3,44.27,mild,25.22,low,54.97,neutral
4,3,3,4.8,4,5,1,3,5,93,4,5,59.85,moderate,63.17,moderate,42.59,neutral
4,2,4,7.4,5,3,2,1,4,28,7,3,24.42,low,34.57,mild,61.67,neutral
4,3,1,6.8,3,2,1,1,2,72,8,4,51.81,moderate,10.88,low,24.48,low
1,5,3,8.7,5,1,1,1,5,113,11,2,65.17,moderate,58.6,moderate,32.61,low
4,1,4,5.1,2,2,1,5,3,102,5,1,39.83,mild,72.36,high,30.53,low
4,5,4,7.8,3,3,1,2,2,46,10,3,50.35,moderate,30.89,mild,47.15,neutral
4,5,5,6.6,5,1,2,3,3,33,5,5,62.14,moderate,53.77,moderate,62.32,neutral
5,3,3,5.1,3,3,4,2,1,75,1,4,41.24,mild,28.34,low,73.22,good
2,4,5,7.5,2,3,1,5,5,73,6,2,60.48,moderate,60.06,moderate,50.84,neutral
2,2,5,6.7,3,2,4,5,2,87,1,5,56.15,moderate,77.9,high,48.26,neutral
5,1,3,5.7,4,5,2,4,3,8,5,4,19.71,low,53.95,moderate,45.49,neutral
3,3,1,6.9,5,5,3,5,1,65,3,3,32.34,mild,36.53,mild,59.76,neutral
3,5,2,6.6,4,4,5,1,5,1,0,5,51.58,moderate,48.04,mild,68.91,good
2,2,4,6.5,1,3,3,5,2,119,8,4,58.83,moderate,71.41,high,38.27,low
4,4,3,6.1,1,3,2,3,4,105,9,2,62.4,moderate,49.66,mild,36.72,low
4,4,5,4.5,5,1,2,3,2,89,1,1,30.84,mild,34.12,mild,53.45,neutral
1,4,5,6.9,3,2,1,1,3,35,7,2,47.59,moderate,43.22,mild,54.71,neutral
3,2,1,5.4,2,1,5,5,3,90,6,1,41.28,mild,60.09,moderate,30.85,low
5,2,5,5.0,2,2,4,1,2,53,1,1,27.63,mild,41.64,mild,70.21,good
2,3,2,6.4,1,3,2,5,3,78,7,3,67.66,moderate,69.69,moderate,17.06,low
2,5,5,8.1,1,4,3,4,3,28,3,5,67.49,moderate,64.45,moderate,40.93,neutral
5,5,3,7.1,4,2,3,4,2,57,10,4,49.53,moderate,39.23,mild,74.54,good
1,3,3,5.8,4,2,1,1,1,106,7,3,44.88,mild,24.66,low,48.3,neutral
2,5,1,5.8,3,4,5,4,1,22,1,2,54.61,moderate,50.42,moderate,73.83,good
3,3,1,7.9,1,1,4,5,3,46,6,4,65.81,moderate,75.79,high,34.82,low
4,2,3,2.5,4,1,3,2,2,35,1,3,63.43,moderate,47.5,mild,37.67,low
1,1,3,8.2,5,4,4,3,2,21,9,1,19.77,low,29.58,low,75.14,good
3,4,3,3.4,5,3,1,1,4,48,3,3,69.72,moderate,31.99,mild,37.64,low
1,4,1,4.3,2,5,5,3,4,73,6,1,62.26,moderate,51.5,moderate,49.63,neutral
4,5,3,5.9,4,4,4,4,5,6,9,3,61.27,moderate,61.88,moderate,41.42,neutral
4,4,1,10.7,2,5,5,2,4,24,10,1,51.04,moderate,28.06,low,41.16,neutral
3,1,1,9.8,5,4,5,4,3,98,6,2,46.54,moderate,49.19,mild,52.91,neutral
2,3,3,8.1,5,5,3,1,5,31,1,5,47.37,moderate,34.68,mild,57.13,neutral
1,4,4,7.4,2,1,2,4,5,40,3,1,59.68,moderate,78.79,high,35.31,low
5,3,4,3.4,3,3,4,3,2,81,7,1,40.21,mild,33.47,mild,58.46,neutral
4,3,5,7.1,2,5,3,2,1,90,0,2,36.3,mild,39.09,mild,75.19,good
2,5,5,5.8,4,4,3,2,5,116,4,5,56.23,moderate,55.02,moderate,73.59,good
3,4,2,5.3,2,3,4,2,5,19,4,5,45.45,moderate,86.7,high,41.69,neutral
4,4,4,7.1,4,5,5,4,5,91,3,4,41.37,mild,59.16,moderate,70.21,good
4,3,1,6.0,5,2,1,4,3,87,12,4,54.12,moderate,51.19,moderate,30.48,low
3,2,5,8.4,5,1,3,3,5,15,12,5,43.34,mild,80.7,high,44.02,neutral
2,3,2,3.3,1,4,4,1,4,106,11,2,51.62,moderate,44.71,mild,54.87,neutral
4,5,4,6.9,1,3,2,2,4,37,11,3,65.17,moderate,58.02,moderate,32.42,low
4,4,5,5.2,5,1,2,5,4,51,11,1,31.13,mild,66.94,moderate,66.41,good
3,4,4,6.1,1,2,1,3,2,96,2,3,57.76,moderate,55.12,moderate,42.17,neutral
1,1,5,7.3,3,1,2,3,4,63,5,5,48.01,moderate,65.74,moderate,48.95,neutral
3,5,1,4.8,5,5,3,2,5,33,0,1,73.91,elevated,41.45,mild,57.05,neutral
4,2,1,7.1,3,5,5,5,5,38,10,4,43.02,mild,77.83,high,46.23,neutral
5,5,4,6.4,1,5,3,2,3,89,11,3,47.76,moderate,46.05,mild,51.21,neutral
3,3,3,5.6,5,1,2,4,1,22,0,5,51.57,moderate,50.58,moderate,38.22,low
2,5,1,6.0,4,5,5,4,4,57,2,3,59.74,moderate,55.69,moderate,69.76,good
3,5,4,6.5,2,3,1,2,2,90,2,3,68.98,moderate,44.13,mild,46.33,neutral
1,4,1,5.4,4,2,1,1,2,107,12,1,49.77,moderate,34.94,mild,26.33,low
1,5,5,6.8,4,4,3,2,1,99,10,3,38.47,mild,15.95,low,81.13,good
4,4,1,6.3,3,5,5,2,1,43,3,5,47.35,moderate,35.59,mild,62.99,neutral
5,5,3,5.7,5,3,2,4,3,24,0,1,51.4,moderate,40.29,mild,50.62,neutral
5,1,5,9.7,4,1,1,3,2,113,5,1,27.32,mild,26.31,low,45.82,neutral
3,1,3,7.5,2,5,4,3,2,72,7,5,29.44,mild,38.04,mild,64.88,neutral
1,3,4,6.1,5,1,3,3,3,49,0,2,57.07,moderate,37.48,mild,65.57,good
5,5,4,7.1,5,1,4,5,3,109,6,4,51.72,moderate,61.59,moderate,60.08,neutral
3,4,5,5.0,1,4,2,5,3,87,6,4,51.8,moderate,66.37,moderate,48.57,neutral
2,3,3,6.0,2,4,1,1,3,57,12,3,51.74,moderate,39.82,mild,35.99,low
5,3,5,6.2,4,4,2,5,5,23,2,3,43.09,mild,77.44,high,60.09,neutral
4,4,3,4.6,5,5,3,2,2,9,2,4,46.51,moderate,39.53,mild,63.42,neutral
4,5,5,7.5,4,5,3,4,1,64,5,2,31.63,mild,25.63,low,68.32,good
2,5,4,5.9,3,1,5,5,5,13,4,1,53.79,moderate,86.62,high,62.75,neutral
5,1,1,6.2,2,2,2,3,1,37,11,5,44.77,mild,42.72,mild,18.51,low
3,3,4,5.8,1,4,2,4,4,82,10,1,54.42,moderate,48.45,mild,29.57,low
3,2,5,11.0,5,2,1,3,2,1,3,1,52.4,moderate,23.61,low,71.22,good
4,4,1,5.6,3,4,3,1,5,119,4,4,44.64,mild,52.12,moderate,24.54,low
4,3,5,3.1,3,3,5,1,1,52,8,3,31.71,mild,33.98,mild,78.88,good
1,5,1,3.9,5,3,5,2,1,105,11,2,53.16,moderate,18.66,low,55.74,neutral
2,3,5,8.2,1,1,2,5,3,20,2,1,52.49,moderate,77.92,high,34.71,low
2,4,4,9.2,2,4,3,2,3,55,3,2,37.85,mild,58.51,moderate,76.79,good
5,1,1,5.6,5,5,4,3,4,115,7,1,18.69,low,30.38,mild,57.69,neutral
4,5,4,9.1,2,5,1,3,4,76,11,3,56.72,moderate,73.97,high,49.13,neutral
2,1,1,8.1,5,2,4,2,5,97,3,3,39.99,mild,37.85,mild,50.32,neutral
4,2,3,6.5,5,4,1,3,4,82,6,5,34.81,mild,66.42,moderate,40.58,neutral
4,5,5,6.3,1,1,1,4,2,89,8,5,71.86,elevated,64.33,moderate,42.85,neutral
2,5,2,7.1,3,4,1,5,1,44,5,3,78.58,elevated,36.62,mild,41.01,neutral
3,3,1,8.4,4,3,5,4,2,54,10,3,42.8,mild,41.03,mild,59.28,neutral
5,3,3,7.5,3,5,4,5,5,5,6,4,30.83,mild,62.3,moderate,47.45,neutral
3,1,2,5.6,2,4,4,3,4,31,11,2,43.14,mild,69.39,moderate,51.3,neutral
1,5,1,6.5,1,1,4,4,4,7,7,4,61.44,moderate,71.55,high,21.93,low
4,1,3,10.4,1,5,4,1,2,39,11,1,16.14,low,24.07,low,72.54,good
3,1,2,7.3,1,4,3,1,3,87,11,5,41.25,mild,32.94,mild,36.18,low
3,3,1,8.4,2,2,5,5,4,24,3,5,49.53,moderate,72.02,high,48.51,neutral
4,1,2,7.8,2,2,1,4,5,57,11,5,49.05,moderate,73.73,high,18.46,low
5,1,1,7.3,5,1,3,1,3,66,1,2,18.23,low,23.95,low,41.75,neutral
2,4,5,7.0,3,2,4,3,1,19,3,4,45.41,moderate,34.81,mild,66.06,good
3,4,5,8.4,1,5,5,5,5,98,0,3,59.39,moderate,66.57,moderate,64.45,neutral
1,2,2,8.1,1,5,2,1,5,93,1,5,50.83,moderate,73.42,high,28.72,low
4,4,5,7.3,1,3,1,3,1,22,9,1,40.99,mild,31.98,mild,56.33,neutral
3,4,3,5.6,2,2,4,5,2,4,1,2,49.75,moderate,60.24,moderate,47.9,neutral
2,2,5,7.5,4,2,1,5,5,0,2,1,43.33,mild,74.76,high,61.3,neutral
4,4,1,6.7,1,5,4,2,5,35,5,5,49.08,moderate,83.15,high,33.28,low
3,3,2,6.2,3,1,4,5,5,15,10,1,63.38,moderate,84.5,high,34.78,low
3,5,4,11.0,3,4,4,4,5,2,10,1,47.62,moderate,63.49,moderate,57.78,neutral
3,1,2,4.0,1,5,2,3,1,55,12,1,36.12,mild,23.57,low,60.2,neutral
2,2,5,8.5,1,5,1,4,1,63,0,5,46.65,moderate,47.32,mild,40.18,neutral
1,2,3,5.2,2,4,4,5,3,2,1,3,61.19,moderate,71.65,high,52.5,neutral
5,2,3,7.0,1,5,2,2,4,72,5,1,38.09,mild,47.67,mild,48.25,neutral
1,5,3,11.0,4,2,2,1,3,48,3,2,63.85,moderate,38.31,mild,40.48,neutral
2,4,4,5.1,5,5,1,4,2,24,1,3,46.13,moderate,35.69,mild,82.65,good
4,3,1,5.5,4,1,2,1,2,13,6,5,58.75,moderate,20.73,low,24.56,low
1,3,4,6.8,4,1,5,4,4,91,6,2,42.82,mild,61.56,moderate,61.02,neutral
4,5,4,5.3,4,1,5,2,5,13,5,1,44.72,mild,64.0,moderate,76.47,good
4,3,5,8.4,5,4,2,4,5,24,0,4,53.92,moderate,60.19,moderate,57.75,neutral
4,2,5,5.8,1,2,1,4,1,86,5,3,44.61,mild,59.63,moderate,44.15,neutral
2,1,4,8.0,5,4,1,1,1,76,5,1,26.48,mild,14.3,low,65.24,good
1,2,3,4.4,3,1,1,1,2,120,2,3,59.58,moderate,33.98,mild,37.07,low
5,4,3,3.5,3,4,1,4,4,4,10,3,57.28,moderate,67.59,moderate,47.15,neutral
2,3,2,6.4,4,2,4,3,1,23,11,2,31.89,mild,28.84,low,52.38,neutral
5,3,5,4.0,3,3,4,1,4,80,12,2,37.54,mild,28.47,low,49.01,neutral
1,3,2,9.5,2,1,4,5,3,27,8,1,61.5,moderate,63.87,moderate,36.49,low
1,5,3,4.0,1,5,2,2,4,46,8,5,64.16,moderate,52.44,moderate,41.25,neutral
4,5,1,4.9,1,2,5,5,5,35,2,1,60.47,moderate,84.83,high,32.31,low
5,1,2,7.5,1,4,1,1,3,97,5,3,33.33,mild,46.14,mild,30.53,low
5,1,2,5.7,2,3,2,2,4,94,0,1,27.29,mild,48.74,mild,29.1,low
4,2,3,4.1,4,3,5,3,3,97,7,5,38.41,mild,44.94,mild,60.54,neutral
2,5,3,10.5,2,3,5,3,4,61,9,2,58.8,moderate,62.94,moderate,69.87,good
5,3,4,5.0,3,1,3,4,2,59,8,5,44.85,mild,80.94,high,46.66,neutral
4,5,3,6.4,1,5,4,1,1,69,0,1,43.07,mild,0.0,low,71.22,good
1,4,1,6.4,3,4,4,2,1,8,7,2,55.32,moderate,23.05,low,46.48,neutral
1,3,3,8.1,5,2,5,2,4,66,11,2,38.14,mild,37.17,mild,63.42,neutral
5,2,1,7.6,2,1,2,3,4,33,1,1,54.08,moderate,55.34,moderate,12.5,low
2,2,5,5.3,3,5,1,5,3,113,6,3,43.83,mild,53.97,moderate,65.85,good
4,1,4,6.2,5,2,1,3,4,22,3,3,52.02,moderate,48.21,mild,34.55,low
1,3,2,6.4,4,5,2,5,3,4,12,3,50.16,moderate,54.37,moderate,49.23,neutral
2,2,2,8.1,2,4,2,2,2,116,7,3,30.19,mild,32.39,mild,44.98,neutral
2,2,1,4.7,1,5,3,2,3,19,10,1,55.84,moderate,23.02,low,43.46,neutral
2,1,2,10.4,5,4,1,1,2,62,6,2,40.8,mild,30.17,mild,32.99,low
4,4,1,5.4,4,1,3,2,5,46,11,3,69.03,moderate,72.4,high,14.57,low
5,5,5,6.8,1,1,4,2,4,32,3,4,54.43,moderate,60.78,moderate,51.44,neutral
5,3,1,4.7,3,2,1,2,4,59,9,2,72.44,elevated,54.43,moderate,15.87,low
4,3,4,4.5,5,3,2,4,4,88,5,3,45.61,moderate,67.79,moderate,49.36,neutral
2,5,3,5.2,5,4,3,3,4,13,7,5,68.18,moderate,61.39,moderate,53.35,neutral
5,3,2,5.1,1,5,1,4,4,80,8,4,50.13,moderate,80.48,high,18.33,low
3,4,5,6.1,3,1,4,1,3,108,2,1,46.95,moderate,41.86,mild,56.7,neutral
3,3,1,5.0,5,4,4,5,5,35,11,2,58.23,moderate,70.87,high,47.5,neutral
4,3,5,8.1,4,1,2,1,1,82,9,1,35.99,mild,29.75,low,49.25,neutral
4,3,4,5.4,3,3,1,1,4,111,5,5,54.58,moderate,48.64,mild,39.7,low
5,4,4,5.2,2,1,3,3,3,112,7,5,26.72,mild,69.05,moderate,36.91,low
3,4,5,6.1,4,2,5,4,1,78,8,3,37.81,mild,17.67,low,76.81,good
4,3,3,8.6,3,4,2,2,4,113,5,2,38.04,mild,30.74,mild,67.85,good
4,1,2,7.2,3,4,5,1,1,94,8,4,17.89,low,23.53,low,57.89,neutral
2,5,1,6.6,5,5,5,5,4,62,7,1,51.23,moderate,53.47,moderate,63.75,neutral
2,5,5,4.2,2,3,2,5,3,15,10,4,74.6,elevated,65.88,moderate,50.02,neutral
4,1,3,4.7,4,2,3,4,4,103,3,5,46.99,moderate,63.02,moderate,47.98,neutral
1,2,5,4.5,1,5,1,2,4,34,0,1,45.76,moderate,47.63,mild,51.04,neutral
2,5,2,9.2,4,5,3,3,2,89,5,3,41.73,mild,32.75,mild,69.28,good
4,2,5,7.8,3,5,5,4,4,78,10,1,37.18,mild,28.21,low,84.73,good
5,5,5,5.2,5,4,5,3,2,43,1,4,31.08,mild,37.78,mild,92.11,good
3,4,2,5.8,2,4,1,1,4,93,11,4,56.98,moderate,49.81,mild,20.94,low
2,5,3,5.3,5,1,4,5,1,79,5,1,71.7,elevated,40.14,mild,60.77,neutral
3,1,4,5.2,3,3,1,5,1,90,2,5,38.05,mild,48.98,mild,40.17,neutral
4,3,2,7.6,2,3,2,1,4,115,6,2,42.97,mild,32.23,mild,29.61,low
3,3,1,6.3,1,2,5,4,1,33,10,3,51.27,moderate,38.75,mild,34.99,low
1,5,2,10.5,1,1,4,5,5,92,11,2,67.57,moderate,100.0,high,26.05,low
3,2,3,9.1,2,2,2,3,1,4,7,5,33.18,mild,39.06,mild,42.9,neutral
3,2,1,9.2,3,5,5,1,3,85,6,4,33.87,mild,41.79,mild,66.1,good
4,1,2,8.0,5,5,4,4,5,18,10,5,30.99,mild,49.65,mild,62.98,neutral
5,4,5,6.0,5,4,1,5,4,26,11,2,44.36,mild,54.03,moderate,60.84,neutral
5,5,1,7.9,4,1,1,2,4,23,10,3,51.51,moderate,47.24,mild,22.69,low
4,1,1,6.2,3,4,4,1,4,100,12,3,37.36,mild,39.72,mild,45.15,neutral
2,2,3,9.7,4,1,5,2,4,45,10,2,26.64,mild,48.85,mild,56.02,neutral
3,2,1,7.5,2,4,1,5,1,47,0,5,49.34,moderate,60.0,moderate,19.01,low
1,5,1,7.3,2,1,3,3,2,43,0,5,73.73,elevated,70.7,high,22.57,low
5,3,1,7.0,3,2,5,1,1,75,7,5,37.74,mild,30.03,mild,53.58,neutral
5,2,1,9.9,5,1,5,3,2,110,12,3,35.03,mild,36.55,mild,63.82,neutral
5,2,5,4.2,1,5,4,5,2,82,3,1,27.45,mild,39.9,mild,67.8,good
2,3,1,10.1,1,3,5,1,4,12,12,1,52.44,moderate,38.04,mild,37.54,low
2,2,3,6.5,1,5,5,3,5,62,11,3,54.59,moderate,78.82,high,63.25,neutral
5,1,4,4.3,2,1,5,2,3,13,1,5,32.67,mild,47.97,mild,38.98,low
3,5,4,5.4,1,4,4,1,1,20,6,4,56.14,moderate,26.27,low,73.1,good
4,3,4,3.8,1,3,5,3,4,23,2,4,60.67,moderate,72.48,high,44.04,neutral
3,2,2,8.0,1,3,1,4,3,84,1,4,40.62,mild,39.47,mild,27.01,low
3,4,5,4.9,2,5,1,4,4,105,8,5,56.0,moderate,55.87,moderate,44.44,neutral
4,4,1,7.1,4,1,3,1,2,29,2,5,43.17,mild,22.67,low,40.07,neutral
5,1,1,8.8,1,5,4,1,3,114,7,2,17.12,low,30.82,mild,63.92,neutral
2,1,5,5.6,2,1,5,3,4,32,8,4,48.31,moderate,72.21,high,51.55,neutral
5,1,1,6.3,5,2,4,2,4,37,5,2,35.65,mild,52.38,moderate,39.75,low
2,4,1,4.5,1,1,2,2,2,15,1,4,73.37,elevated,48.36,mild,20.13,low
3,4,1,6.1,5,3,5,3,3,5,0,1,39.23,mild,31.33,mild,71.2,good
5,4,1,11.0,3,3,1,4,5,75,4,1,64.91,moderate,67.65,moderate,23.68,low
5,4,1,8.2,4,4,1,3,1,49,0,1,31.47,mild,11.99,low,42.11,neutral
5,3,3,6.3,2,4,4,5,2,14,11,3,39.98,mild,55.89,moderate,55.6,neutral
2,3,4,5.7,2,4,5,1,3,68,2,5,38.61,mild,48.24,mild,59.96,neutral
5,4,1,6.7,2,5,3,3,5,41,0,3,61.08,moderate,36.93,mild,37.43,low
5,2,5,7.0,1,3,1,3,5,47,1,3,40.11,mild,76.64,high,35.36,low
5,5,1,6.0,2,1,1,4,3,107,9,4,69.18,moderate,67.81,moderate,22.58,low
1,5,4,7.8,5,1,5,3,3,48,7,5,56.53,moderate,51.86,moderate,71.63,good
4,5,5,5.1,1,2,2,5,3,54,8,3,60.23,moderate,82.88,high,31.16,low
5,5,3,5.1,3,4,4,5,3,83,4,4,53.63,moderate,44.69,mild,52.23,neutral
4,2,3,7.5,4,1,2,4,4,108,4,3,46.88,moderate,50.2,moderate,40.97,neutral
2,1,1,4.7,1,5,2,2,3,89,8,5,43.8,mild,51.85,moderate,22.9,low
4,3,2,8.1,1,5,4,2,3,59,1,3,44.71,mild,22.67,low,41.87,neutral
1,4,5,6.8,3,1,4,3,5,36,5,5,67.17,moderate,72.34,high,49.3,neutral
3,4,2,3.5,2,4,3,3,1,21,1,5,61.67,moderate,50.73,moderate,48.76,neutral
4,2,1,7.0,5,3,3,1,5,14,5,5,40.18,mild,52.46,moderate,49.8,neutral
3,2,4,3.8,1,3,3,2,4,91,12,2,49.12,moderate,61.29,moderate,50.61,neutral
4,3,4,8.0,1,4,3,5,3,89,11,2,39.95,mild,58.29,moderate,69.45,good
2,5,1,6.4,2,3,5,3,3,42,8,4,60.74,moderate,50.6,moderate,37.84,low
4,1,1,10.1,2,2,4,5,3,113,8,5,40.28,mild,69.25,moderate,35.17,low
4,2,1,8.7,1,3,2,2,3,116,4,4,60.41,moderate,55.19,moderate,15.63,low
4,2,1,4.9,4,1,2,5,2,75,9,4,68.01,moderate,44.16,mild,39.14,low
2,5,4,3.2,2,2,4,5,4,31,10,3,64.42,moderate,92.81,high,58.88,neutral
2,3,1,5.4,3,5,4,2,2,61,7,5,54.21,moderate,28.59,low,57.94,neutral
2,1,4,4.6,2,1,2,4,4,99,1,3,66.26,moderate,79.67,high,21.11,low
3,2,1,10.1,1,3,5,5,3,61,9,4,46.37,moderate,72.85,high,41.37,neutral
3,1,5,6.8,1,2,3,4,2,59,1,3,19.94,low,45.36,mild,44.95,neutral
2,3,4,8.5,1,3,2,5,5,64,4,5,75.56,elevated,99.41,high,35.38,low
3,5,2,6.3,5,2,3,1,2,101,2,4,51.73,moderate,36.37,mild,41.11,neutral
2,3,3,6.5,2,3,1,1,4,49,0,5,52.97,moderate,39.64,mild,35.66,low
2,5,1,6.7,2,3,4,1,2,22,9,1,54.36,moderate,26.76,low,44.67,neutral
4,4,1,8.8,3,4,5,2,2,62,8,2,37.94,mild,31.18,mild,51.52,neutral
5,5,3,7.4,1,2,5,4,3,76,5,5,76.85,elevated,49.04,mild,49.74,neutral
2,2,1,4.9,4,3,3,5,5,113,4,1,52.73,moderate,49.54,mild,35.09,low
5,5,4,9.7,3,4,2,3,2,13,8,4,50.46,moderate,33.91,mild,54.11,neutral
3,2,2,6.3,4,4,3,3,1,114,6,4,46.95,moderate,15.81,low,61.15,neutral
1,3,1,6.0,1,3,1,5,1,97,3,2,74.28,elevated,39.77,mild,36.48,low
2,4,3,2.5,1,2,4,3,3,85,6,1,71.47,elevated,48.18,mild,48.46,neutral
1,2,3,7.9,4,3,3,3,4,28,10,1,40.68,mild,44.61,mild,39.55,low
1,2,4,7.0,2,3,1,1,4,24,7,5,50.09,moderate,44.86,mild,27.28,low
2,1,1,7.0,1,5,3,2,2,51,10,1,18.97,low,40.41,mild,44.3,neutral
3,1,3,6.1,3,2,4,4,5,22,6,4,45.92,moderate,77.11,high,51.96,neutral
4,3,5,5.8,3,2,2,4,1,79,5,1,37.99,mild,43.67,mild,60.08,neutral
1,5,2,6.1,5,4,3,3,3,91,9,2,62.29,moderate,19.79,low,60.84,neutral
5,2,5,7.6,5,4,5,4,5,57,2,1,37.74,mild,46.02,mild,80.53,good
2,3,4,8.0,3,3,4,4,5,83,8,4,56.3,moderate,72.11,high,61.45,neutral
1,5,3,6.4,1,1,4,1,4,94,8,1,71.51,elevated,58.03,moderate,48.43,neutral
4,4,5,8.5,4,4,3,5,2,110,3,4,41.23,mild,40.45,mild,59.84,neutral
4,1,5,6.7,2,4,3,4,4,83,3,5,46.2,moderate,62.41,moderate,59.08,neutral
4,3,2,5.9,5,5,3,2,2,28,1,4,37.24,mild,20.32,low,49.91,neutral
1,1,5,7.2,4,3,3,2,2,15,1,4,41.89,mild,28.85,low,73.08,good
1,2,1,4.4,2,3,1,5,3,113,1,5,76.22,elevated,90.99,high,14.24,low
2,2,1,7.2,5,2,1,2,4,93,8,5,55.56,moderate,51.85,moderate,28.79,low
3,4,1,4.0,3,3,5,1,2,102,1,4,40.6,mild,36.08,mild,55.84,neutral
5,1,2,5.0,2,1,3,1,5,51,6,3,53.0,moderate,54.11,moderate,33.0,low
2,2,5,3.2,1,3,3,2,5,19,1,2,57.18,moderate,58.53,moderate,63.84,neutral
1,2,4,6.5,4,4,3,4,2,72,10,4,46.34,moderate,38.86,mild,63.77,neutral
5,2,4,9.7,2,4,3,3,2,77,8,1,32.4,mild,48.08,mild,62.51,neutral
1,4,1,6.6,1,4,5,4,1,26,3,5,63.74,moderate,45.31,mild,55.64,neutral
1,2,3,8.0,1,5,3,2,3,56,9,5,56.77,moderate,46.98,mild,63.92,neutral
3,2,2,11.0,4,4,3,2,1,51,2,2,34.39,mild,14.52,low,59.36,neutral
3,3,3,7.5,5,4,3,3,5,31,8,4,46.99,moderate,37.82,mild,51.4,neutral
4,4,2,5.4,2,3,1,4,5,98,8,4,59.45,moderate,81.67,high,17.05,low
5,1,2,5.7,2,4,1,3,5,58,5,5,51.31,moderate,68.91,moderate,28.61,low
5,5,5,6.8,4,4,1,4,2,112,9,5,46.32,moderate,46.76,mild,55.87,neutral
2,5,3,5.7,1,3,2,1,4,0,12,4,61.6,moderate,58.09,moderate,22.26,low
5,4,3,5.8,1,3,1,3,3,113,5,5,57.23,moderate,53.35,moderate,37.48,low
4,3,1,8.6,4,4,2,3,2,80,3,2,38.54,mild,32.48,mild,50.02,neutral
1,4,4,8.6,3,2,5,1,3,84,5,3,45.62,moderate,28.34,low,76.17,good
5,3,3,3.8,1,2,2,2,1,34,7,1,46.81,moderate,39.04,mild,52.75,neutral
1,2,2,5.3,2,3,4,2,5,9,1,5,62.59,moderate,68.85,moderate,41.02,neutral
3,2,4,6.0,1,4,2,3,1,28,12,2,22.42,low,49.03,mild,54.83,neutral
4,1,1,7.9,4,3,5,1,2,53,6,3,28.55,mild,15.91,low,66.55,good
2,5,3,8.9,4,1,4,2,2,40,12,1,48.93,moderate,20.05,low,49.03,neutral
2,2,5,11.0,4,5,5,5,3,23,12,2,33.91,mild,47.0,mild,79.93,good
3,2,3,6.0,1,3,2,1,4,1,0,4,41.87,mild,61.65,moderate,35.78,low
5,5,1,6.1,5,3,1,5,5,84,1,2,62.4,moderate,39.81,mild,34.63,low
2,3,2,7.9,2,5,2,3,2,80,2,3,44.1,mild,44.59,mild,39.94,low
4,4,1,5.6,5,3,4,1,2,19,7,3,52.61,moderate,20.5,low,51.3,neutral
3,2,3,6.5,5,1,4,3,1,94,4,4,21.68,low,22.0,low,56.3,neutral
1,2,2,6.1,3,5,4,3,3,118,0,2,36.55,mild,36.68,mild,61.76,neutral
4,4,1,2.5,4,2,5,2,5,120,7,3,50.5,moderate,56.83,moderate,44.95,neutral
5,3,4,7.0,4,5,2,2,1,23,4,1,25.83,mild,0.0,low,59.89,neutral
3,1,1,6.5,4,3,3,4,5,51,10,3,55.36,moderate,47.83,mild,24.72,low
1,5,2,9.1,1,2,3,1,2,6,9,1,66.98,moderate,42.42,mild,41.59,neutral
1,3,5,6.8,1,2,1,5,5,1,10,4,57.95,moderate,82.71,high,31.36,low
3,4,1,4.5,5,5,4,2,1,102,7,5,41.48,mild,17.31,low,62.97,neutral
3,2,2,6.3,4,5,1,2,5,117,9,3,38.44,mild,56.24,moderate,37.23,low
3,3,2,3.0,4,1,5,1,2,24,1,5,56.16,moderate,42.5,mild,61.05,neutral
2,4,3,4.6,2,5,1,5,2,56,9,2,55.1,moderate,35.62,mild,45.7,neutral
3,5,2,7.9,3,5,1,2,2,2,5,5,44.44,mild,38.27,mild,44.68,neutral
2,2,5,6.4,2,4,1,5,1,98,0,3,47.52,moderate,57.31,moderate,55.71,neutral
4,4,1,8.5,3,1,5,2,4,66,1,3,63.98,moderate,60.81,moderate,53.03,neutral
4,5,5,3.3,4,3,5,1,1,35,4,3,38.1,mild,14.68,low,77.81,good
4,4,3,6.4,4,3,5,3,3,117,4,5,45.11,moderate,35.7,mild,59.13,neutral
1,1,1,5.9,2,1,5,3,5,16,2,4,46.86,moderate,69.23,moderate,28.06,low
5,1,1,8.5,5,5,5,3,3,32,9,3,6.75,low,34.71,mild,74.06,good
1,2,1,8.0,1,4,3,5,5,90,5,4,48.27,moderate,94.23,high,20.51,low
5,1,2,8.0,5,1,1,3,4,49,3,3,39.15,mild,46.05,mild,24.41,low
1,4,2,9.6,4,2,3,4,4,84,8,5,64.95,moderate,61.39,moderate,36.4,low
3,5,4,6.1,3,5,2,2,5,28,5,3,59.63,moderate,62.18,moderate,55.84,neutral
1,3,2,9.2,2,3,2,1,1,79,10,5,51.7,moderate,27.12,low,49.82,neutral
1,3,4,4.9,2,3,4,3,2,67,6,2,57.13,moderate,59.55,moderate,58.46,neutral
4,4,2,4.9,2,1,1,3,2,5,9,3,68.66,moderate,51.29,moderate,18.25,low
4,3,2,8.2,5,1,2,3,1,39,11,4,39.73,mild,42.25,mild,35.22,low
1,3,2,4.1,1,5,2,4,1,35,1,3,51.18,moderate,46.99,mild,38.25,low
5,3,2,7.8,4,5,1,5,1,71,1,3,22.74,low,37.9,mild,66.26,good
2,2,5,7.0,5,1,4,1,5,53,9,1,46.08,moderate,43.3,mild,72.56,good
2,1,2,8.7,3,3,4,1,5,57,7,5,36.63,mild,57.13,moderate,50.04,neutral
2,3,2,6.7,4,4,3,2,3,20,3,2,33.41,mild,36.19,mild,54.5,neutral
3,5,5,6.9,3,5,1,3,5,112,0,1,53.27,moderate,59.25,moderate,57.6,neutral
1,1,4,7.7,3,3,4,1,2,90,12,5,20.54,low,37.09,mild,71.54,good
3,2,1,5.6,4,5,3,1,3,81,1,1,38.15,mild,7.47,low,59.5,neutral
2,2,5,5.5,5,1,2,3,5,33,6,4,47.2,moderate,68.37,moderate,54.04,neutral
1,5,1,7.7,4,1,5,2,1,82,2,2,62.23,moderate,18.45,low,53.13,neutral
2,3,1,6.7,5,3,5,5,1,28,5,4,52.62,moderate,32.01,mild,53.93,neutral
4,3,3,6.1,3,2,3,3,3,58,9,2,52.69,moderate,53.11,moderate,50.89,neutral
4,4,4,6.7,4,4,3,5,2,32,6,4,44.38,mild,61.2,moderate,62.42,neutral
2,2,1,9.7,5,2,5,4,4,36,0,5,46.67,moderate,61.32,moderate,63.06,neutral
2,4,4,6.0,2,3,1,3,4,78,1,3,52.94,moderate,78.42,high,47.15,neutral
4,1,1,6.0,5,3,3,5,2,37,12,3,32.09,mild,33.79,mild,39.11,low
4,1,4,3.7,4,5,3,5,1,88,3,4,48.05,moderate,51.34,moderate,58.64,neutral
5,5,1,6.7,3,1,2,3,1,60,5,2,51.23,moderate,38.8,mild,27.56,low
5,4,3,8.0,4,3,2,5,3,118,10,3,47.4,moderate,55.77,moderate,36.33,low
5,1,4,8.3,1,2,1,2,2,23,10,4,47.13,moderate,59.87,moderate,32.83,low
5,3,2,7.0,4,1,2,2,1,114,3,1,38.8,mild,16.66,low,36.24,low
3,1,4,8.5,3,5,2,4,4,16,2,3,32.08,mild,66.78,moderate,51.38,neutral
2,4,4,8.1,5,5,5,4,5,66,5,3,50.62,moderate,52.69,moderate,73.48,good
2,4,4,8.8,4,1,2,2,5,45,4,2,54.16,moderate,52.53,moderate,46.43,neutral
2,2,2,8.6,3,4,1,4,1,91,9,3,47.51,moderate,22.52,low,38.09,low
4,2,4,9.6,3,4,5,3,1,15,9,2,30.21,mild,42.5,mild,70.03,good
4,2,4,6.5,3,4,2,3,3,30,3,3,32.67,mild,55.05,moderate,64.22,neutral
5,2,2,4.4,5,3,5,5,5,27,4,2,44.03,mild,63.71,moderate,58.72,neutral
1,2,4,8.0,4,2,1,1,3,111,9,5,58.91,moderate,44.8,mild,42.14,neutral
3,2,5,8.2,1,1,1,3,3,64,6,4,43.99,mild,64.88,moderate,27.66,low
2,3,5,9.6,3,1,5,2,5,19,7,4,61.4,moderate,65.56,moderate,49.76,neutral
5,5,4,9.1,2,1,1,3,4,95,10,5,57.33,moderate,80.53,high,16.43,low
2,4,4,10.3,1,3,1,1,5,34,8,1,75.64,elevated,53.35,moderate,46.63,neutral
1,2,5,7.9,5,1,4,1,5,27,8,2,32.5,mild,27.49,low,75.78,good
3,5,2,7.2,5,4,2,4,5,59,6,1,52.97,moderate,54.37,moderate,41.08,neutral
5,2,4,4.3,5,4,3,1,3,95,10,4,40.93,mild,32.79,mild,81.18,good
5,5,1,7.4,2,2,3,3,2,101,0,2,65.29,moderate,37.34,mild,38.43,low
1,2,2,5.8,3,1,2,5,1,1,1,4,65.88,moderate,44.49,mild,32.63,low
2,3,5,7.2,4,3,3,5,4,108,8,5,39.51,mild,52.5,moderate,64.9,neutral
1,2,2,6.9,1,5,2,1,2,120,7,2,43.74,mild,24.3,low,49.95,neutral
2,4,5,7.6,1,2,2,5,1,38,3,2,52.38,moderate,41.8,mild,49.23,neutral
3,2,3,6.6,3,5,2,2,5,62,7,3,34.9,mild,60.78,moderate,46.83,neutral
2,5,2,8.5,4,2,1,1,3,45,1,3,67.2,moderate,40.43,mild,35.64,low
1,1,1,2.5,3,1,3,3,3,57,7,2,51.54,moderate,53.14,moderate,18.39,low
3,3,3,7.1,2,4,3,3,4,78,4,2,35.51,mild,57.92,moderate,42.09,neutral
1,1,3,9.0,3,5,1,2,2,78,7,2,24.87,low,25.7,low,66.4,good
2,5,3,10.2,5,5,3,3,5,57,4,3,72.4,elevated,50.37,moderate,53.88,neutral
1,3,1,8.1,2,5,4,1,3,57,9,3,43.75,mild,33.57,mild,35.19,low
1,4,2,9.8,3,1,1,2,3,59,1,3,64.85,moderate,66.53,moderate,34.23,low
3,5,1,7.1,2,1,2,1,2,49,10,2,50.39,moderate,41.01,mild,29.74,low
5,3,2,6.8,2,3,5,5,4,14,6,4,58.65,moderate,70.06,high,45.94,neutral
4,1,5,7.8,4,5,3,3,2,44,2,3,8.52,low,36.58,mild,75.24,good
1,2,1,6.8,2,5,1,3,4,86,12,2,44.67,mild,58.46,moderate,36.04,low
1,2,4,5.4,4,2,3,3,5,118,1,4,51.74,moderate,69.57,moderate,62.49,neutral
2,5,1,5.9,1,2,3,5,1,98,6,5,71.08,elevated,56.89,moderate,20.58,low
4,5,3,4.8,4,4,2,4,3,104,0,2,60.17,moderate,43.25,mild,56.81,neutral
4,3,5,7.8,1,5,1,4,4,94,11,3,38.51,mild,52.36,moderate,55.7,neutral
5,5,2,6.8,2,1,5,2,2,60,2,5,64.06,moderate,50.37,moderate,40.38,neutral
2,2,1,6.2,5,5,5,2,1,82,3,2,25.44,mild,4.82,low,84.08,good
1,4,3,5.8,2,5,4,5,3,101,8,2,47.46,moderate,51.59,moderate,65.67,good
1,2,2,7.7,4,1,1,5,3,26,11,2,47.56,moderate,62.47,moderate,17.06,low
1,2,5,8.2,2,5,5,2,5,18,5,3,33.51,mild,70.93,high,86.51,good
1,2,5,4.8,5,4,3,2,5,32,3,3,34.8,mild,53.67,moderate,61.48,neutral
5,3,4,4.5,5,5,3,2,1,64,4,4,34.37,mild,17.39,low,71.75,good
2,2,4,8.5,5,2,5,4,2,95,11,2,25.22,mild,37.61,mild,78.97,good
5,2,4,4.3,2,5,3,5,1,54,11,3,32.55,mild,54.93,moderate,69.58,good
3,2,4,7.8,2,1,2,5,5,118,1,1,43.83,mild,82.02,high,34.04,low
3,1,3,9.7,4,1,2,5,2,39,11,5,36.99,mild,61.65,moderate,32.46,low
3,5,5,9.7,5,3,5,2,5,55,10,2,54.74,moderate,52.29,moderate,77.42,good
5,2,2,8.1,3,4,3,2,1,111,7,2,39.16,mild,7.21,low,52.47,neutral
1,1,1,8.1,4,1,3,5,3,20,3,1,61.59,moderate,58.58,moderate,39.73,low
1,3,4,10.9,5,2,3,2,1,100,5,2,32.98,mild,15.17,low,65.25,good
3,5,4,2.6,4,2,2,2,3,18,10,5,52.29,moderate,56.05,moderate,45.04,neutral
2,2,5,6.0,2,1,3,5,1,109,3,3,61.56,moderate,47.05,mild,40.68,neutral
3,5,2,8.3,2,1,5,3,1,39,4,4,53.19,moderate,49.24,mild,42.25,neutral
4,4,3,6.2,3,1,1,1,1,76,5,3,36.59,mild,25.93,low,39.05,low
3,4,3,9.0,3,5,5,5,4,86,0,2,57.64,moderate,48.86,mild,54.71,neutral
2,2,2,6.7,5,5,2,2,4,45,5,4,43.02,mild,35.81,mild,37.79,low
2,1,4,7.0,2,4,2,2,3,66,1,2,40.57,mild,59.74,moderate,61.34,neutral
4,2,3,6.3,1,4,1,3,1,91,0,4,23.91,low,19.18,low,30.5,low
2,5,4,5.9,2,1,4,2,2,105,5,5,56.4,moderate,51.84,moderate,41.53,neutral
3,4,3,5.8,3,1,2,5,2,13,9,1,64.07,moderate,43.93,mild,51.06,neutral
3,4,2,7.3,2,2,3,4,5,59,12,1,53.57,moderate,82.25,high,38.54,low
4,5,5,5.4,2,5,3,3,4,103,5,4,61.0,moderate,65.58,moderate,70.45,good
4,2,3,8.5,2,3,4,2,1,67,9,1,17.94,low,26.95,low,64.79,neutral
3,2,4,8.0,5,5,5,3,1,3,2,4,23.26,low,27.65,low,96.99,good
2,5,3,8.8,3,2,3,2,2,15,8,2,68.25,moderate,37.51,mild,58.82,neutral
2,3,2,4.8,4,2,1,5,2,99,8,3,50.29,moderate,52.86,moderate,29.24,low
3,2,5,3.7,3,5,4,4,3,51,4,4,41.82,mild,49.37,mild,63.98,neutral
2,2,2,6.8,1,3,1,1,5,85,5,2,59.19,moderate,54.5,moderate,14.23,low
4,5,5,11.0,2,4,5,3,1,108,8,5,46.01,moderate,38.05,mild,74.63,good
2,1,3,9.1,5,4,2,4,3,10,4,5,40.21,mild,48.44,mild,43.2,neutral
4,1,1,5.8,3,4,4,3,3,55,7,2,27.52,mild,26.49,low,41.62,neutral
4,4,1,7.6,4,4,1,1,4,17,3,4,53.64,moderate,47.94,mild,32.78,low
5,1,5,8.1,4,5,3,1,3,101,6,4,15.96,low,46.09,mild,87.43,good
1,1,3,4.3,3,3,4,4,3,54,0,2,35.52,mild,50.8,moderate,42.92,neutral
4,5,2,9.3,3,2,4,3,2,106,5,5,65.0,moderate,59.77,moderate,45.74,neutral
1,3,5,6.5,2,3,1,3,5,36,6,2,49.39,moderate,64.07,moderate,33.74,low
2,4,4,6.6,2,2,1,2,2,17,10,2,41.92,mild,33.18,mild,38.55,low
1,3,4,6.8,1,1,5,2,1,104,4,4,42.49,mild,38.81,mild,64.69,neutral
1,1,4,8.9,2,2,3,3,1,74,0,1,31.37,mild,35.26,mild,49.21,neutral
1,1,1,5.4,4,3,5,3,1,23,0,5,41.2,mild,28.24,low,52.89,neutral
1,4,1,3.7,5,3,1,3,2,84,7,2,53.25,moderate,39.71,mild,39.38,low
5,1,4,7.4,3,2,3,5,5,50,10,3,39.81,mild,71.5,high,49.61,neutral
1,3,1,3.1,4,4,3,1,1,5,11,4,64.98,moderate,12.66,low,48.12,neutral
2,2,4,6.3,5,2,5,3,1,31,10,5,34.01,mild,31.95,mild,84.09,good
4,2,1,8.9,4,4,4,2,3,90,4,4,26.26,mild,32.24,mild,47.69,neutral
5,5,2,7.8,2,2,4,1,3,15,6,2,40.51,mild,37.09,mild,50.12,neutral
5,4,4,8.7,2,5,2,3,3,40,11,4,44.69,mild,48.14,mild,51.48,neutral
1,4,4,7.9,4,4,5,1,1,31,10,2,18.4,low,0.0,low,90.68,good
5,2,4,11.0,2,3,2,2,2,88,5,3,28.37,mild,55.85,moderate,67.22,good
4,2,4,5.7,2,3,2,4,2,104,6,4,29.02,mild,60.51,moderate,44.03,neutral
1,4,1,7.5,3,4,4,2,4,95,0,3,57.57,moderate,39.83,mild,45.87,neutral
3,1,5,6.0,4,3,5,4,4,86,2,1,46.78,moderate,52.99,moderate,72.29,good
5,2,2,8.5,2,5,5,2,5,10,6,1,23.28,low,57.0,moderate,52.81,neutral
2,4,1,6.7,1,1,1,3,3,110,6,1,74.01,elevated,58.3,moderate,7.91,low
1,4,5,9.9,4,5,5,5,3,19,7,1,41.02,mild,63.19,moderate,83.85,good
5,1,1,5.8,2,5,2,2,3,49,4,4,26.42,mild,41.87,mild,29.78,low
5,4,3,9.3,4,2,2,3,2,100,2,1,56.41,moderate,45.9,mild,43.78,neutral
5,3,3,7.9,1,2,5,4,1,29,5,2,54.07,moderate,32.7,mild,28.43,low
5,2,4,6.7,2,5,5,2,3,26,11,2,26.77,mild,26.8,low,84.83,good
5,4,1,7.8,4,3,2,2,2,3,12,1,44.72,mild,39.19,mild,55.9,neutral
3,5,1,7.3,1,4,1,4,2,43,0,5,67.09,moderate,49.97,mild,25.69,low
1,3,3,7.4,2,1,2,1,4,59,4,1,53.24,moderate,37.67,mild,29.51,low
4,2,3,6.4,4,3,3,2,1,56,6,1,30.12,mild,17.03,low,53.14,neutral
2,2,4,5.5,4,4,1,3,1,4,2,2,45.4,moderate,35.43,mild,46.73,neutral
3,3,4,6.2,2,5,2,2,2,24,4,1,51.35,moderate,20.94,low,66.11,good
4,1,1,3.8,1,3,1,3,3,0,1,2,49.59,moderate,57.7,moderate,29.87,low
5,3,5,8.3,1,1,5,4,5,27,6,1,44.45,mild,61.23,moderate,55.08,neutral
2,1,3,4.6,3,3,2,5,3,73,11,2,46.99,moderate,55.44,moderate,49.11,neutral
2,1,5,6.4,4,4,2,4,2,1,12,1,38.79,mild,42.43,mild,71.56,good
4,3,5,8.0,3,5,3,3,2,19,0,5,53.41,moderate,30.83,mild,63.83,neutral
1,4,1,8.3,3,5,1,4,2,65,8,4,69.25,moderate,29.98,low,41.58,neutral
3,5,3,3.6,1,4,3,2,2,67,11,4,66.05,moderate,39.95,mild,56.31,neutral
4,1,3,6.6,2,1,5,3,4,108,9,3,44.76,mild,60.11,moderate,39.08,low
3,2,3,7.6,1,3,5,5,4,69,0,4,57.51,moderate,82.56,high,52.21,neutral
2,3,2,6.9,3,3,2,1,4,112,5,5,73.35,elevated,52.48,moderate,35.57,low
5,3,3,9.2,2,3,1,2,2,87,9,1,26.54,mild,39.68,mild,39.66,low
2,5,3,5.3,1,5,4,2,2,66,12,3,58.44,moderate,38.67,mild,62.37,neutral
4,4,1,3.1,4,5,5,5,1,46,3,1,26.03,mild,28.24,low,66.88,good
3,3,2,8.3,2,2,5,2,4,13,3,3,57.74,moderate,49.93,mild,53.36,neutral
1,1,1,5.8,5,5,3,2,5,85,3,5,52.34,moderate,54.41,moderate,40.46,neutral
3,1,5,3.6,3,5,3,5,1,113,11,4,29.04,mild,58.73,moderate,74.77,good
1,1,4,6.5,1,4,4,5,1,44,2,4,19.51,low,41.81,mild,48.47,neutral
5,4,2,9.0,4,2,4,1,2,43,4,1,37.42,mild,14.5,low,56.57,neutral
4,2,2,4.5,4,4,4,5,4,11,1,5,51.05,moderate,58.11,moderate,47.6,neutral
2,2,1,11.0,5,3,2,4,2,72,12,4,52.27,moderate,51.71,moderate,47.26,neutral
3,4,2,5.3,4,5,5,5,1,37,0,2,38.57,mild,32.03,mild,69.07,good
4,5,5,7.0,2,4,1,1,2,1,6,2,36.79,mild,31.39,mild,56.41,neutral
2,3,1,4.6,4,5,1,1,2,0,2,3,51.83,moderate,17.58,low,55.41,neutral
2,5,1,6.9,4,3,4,2,2,40,5,4,48.62,moderate,37.63,mild,46.57,neutral
3,4,5,6.6,3,1,3,5,3,55,7,3,58.47,moderate,62.01,moderate,47.73,neutral
2,4,3,4.1,4,3,3,3,2,55,9,5,55.43,moderate,31.14,mild,38.99,low
4,5,1,11.0,5,5,5,4,1,89,7,2,31.48,mild,33.53,mild,66.77,good
1,1,3,5.9,4,4,5,2,1,63,5,4,32.17,mild,22.52,low,66.73,good
5,4,4,5.9,3,4,4,2,4,94,3,5,46.52,moderate,50.55,moderate,60.24,neutral
2,5,2,8.5,3,4,1,5,4,35,10,4,81.92,elevated,68.81,moderate,31.17,low
3,5,2,10.1,5,3,1,3,2,28,8,2,64.65,moderate,19.12,low,35.82,low
1,3,4,8.8,5,1,1,4,5,65,8,3,52.95,moderate,71.69,high,32.42,low
2,4,3,4.6,2,3,4,4,3,12,10,3,70.8,elevated,55.29,moderate,36.95,low
4,5,5,7.2,1,1,4,1,4,92,2,2,38.73,mild,53.63,moderate,50.67,neutral
2,5,2,3.4,5,2,4,5,4,22,12,1,67.04,moderate,72.54,high,42.44,neutral
1,5,2,8.4,2,4,1,5,2,110,11,1,71.03,elevated,52.38,moderate,51.15,neutral
3,5,1,3.9,5,5,2,4,3,119,5,4,74.37,elevated,44.81,mild,56.53,neutral
1,2,4,5.4,1,2,2,3,3,65,2,2,69.93,moderate,57.32,moderate,50.98,neutral
2,4,3,6.8,5,4,4,3,3,37,4,4,56.2,moderate,15.7,low,55.64,neutral
3,3,2,7.6,4,2,1,2,4,40,5,4,51.33,moderate,42.78,mild,29.58,low
3,5,4,6.3,2,2,5,4,2,51,12,3,56.05,moderate,54.14,moderate,50.62,neutral
4,5,2,9.5,1,5,1,2,1,57,3,2,55.14,moderate,20.68,low,54.99,neutral
4,5,1,8.1,5,4,3,1,1,9,12,5,39.06,mild,2.13,low,61.9,neutral
5,3,3,8.0,1,1,5,1,3,23,3,1,37.29,mild,49.21,mild,43.08,neutral
1,3,3,4.6,1,1,1,3,5,95,12,2,85.58,elevated,90.41,high,22.71,low
2,1,3,9.9,4,1,4,5,2,6,12,4,51.15,moderate,51.27,moderate,37.89,low
1,4,3,5.4,4,3,3,4,3,54,7,5,76.89,elevated,64.11,moderate,48.66,neutral
1,3,5,9.9,1,1,5,5,1,105,1,3,44.57,mild,65.79,moderate,58.1,neutral
2,3,2,10.4,2,3,3,4,4,10,8,4,60.09,moderate,62.36,moderate,40.17,neutral
3,4,2,7.7,4,3,5,5,1,111,11,2,45.02,moderate,28.31,low,69.4,good
5,5,3,8.7,4,4,3,4,3,57,12,5,54.86,moderate,67.86,moderate,53.66,neutral
4,1,1,2.5,2,2,1,5,5,51,5,3,62.27,moderate,77.95,high,8.46,low
4,3,1,6.4,3,1,4,3,2,86,6,4,55.3,moderate,42.97,mild,10.87,low
4,4,3,8.8,1,1,5,1,5,94,4,1,57.43,moderate,80.0,high,59.0,neutral
1,5,3,8.5,1,1,3,2,1,57,2,3,51.77,moderate,35.16,mild,35.99,low
5,4,4,4.6,5,1,5,5,1,10,8,4,47.92,moderate,58.83,moderate,68.82,good
5,4,1,6.3,2,2,5,4,1,117,12,3,54.5,moderate,35.44,mild,62.07,neutral
1,5,5,2.5,5,5,4,1,2,1,3,5,54.67,moderate,27.24,low,77.45,good
3,5,3,7.5,1,4,4,1,3,105,10,5,36.28,mild,54.77,moderate,52.42,neutral
5,4,1,3.4,5,2,3,4,5,52,1,1,57.05,moderate,60.58,moderate,41.47,neutral
3,2,2,8.8,3,5,5,5,2,62,0,5,44.29,mild,51.21,moderate,67.49,good
5,3,2,8.9,5,4,2,4,2,92,11,2,29.69,mild,39.19,mild,52.01,neutral
5,4,3,5.9,5,4,3,5,1,113,1,3,46.3,moderate,24.73,low,72.65,good
3,1,3,7.7,2,5,1,1,4,18,5,3,42.68,mild,61.52,moderate,40.17,neutral
1,4,3,6.4,4,4,1,5,3,98,11,4,61.77,moderate,63.8,moderate,46.35,neutral
2,3,3,7.2,2,5,3,1,1,79,4,3,37.01,mild,14.32,low,65.31,good
2,5,5,4.7,4,2,4,5,3,44,3,3,60.67,moderate,58.86,moderate,64.02,neutral
3,2,5,7.9,5,5,1,5,2,51,0,3,32.76,mild,52.92,moderate,68.59,good
3,5,3,3.8,5,1,1,3,3,93,9,2,52.69,moderate,44.88,mild,33.75,low
3,3,5,3.5,4,2,1,3,2,16,4,3,46.35,moderate,39.86,mild,51.86,neutral
1,3,5,6.6,2,5,3,3,4,61,1,1,45.98,moderate,58.92,moderate,55.7,neutral
2,4,5,6.4,1,1,2,3,1,87,6,1,62.49,moderate,28.35,low,45.47,neutral
4,3,2,7.3,3,3,1,5,3,65,2,4,58.63,moderate,59.15,moderate,37.11,low
1,5,3,5.6,1,2,4,2,4,54,11,2,77.5,elevated,61.14,moderate,47.61,neutral
2,1,2,10.2,3,1,3,2,1,62,9,4,32.76,mild,31.47,mild,44.21,neutral
5,4,1,7.1,5,2,1,5,5,61,12,4,56.29,moderate,57.12,moderate,8.21,low
1,5,1,7.2,1,3,4,5,4,97,12,4,89.51,elevated,76.66,high,30.31,low
3,2,4,7.2,5,4,5,3,2,99,10,3,18.22,low,33.73,mild,81.0,good
2,2,3,8.6,3,4,3,2,3,111,6,3,34.79,mild,33.34,mild,59.8,neutral
1,3,5,7.8,1,1,5,5,4,8,2,4,56.54,moderate,71.42,high,61.82,neutral
3,4,4,7.6,4,2,3,5,3,38,0,2,65.02,moderate,64.98,moderate,50.98,neutral
3,5,1,8.1,1,1,1,2,4,106,1,3,67.11,moderate,68.32,moderate,7.73,low
1,4,5,3.5,4,1,1,3,5,77,3,2,73.0,elevated,65.35,moderate,51.6,neutral
1,4,3,3.6,3,2,1,3,2,45,11,2,67.55,moderate,53.72,moderate,34.17,low
1,3,3,6.7,4,4,2,5,1,76,2,1,30.75,mild,32.6,mild,56.95,neutral
4,4,5,6.4,2,2,2,4,3,56,1,1,48.47,moderate,71.56,high,34.03,low
5,2,4,7.8,1,1,3,3,3,107,12,1,31.74,mild,61.51,moderate,40.79,neutral
1,3,1,6.8,2,2,3,5,4,67,5,4,72.93,elevated,63.24,moderate,32.94,low
2,1,1,7.8,4,3,5,4,2,54,5,4,51.78,moderate,36.6,mild,54.68,neutral
2,1,3,4.6,5,2,1,3,5,75,3,1,46.59,moderate,51.66,moderate,47.95,neutral
2,5,1,6.8,2,5,5,5,1,23,12,4,53.25,moderate,45.53,mild,59.9,neutral
2,5,1,4.4,2,3,2,3,3,93,4,4,92.98,elevated,55.28,moderate,37.54,low
1,3,4,7.5,5,5,5,3,3,24,11,5,32.01,mild,26.85,low,77.47,good
3,1,1,3.4,2,1,1,2,4,2,12,5,52.02,moderate,76.09,high,19.29,low
2,1,1,7.4,2,2,1,2,2,6,5,1,56.59,moderate,43.68,mild,43.48,neutral
2,1,3,4.2,5,1,1,2,5,8,9,3,52.58,moderate,59.44,moderate,36.04,low
2,4,1,6.1,3,1,2,1,1,12,0,5,62.98,moderate,34.37,mild,19.94,low
5,2,2,8.4,3,5,5,4,5,6,10,2,53.75,moderate,51.89,moderate,51.99,neutral
4,2,5,7.2,3,3,3,3,3,36,12,3,19.94,low,41.83,mild,66.25,good
3,5,4,3.8,4,4,1,5,3,116,2,1,58.56,moderate,47.24,mild,38.71,low
2,5,5,5.6,2,2,4,4,2,12,0,2,46.43,moderate,56.41,moderate,56.15,neutral
5,4,2,4.1,4,1,3,1,2,81,0,5,54.14,moderate,42.35,mild,41.11,neutral
5,2,4,3.7,2,5,4,4,3,105,11,4,33.02,mild,55.79,moderate,63.13,neutral
1,3,2,7.0,3,4,4,1,2,97,3,2,33.38,mild,19.06,low,74.62,good
5,2,2,7.8,1,4,4,1,1,43,5,5,36.22,mild,11.82,low,56.5,neutral
4,5,1,7.6,1,3,1,4,3,6,4,2,64.9,moderate,71.63,high,9.09,low
1,1,5,7.9,3,3,3,1,3,44,3,2,22.53,low,14.44,low,98.19,good
4,4,1,6.8,1,3,4,3,4,72,2,3,47.43,moderate,67.04,moderate,32.37,low
1,3,2,6.3,5,4,3,5,3,91,5,4,55.28,moderate,50.97,moderate,37.31,low
1,4,3,4.9,5,2,5,2,3,17,12,2,37.61,mild,35.23,mild,59.94,neutral
1,3,3,6.0,2,2,5,4,3,36,4,2,55.35,moderate,58.59,moderate,44.49,neutral
3,1,2,4.4,2,2,5,2,3,72,10,4,53.61,moderate,49.54,mild,36.72,low
4,4,2,5.3,3,3,2,1,4,86,8,2,56.98,moderate,50.29,moderate,44.6,neutral
3,4,2,7.0,2,5,3,1,4,37,10,1,40.62,mild,25.07,low,29.41,low
1,3,5,6.6,5,5,5,1,5,99,7,1,35.19,mild,36.55,mild,97.86,good
1,2,3,11.0,1,3,2,1,3,97,4,2,44.22,mild,40.62,mild,47.77,neutral
5,2,5,4.4,3,2,4,1,1,43,3,1,25.88,mild,18.67,low,71.6,good
5,3,5,6.6,1,5,2,5,3,64,3,1,35.79,mild,52.0,moderate,62.83,neutral
4,2,4,4.2,5,2,1,5,2,57,6,4,36.97,mild,50.88,moderate,38.51,low
1,2,5,6.1,1,2,2,2,1,80,5,3,49.55,moderate,42.51,mild,45.26,neutral
5,2,1,6.2,3,5,5,4,5,38,5,1,21.52,low,58.49,moderate,56.15,neutral
4,1,5,8.3,5,2,5,2,4,39,4,2,12.49,low,50.82,moderate,76.57,good
3,5,3,6.0,3,3,5,4,4,51,11,4,48.31,moderate,74.07,high,50.5,neutral
1,2,4,6.5,1,5,2,2,4,26,8,5,46.13,moderate,60.06,moderate,46.09,neutral
5,1,2,6.0,1,2,4,4,5,70,11,5,57.48,moderate,92.31,high,38.8,low
3,1,1,4.3,4,4,2,2,4,115,12,2,49.65,moderate,62.91,moderate,50.49,neutral
1,5,5,5.6,1,1,1,5,4,42,8,5,78.56,elevated,74.66,high,30.91,low
2,3,3,6.1,2,5,2,5,4,104,1,3,56.98,moderate,75.17,high,39.16,low
3,2,1,6.9,4,3,1,2,4,56,12,2,46.24,moderate,56.97,moderate,35.17,low
1,3,4,7.8,2,4,4,1,4,20,6,3,56.54,moderate,48.44,mild,55.6,neutral
2,1,1,6.4,5,3,4,2,1,60,4,1,15.37,low,30.59,mild,69.6,good
3,2,3,6.3,4,3,1,2,3,60,5,3,48.29,moderate,54.6,moderate,52.35,neutral
5,2,4,3.7,1,3,1,3,2,2,1,3,42.68,mild,49.72,mild,55.2,neutral
1,5,4,7.8,5,1,3,3,5,58,8,3,65.19,moderate,58.19,moderate,45.33,neutral
3,1,3,5.5,5,2,1,5,3,19,0,1,47.61,moderate,55.33,moderate,34.84,low
5,3,2,8.1,2,2,5,1,3,96,9,1,40.7,mild,32.45,mild,57.41,neutral
5,4,5,9.2,2,2,3,3,3,65,10,2,55.7,moderate,77.92,high,53.81,neutral
5,5,1,6.5,2,2,3,1,4,36,5,5,48.45,moderate,63.88,moderate,36.24,low
1,3,1,5.0,3,4,1,3,4,0,4,3,74.2,elevated,55.86,moderate,38.29,low
5,2,1,6.8,3,5,4,4,2,69,8,3,31.79,mild,26.05,low,64.87,neutral
5,2,5,7.4,5,5,4,5,5,85,11,4,23.79,low,63.95,moderate,74.22,good
2,2,3,6.2,4,5,4,3,4,51,1,3,56.56,moderate,35.64,mild,71.54,good
3,4,1,5.8,5,4,3,1,2,109,5,2,49.34,moderate,23.36,low,52.36,neutral
3,2,1,7.8,2,3,2,5,4,23,4,5,54.73,moderate,52.01,moderate,21.24,low
3,4,1,7.7,3,4,1,3,3,91,0,2,62.75,moderate,53.31,moderate,31.07,low
2,4,5,6.2,1,1,2,3,2,59,0,4,58.17,moderate,52.99,moderate,41.9,neutral
5,5,3,3.8,2,5,3,4,5,38,6,5,58.71,moderate,61.85,moderate,58.84,neutral
5,2,1,7.6,3,3,1,2,2,34,9,4,33.87,mild,35.03,mild,18.76,low
2,5,2,5.4,1,1,1,5,5,54,7,5,87.6,elevated,95.88,high,6.21,low
5,3,4,7.2,5,3,2,1,4,9,3,1,27.56,mild,29.95,low,62.68,neutral
2,4,3,7.1,2,2,1,1,5,78,5,4,64.08,moderate,73.63,high,33.65,low
4,4,5,3.4,1,2,1,5,4,49,12,1,69.21,moderate,81.72,high,27.47,low
3,5,1,6.9,4,1,3,3,4,82,10,3,63.72,moderate,64.23,moderate,29.11,low
3,3,1,7.7,1,1,4,5,1,62,1,1,67.66,moderate,48.12,mild,26.73,low
1,4,1,7.9,2,2,3,5,5,118,8,4,73.24,elevated,87.05,high,1.98,low
4,2,2,7.0,1,2,1,5,4,9,8,2,66.05,moderate,62.61,moderate,25.55,low
2,3,4,3.2,4,5,2,4,2,59,4,1,54.32,moderate,38.47,mild,53.74,neutral
2,3,4,9.1,5,2,1,4,2,64,4,5,63.71,moderate,39.52,mild,34.92,low
1,4,2,7.5,1,2,4,4,1,30,9,5,75.03,elevated,63.38,moderate,45.83,neutral
5,4,4,4.6,3,5,2,4,2,81,12,1,26.1,mild,38.34,mild,58.82,neutral
1,1,4,5.4,3,5,2,2,1,43,4,2,34.99,mild,25.7,low,63.85,neutral
4,5,1,7.2,4,1,5,5,5,92,12,1,57.77,moderate,72.89,high,36.75,low
5,4,4,8.0,2,1,3,1,3,111,10,4,44.75,mild,64.65,moderate,55.59,neutral
1,1,3,5.9,3,1,4,3,4,103,0,5,48.78,moderate,53.8,moderate,38.59,low
3,5,1,8.3,3,3,2,2,5,76,3,2,59.83,moderate,54.4,moderate,34.76,low
3,4,2,3.6,1,3,5,4,5,86,5,3,57.32,moderate,73.79,high,30.87,low
2,1,4,4.9,3,2,4,2,3,104,8,4,40.56,mild,32.18,mild,61.14,neutral
4,3,4,3.1,3,1,3,2,1,118,2,3,53.4,moderate,29.1,low,62.72,neutral
3,5,2,5.2,5,2,3,5,4,87,5,4,61.61,moderate,77.14,high,51.99,neutral
3,2,4,9.5,3,4,4,3,5,110,1,4,41.47,mild,64.78,moderate,46.86,neutral
3,5,2,10.5,5,2,1,4,2,116,1,4,59.48,moderate,44.36,mild,34.13,low
5,3,3,7.2,2,1,2,5,1,21,5,4,38.86,mild,60.99,moderate,46.04,neutral
4,2,1,5.7,4,4,4,5,4,60,8,3,42.61,mild,62.24,moderate,52.12,neutral
2,2,5,6.4,5,4,3,2,4,43,5,2,35.89,mild,42.48,mild,73.16,good
5,3,5,7.7,1,3,4,1,1,114,4,4,37.95,mild,32.76,mild,67.28,good
5,4,1,4.0,3,5,3,5,1,90,6,1,37.44,mild,41.11,mild,51.38,neutral
5,5,3,5.8,5,5,1,2,3,107,8,3,43.78,mild,25.48,low,53.27,neutral
4,1,4,9.4,3,1,4,4,1,42,9,1,38.4,mild,49.3,mild,64.38,neutral
2,5,3,4.9,5,5,4,4,1,102,7,4,39.35,mild,17.71,low,76.92,good
4,3,2,5.5,3,1,2,3,2,9,1,4,64.63,moderate,49.28,mild,23.08,low
2,1,5,6.8,5,3,4,1,3,113,0,3,21.94,low,38.12,mild,75.58,good
2,5,2,7.3,4,5,2,3,5,27,4,2,64.79,moderate,48.47,mild,42.37,neutral
3,2,2,5.7,3,5,1,1,3,63,2,3,41.16,mild,28.32,low,41.71,neutral
5,4,2,6.9,2,1,1,2,5,86,6,4,64.2,moderate,90.66,high,18.91,low
3,4,5,7.9,1,1,5,2,4,89,9,4,62.26,moderate,78.48,high,57.44,neutral
2,1,3,10.3,2,2,2,3,2,25,3,5,50.35,moderate,56.25,moderate,30.99,low
3,2,4,6.6,4,2,3,1,3,67,6,1,40.67,mild,21.87,low,73.22,good
2,4,5,6.7,3,2,2,5,1,64,2,1,50.87,moderate,22.11,low,57.29,neutral
4,2,5,9.5,2,3,4,1,5,93,6,4,32.11,mild,67.43,moderate,72.96,good
2,1,5,5.8,3,2,4,5,2,38,4,1,33.81,mild,61.42,moderate,77.27,good
3,1,5,4.4,2,3,5,2,5,92,0,1,34.37,mild,64.57,moderate,60.28,neutral
2,5,5,7.3,5,5,5,3,4,74,8,2,28.4,mild,22.46,low,83.83,good
2,1,5,8.7,2,3,5,5,2,91,3,4,39.99,mild,59.08,moderate,63.91,neutral
5,1,4,7.4,3,2,2,4,3,105,9,1,34.24,mild,45.3,mild,50.26,neutral
2,3,1,6.6,3,3,3,1,1,51,8,2,49.75,moderate,19.55,low,53.06,neutral
1,1,1,4.2,4,4,2,4,4,52,2,1,64.92,moderate,70.86,high,39.18,low
2,4,4,6.7,2,5,4,3,1,96,11,5,50.91,moderate,41.53,mild,63.34,neutral
3,3,2,9.0,1,5,4,5,4,94,0,4,50.66,moderate,77.35,high,54.71,neutral
1,4,5,4.6,4,2,2,3,1,106,7,1,46.32,moderate,28.75,low,61.24,neutral
2,3,5,6.4,3,5,5,5,1,66,10,2,39.4,mild,38.19,mild,89.68,good
1,4,4,6.1,4,5,2,3,2,76,7,3,50.73,moderate,23.98,low,64.45,neutral
3,4,4,5.5,3,1,5,1,1,7,7,3,42.2,mild,33.55,mild,67.73,good
4,3,2,7.2,3,3,5,3,5,55,6,1,35.37,mild,55.79,moderate,57.64,neutral
5,1,3,7.6,5,1,1,5,5,29,0,3,38.58,mild,63.78,moderate,43.34,neutral
2,2,5,7.6,1,3,2,1,5,103,8,5,51.38,moderate,71.51,high,47.44,neutral
5,1,5,5.0,1,1,2,2,4,14,12,2,23.15,low,44.36,mild,38.09,low
2,1,2,3.8,5,2,5,1,2,94,10,1,14.5,low,18.68,low,79.34,good
4,2,5,7.3,5,3,4,5,4,101,0,2,36.64,mild,60.38,moderate,75.2,good
3,2,3,5.9,3,2,1,3,4,56,2,3,47.69,moderate,70.87,high,34.11,low
4,1,5,10.1,3,1,5,4,2,80,10,2,33.53,mild,55.87,moderate,76.22,good
4,2,3,10.2,3,2,2,5,5,70,9,1,64.11,moderate,69.75,moderate,37.33,low
3,3,4,10.4,5,3,2,5,5,83,4,1,43.54,mild,64.7,moderate,72.41,good
2,1,1,5.1,3,4,1,3,2,82,3,4,36.13,mild,44.39,mild,31.51,low
3,2,2,7.8,4,1,1,5,3,30,6,1,47.16,moderate,68.58,moderate,37.45,low
5,1,4,8.4,2,3,3,3,5,83,0,2,29.17,mild,73.39,high,52.04,neutral
5,1,5,8.2,2,1,1,5,2,109,1,4,38.0,mild,71.1,high,41.26,neutral
5,1,1,6.2,4,1,1,5,5,37,0,3,56.09,moderate,77.9,high,11.6,low
1,3,1,9.1,2,1,4,2,2,37,10,1,57.42,moderate,30.71,mild,35.39,low
3,4,4,6.8,1,4,2,4,5,35,0,1,56.58,moderate,56.09,moderate,46.22,neutral
1,4,3,7.0,1,5,4,4,2,110,7,3,60.33,moderate,43.68,mild,48.8,neutral
4,4,5,4.0,5,4,5,4,4,107,3,2,47.04,moderate,58.52,moderate,77.65,good
5,4,1,8.0,2,2,1,1,3,42,9,5,53.16,moderate,43.37,mild,19.87,low
1,5,2,6.3,1,5,4,3,2,113,1,1,62.65,moderate,42.28,mild,63.67,neutral
4,2,1,7.6,5,3,1,1,3,92,11,1,22.36,low,15.03,low,41.14,neutral
5,4,4,7.2,5,3,4,5,2,48,1,3,44.58,mild,35.77,mild,69.27,good
5,5,5,7.1,3,4,2,5,4,99,11,5,50.57,moderate,80.38,high,43.78,neutral
2,3,1,6.7,4,4,1,3,5,110,1,1,47.07,moderate,58.32,moderate,45.32,neutral
1,5,2,8.2,4,3,2,1,3,105,0,5,59.12,moderate,34.49,mild,52.11,neutral
5,1,5,6.4,1,3,2,4,2,56,0,5,42.89,mild,50.98,moderate,57.01,neutral
5,5,1,4.2,2,2,4,3,4,26,10,3,57.39,moderate,75.41,high,21.13,low
3,3,5,7.8,3,4,4,4,3,20,4,3,41.1,mild,56.92,moderate,72.81,good
5,2,5,5.3,3,4,4,1,5,100,5,5,40.12,mild,62.66,moderate,60.24,neutral
1,1,1,4.4,2,3,1,3,2,88,10,4,56.83,moderate,48.41,mild,29.92,low
4,4,1,5.0,1,4,5,2,3,85,3,3,45.79,moderate,40.09,mild,48.57,neutral
1,3,4,7.3,5,1,3,5,3,5,7,2,50.08,moderate,52.72,moderate,58.65,neutral
5,2,1,6.6,4,3,1,2,5,116,3,5,37.37,mild,71.77,high,19.02,low
4,2,3,3.0,4,5,5,5,1,13,0,2,30.94,mild,28.32,low,66.93,good
5,5,1,6.1,3,4,4,5,4,70,12,2,46.0,moderate,62.42,moderate,36.87,low
3,3,3,8.9,3,4,1,3,5,113,4,5,55.94,moderate,81.21,high,37.71,low
1,1,2,6.0,3,5,3,1,2,29,11,3,26.38,mild,20.93,low,55.31,neutral
1,2,4,6.5,3,4,5,2,3,62,5,4,39.09,mild,40.63,mild,73.53,good
2,1,5,8.7,4,4,4,1,2,101,11,5,34.23,mild,14.98,low,71.06,good
4,4,3,8.2,5,3,1,4,3,32,2,4,60.02,moderate,52.85,moderate,43.95,neutral
1,5,4,8.6,4,5,4,4,5,12,7,1,44.93,mild,47.79,mild,80.16,good
5,5,4,2.5,4,4,1,2,2,58,4,4,45.87,moderate,22.01,low,58.66,neutral
2,4,5,9.9,1,3,2,4,2,96,12,3,62.91,moderate,47.18,mild,52.91,neutral
3,4,2,7.9,3,1,1,3,3,69,4,1,62.72,moderate,49.59,mild,30.97,low
2,3,2,11.0,5,5,4,5,3,53,10,1,42.36,mild,30.0,mild,59.65,neutral
3,4,2,5.4,2,2,5,1,4,77,6,5,52.97,moderate,46.26,mild,58.55,neutral
3,1,4,3.6,3,2,1,1,1,6,5,1,37.92,mild,28.97,low,55.36,neutral
1,3,5,6.8,2,1,4,5,5,42,9,3,43.39,mild,83.59,high,49.42,neutral
3,3,2,6.3,1,2,2,2,4,106,8,5,63.62,moderate,58.41,moderate,28.75,low
4,1,1,8.0,4,1,4,5,5,46,6,5,57.48,moderate,78.0,high,36.03,low
5,3,4,8.7,2,1,1,5,3,116,0,5,51.45,moderate,89.78,high,17.79,low
2,4,3,6.6,3,1,2,1,3,66,0,4,46.3,moderate,56.64,moderate,39.7,low
5,2,2,6.4,3,2,2,3,2,113,7,3,50.25,moderate,41.99,mild,54.88,neutral
5,3,1,7.7,5,4,5,4,5,75,0,2,41.1,mild,61.7,moderate,67.99,good
5,2,5,6.3,5,5,1,1,1,50,7,5,25.84,mild,13.22,low,72.15,good
2,2,5,6.2,3,2,3,5,3,111,11,3,34.32,mild,46.34,mild,61.07,neutral
5,1,4,8.7,1,3,1,1,2,32,10,2,18.38,low,17.05,low,41.89,neutral
3,2,3,9.1,3,5,3,1,4,47,9,5,42.87,mild,36.66,mild,58.83,neutral
1,5,2,8.8,5,4,4,3,5,87,3,2,68.76,moderate,36.63,mild,53.58,neutral
2,5,3,6.5,3,5,4,2,4,105,8,1,40.44,mild,41.72,mild,60.95,neutral
4,4,1,2.9,3,3,1,4,1,23,2,4,62.79,moderate,41.05,mild,23.77,low
1,4,2,6.5,4,1,4,2,2,120,11,3,41.27,mild,40.11,mild,63.46,neutral
3,4,3,5.4,3,1,2,2,1,52,1,4,48.45,moderate,40.7,mild,38.66,low
4,3,3,6.6,3,4,4,5,3,41,7,4,40.69,mild,64.31,moderate,63.63,neutral
1,3,1,5.6,3,1,5,1,1,15,6,4,56.28,moderate,22.5,low,44.8,neutral
3,4,5,6.8,5,3,1,3,4,3,0,2,31.26,mild,49.39,mild,53.88,neutral
2,4,2,4.9,3,2,2,1,3,67,2,2,69.99,moderate,31.52,mild,42.37,neutral
3,3,3,4.5,2,5,5,1,2,73,9,2,35.05,mild,34.24,mild,61.36,neutral
2,3,3,9.0,3,5,1,2,5,11,7,5,66.14,moderate,69.17,moderate,46.07,neutral
5,3,3,5.1,4,3,2,2,4,109,2,4,51.32,moderate,57.78,moderate,45.41,neutral
1,2,5,6.8,5,3,3,3,4,65,1,2,46.52,moderate,43.15,mild,64.84,neutral
5,2,4,8.5,5,2,5,3,2,6,8,5,43.78,mild,44.88,mild,65.38,good
4,1,5,8.4,4,4,2,1,2,101,8,4,15.0,low,10.3,low,85.27,good
5,3,2,8.2,4,2,2,1,3,23,5,3,42.04,mild,19.42,low,41.73,neutral
5,4,2,7.3,3,4,4,1,4,81,0,5,35.42,mild,49.56,mild,50.89,neutral
1,4,3,8.1,2,5,1,4,5,81,0,5,66.67,moderate,83.34,high,40.23,neutral
5,5,3,9.3,3,1,2,5,4,98,1,3,69.16,moderate,63.12,moderate,24.27,low
3,1,2,7.6,4,2,2,1,1,97,0,1,38.14,mild,13.31,low,58.57,neutral
5,4,3,3.5,3,2,3,1,5,119,7,3,50.83,moderate,65.06,moderate,44.46,neutral
5,4,1,5.8,2,5,3,4,2,10,5,2,38.04,mild,36.49,mild,31.93,low
3,3,3,8.1,1,4,2,4,1,44,2,4,48.32,moderate,41.01,mild,38.01,low
2,2,4,5.7,1,1,2,4,3,44,7,1,45.43,moderate,69.22,moderate,27.24,low
1,2,3,9.7,3,2,5,1,3,45,9,3,39.27,mild,42.88,mild,61.4,neutral
1,4,5,6.7,4,4,5,5,1,28,2,3,48.25,moderate,36.44,mild,76.4,good
2,5,5,7.0,4,5,5,4,2,28,8,2,43.7,mild,23.05,low,79.77,good
5,4,5,8.8,5,3,4,1,2,116,1,4,36.71,mild,23.53,low,83.09,good
3,3,1,6.5,4,1,3,1,3,108,7,3,46.02,moderate,35.2,mild,37.85,low
3,4,5,7.1,1,1,2,4,4,82,4,2,65.16,moderate,68.61,moderate,48.17,neutral
2,1,2,8.4,5,1,1,4,4,67,1,5,53.76,moderate,59.23,moderate,35.82,low
3,4,3,4.1,5,1,3,4,1,57,10,3,49.53,moderate,39.3,mild,54.24,neutral
4,1,3,6.3,5,3,3,3,1,82,2,1,14.78,low,11.32,low,69.5,good
5,5,2,8.3,3,2,4,3,4,104,10,4,37.31,mild,61.03,moderate,30.49,low
4,5,5,6.9,2,2,1,4,5,51,4,2,47.02,moderate,69.78,moderate,43.82,neutral
4,3,4,9.4,5,4,5,1,1,65,8,4,26.2,mild,5.49,low,89.54,good
5,2,5,4.0,1,3,1,2,2,110,9,4,33.02,mild,31.68,mild,54.13,neutral
3,4,5,3.8,4,4,2,1,1,110,5,4,29.01,mild,29.6,low,69.55,good
5,4,3,8.2,5,3,2,5,3,27,8,5,44.4,mild,61.96,moderate,44.12,neutral
2,4,4,8.4,5,2,5,4,2,28,5,4,48.14,moderate,35.36,mild,68.67,good
1,3,3,6.5,3,5,4,4,1,24,7,2,44.74,mild,34.91,mild,78.98,good
3,2,3,7.5,5,3,1,3,5,3,2,5,48.57,moderate,49.78,mild,41.76,neutral
1,1,4,8.1,5,5,5,5,4,84,5,3,33.05,mild,49.3,mild,64.78,neutral
1,2,4,5.3,5,1,4,5,3,51,1,4,46.73,moderate,56.64,moderate,62.66,neutral
5,3,5,5.5,2,5,1,4,4,3,5,2,48.62,moderate,56.06,moderate,48.29,neutral
4,3,4,7.1,4,4,4,5,2,24,0,5,36.57,mild,53.53,moderate,74.68,good
2,3,4,8.4,5,2,1,4,5,64,5,5,56.84,moderate,65.48,moderate,44.56,neutral
5,2,5,4.7,2,4,3,4,3,101,11,5,46.27,moderate,59.42,moderate,67.92,good
1,5,1,6.4,2,4,1,2,2,80,4,2,70.98,elevated,39.64,mild,40.06,neutral
2,2,4,6.4,2,5,1,5,3,64,6,5,48.67,moderate,62.51,moderate,50.25,neutral
4,5,2,7.6,2,2,3,1,3,22,11,4,51.56,moderate,39.35,mild,47.33,neutral
2,2,3,6.8,4,5,4,4,4,34,0,1,35.53,mild,47.91,mild,71.77,good
4,3,4,5.8,5,4,3,4,5,94,8,5,28.36,mild,73.46,high,53.2,neutral
5,4,2,9.0,1,2,2,1,2,93,6,3,58.81,moderate,50.17,moderate,23.35,low
1,2,5,5.8,2,2,3,4,4,105,4,3,46.75,moderate,57.6,moderate,43.86,neutral
1,2,3,6.3,5,2,1,1,1,63,3,2,47.65,moderate,2.16,low,58.85,neutral
5,2,2,3.9,3,3,1,3,2,33,7,5,47.33,moderate,58.39,moderate,14.96,low
3,5,2,5.5,2,5,1,5,3,60,5,1,73.78,elevated,50.97,moderate,35.13,low
3,1,3,7.7,4,5,1,1,3,108,5,2,32.63,mild,3.06,low,53.12,neutral
3,3,5,7.4,5,1,4,2,4,21,8,3,44.97,mild,40.11,mild,77.54,good
3,4,1,7.9,2,1,4,3,1,102,5,1,45.85,moderate,31.76,mild,38.06,low
4,4,3,7.8,3,1,1,5,5,120,10,2,50.13,moderate,74.22,high,21.3,low
3,3,5,10.6,4,4,3,2,3,99,3,4,42.97,mild,48.4,mild,81.28,good
1,1,3,5.5,5,2,3,1,3,79,9,3,23.61,low,25.19,low,57.01,neutral
4,1,3,3.9,3,4,1,1,4,49,7,5,38.76,mild,59.82,moderate,39.22,low
4,3,2,4.9,5,4,5,1,4,103,11,5,30.26,mild,44.19,mild,61.09,neutral
1,5,1,5.5,4,1,5,5,3,19,5,1,61.13,moderate,45.98,mild,46.29,neutral
2,1,4,5.0,3,4,4,4,3,91,3,2,42.72,mild,47.57,mild,62.35,neutral
4,5,5,7.0,3,4,5,3,2,48,5,5,44.05,mild,45.34,mild,74.63,good
4,4,3,9.1,4,5,3,5,3,60,8,5,46.76,moderate,55.2,moderate,67.1,good
1,1,3,9.6,1,4,5,5,2,56,5,1,44.43,mild,56.14,moderate,58.64,neutral
1,2,1,7.7,2,2,3,5,4,1,11,4,58.27,moderate,69.57,moderate,18.91,low
3,2,5,10.7,2,5,1,1,3,119,2,2,58.67,moderate,41.18,mild,51.79,neutral
3,5,5,6.2,5,2,1,1,2,80,4,5,51.5,moderate,25.72,low,60.84,neutral
5,3,5,3.9,5,5,5,4,3,72,12,3,25.03,mild,66.82,moderate,82.77,good
3,2,2,8.7,5,2,3,2,5,12,10,1,50.12,moderate,36.76,mild,44.3,neutral
5,2,4,3.5,1,5,4,1,3,94,0,2,43.46,mild,65.89,moderate,59.19,neutral
2,3,3,5.4,2,4,1,4,2,116,12,5,50.22,moderate,44.67,mild,38.58,low
3,1,2,7.7,2,3,3,2,3,98,5,4,27.8,mild,58.8,moderate,29.82,low
1,2,2,6.6,1,2,1,5,4,30,8,1,52.74,moderate,80.05,high,20.79,low
3,1,2,6.5,2,1,2,3,1,21,0,5,40.96,mild,38.59,mild,24.88,low
1,4,3,4.7,3,5,1,2,3,44,2,5,61.44,moderate,49.87,mild,51.48,neutral
3,4,1,6.8,5,5,2,5,1,2,9,3,34.92,mild,23.78,low,52.88,neutral
2,3,4,8.6,1,3,4,4,5,66,3,1,50.25,moderate,74.93,high,50.33,neutral
1,1,3,6.8,5,5,1,2,4,55,1,3,38.04,mild,37.08,mild,60.52,neutral
1,2,5,5.3,5,4,1,1,1,60,8,1,33.99,mild,3.77,low,86.71,good
3,5,2,4.6,1,2,4,3,3,119,2,2,69.99,moderate,55.76,moderate,48.9,neutral
5,2,1,5.3,2,5,1,4,5,79,11,2,53.1,moderate,69.98,moderate,14.01,low
1,1,2,7.5,3,4,3,5,5,50,2,4,65.99,moderate,64.37,moderate,32.91,low
3,1,5,7.4,5,3,5,1,1,94,0,4,24.13,low,5.88,low,84.89,good
2,5,2,5.4,4,1,4,3,2,44,5,1,59.64,moderate,47.33,mild,55.86,neutral
5,1,4,2.8,5,4,1,5,1,91,4,5,27.44,mild,46.86,mild,51.82,neutral
3,3,5,7.6,2,2,1,4,2,112,8,4,41.32,mild,41.42,mild,38.76,low
5,5,2,5.2,5,2,4,1,5,109,3,4,42.33,mild,43.56,mild,44.88,neutral
2,4,4,8.0,5,4,2,5,4,62,12,4,53.59,moderate,38.16,mild,57.64,neutral
1,3,2,5.4,3,5,3,4,2,56,5,4,56.02,moderate,51.92,moderate,55.83,neutral
3,2,2,5.0,1,1,3,3,2,48,9,4,60.45,moderate,65.14,moderate,19.81,low
4,1,2,7.1,2,5,3,4,4,64,9,2,37.53,mild,45.91,mild,40.14,neutral
5,1,4,11.0,1,2,3,4,3,113,11,4,50.71,moderate,77.07,high,26.34,low
5,5,5,8.1,5,3,1,2,3,105,6,5,52.38,moderate,56.44,moderate,39.62,low
5,1,2,7.0,2,5,1,4,3,73,2,4,29.79,mild,39.03,mild,37.13,low
4,1,2,7.4,4,2,1,2,5,34,6,3,37.53,mild,50.14,moderate,32.27,low
2,5,5,3.6,2,2,2,2,3,45,5,4,64.78,moderate,42.88,mild,51.13,neutral
3,3,3,4.8,5,5,5,3,4,29,7,5,37.05,mild,58.34,moderate,84.2,good
1,2,3,2.5,4,2,5,1,5,22,3,4,53.4,moderate,59.64,moderate,45.09,neutral
3,4,4,9.9,2,5,3,4,2,1,6,4,53.34,moderate,44.68,mild,42.61,neutral
2,3,1,9.5,3,2,1,3,4,93,12,5,65.46,moderate,67.6,moderate,8.76,low
1,5,5,7.5,1,4,1,4,5,89,8,2,64.5,moderate,64.99,moderate,24.79,low
2,3,2,7.0,1,3,5,1,2,21,12,2,35.52,mild,29.77,low,49.09,neutral
3,4,4,4.0,5,5,2,3,2,83,1,2,48.48,moderate,30.2,mild,74.66,good
2,5,3,6.4,5,3,5,3,1,20,8,2,47.36,moderate,15.96,low,77.62,good
5,3,4,10.0,5,3,3,1,4,33,0,4,31.61,mild,37.72,mild,72.22,good
3,2,4,7.0,4,3,5,3,4,31,2,3,24.67,low,49.48,mild,71.72,good
5,5,1,5.8,2,2,1,5,4,15,10,5,81.82,elevated,80.84,high,7.02,low
4,2,1,3.6,1,3,5,5,2,88,1,4,66.8,moderate,71.85,high,34.04,low
1,1,5,9.3,4,3,3,1,4,5,6,4,41.23,mild,49.95,mild,69.75,good
2,3,3,6.7,2,4,3,5,1,49,0,5,47.28,moderate,34.93,mild,36.51,low
4,5,2,3.6,1,1,3,3,4,59,3,5,82.94,elevated,92.6,high,0.0,low
3,1,1,5.1,1,3,2,1,3,69,1,1,49.5,moderate,42.8,mild,33.12,low
2,5,1,4.5,3,3,4,5,5,23,5,5,75.38,elevated,80.35,high,33.87,low
3,5,5,6.6,5,4,4,3,5,57,8,5,56.24,moderate,49.47,mild,84.8,good
5,5,5,7.2,2,4,5,5,3,96,8,2,33.44,mild,73.94,high,76.57,good
2,3,2,5.9,5,3,5,1,4,45,12,2,36.28,mild,56.58,moderate,67.47,good
1,2,2,8.2,2,1,3,1,5,114,1,3,60.36,moderate,79.04,high,28.25,low
2,3,3,6.9,4,2,4,5,2,52,5,5,50.45,moderate,55.16,moderate,45.76,neutral
5,1,1,8.7,2,2,5,2,1,93,6,4,35.96,mild,39.23,mild,44.01,neutral
4,5,3,6.2,4,2,1,3,3,13,1,3,67.54,moderate,60.73,moderate,46.89,neutral
5,4,4,11.0,2,4,3,4,2,103,1,2,33.76,mild,46.06,mild,61.71,neutral
5,3,5,5.8,4,3,4,5,4,58,4,5,41.29,mild,73.89,high,70.97,good
1,3,2,5.2,3,4,3,2,4,119,11,4,71.82,elevated,54.13,moderate,46.35,neutral
2,4,1,5.0,1,1,1,4,3,84,7,1,67.53,moderate,82.21,high,4.55,low
1,3,1,6.4,2,5,4,4,2,89,7,2,44.73,mild,53.88,moderate,57.78,neutral
1,5,2,3.7,2,3,3,4,3,17,7,5,57.97,moderate,66.01,moderate,44.06,neutral
5,5,4,7.3,3,2,4,3,3,68,10,4,46.01,moderate,65.58,moderate,58.23,neutral
5,5,1,3.4,2,2,1,1,1,89,7,3,64.26,moderate,33.25,mild,31.7,low
1,4,4,7.1,3,5,1,2,4,98,9,3,57.27,moderate,38.3,mild,56.01,neutral
4,4,3,4.4,5,4,4,3,2,45,4,1,30.79,mild,24.94,low,68.5,good
3,2,4,6.1,4,1,5,3,3,68,10,5,39.54,mild,56.82,moderate,59.17,neutral
1,1,3,7.9,2,5,4,1,5,20,0,4,43.51,mild,45.15,mild,48.97,neutral
5,3,1,10.9,4,1,5,4,1,52,4,3,45.42,moderate,38.89,mild,46.14,neutral
5,5,1,4.9,5,2,5,3,3,57,3,4,44.67,mild,35.13,mild,59.75,neutral
3,1,3,6.5,2,4,2,4,1,3,1,3,38.39,mild,30.88,mild,54.23,neutral
4,3,3,5.5,2,3,1,3,3,110,6,3,44.63,mild,55.67,moderate,39.47,low
2,1,5,5.2,1,3,3,2,2,77,11,1,19.39,low,48.97,mild,68.92,good
4,3,5,5.5,5,5,4,1,5,22,2,3,38.49,mild,48.78,mild,79.08,good
3,1,1,8.3,5,4,4,1,2,108,11,5,30.4,mild,26.29,low,48.86,neutral
5,4,2,5.9,3,5,3,3,4,83,11,1,48.29,moderate,32.08,mild,49.99,neutral
1,5,2,10.8,5,2,5,2,1,83,11,3,50.81,moderate,17.62,low,65.13,good
1,4,1,7.5,4,5,5,4,3,112,0,5,59.16,moderate,44.72,mild,61.16,neutral
5,4,1,5.0,5,2,3,4,5,48,12,3,64.98,moderate,75.61,high,39.09,low
2,2,1,6.1,5,5,3,2,4,42,5,1,54.59,moderate,26.98,low,62.83,neutral
2,3,3,5.4,5,3,1,4,2,74,7,5,58.93,moderate,33.26,mild,29.13,low
4,1,1,8.2,2,3,4,3,5,107,3,1,44.53,mild,75.28,high,30.12,low
1,2,1,3.9,4,1,4,5,5,98,6,3,55.66,moderate,74.79,high,30.27,low
3,3,1,4.4,1,5,5,5,3,95,7,1,51.04,moderate,49.36,mild,50.83,neutral
2,4,4,5.7,5,2,1,5,5,92,10,2,49.87,moderate,70.75,high,59.01,neutral
1,1,4,8.0,2,3,1,1,1,4,4,2,30.41,mild,20.94,low,43.18,neutral
5,5,5,9.0,3,1,4,3,2,59,1,2,59.62,moderate,39.67,mild,58.57,neutral
1,3,1,9.3,3,5,3,1,5,43,7,5,49.82,moderate,53.2,moderate,37.61,low
1,5,2,7.8,4,2,3,5,5,43,10,3,50.93,moderate,64.2,moderate,29.54,low
4,3,3,6.7,4,4,3,4,5,103,0,2,51.18,moderate,54.82,moderate,45.14,neutral
5,3,4,8.2,5,4,4,2,1,48,10,2,14.67,low,11.92,low,81.87,good
1,4,1,4.7,4,3,4,4,2,101,10,3,66.12,moderate,26.16,low,55.62,neutral
4,5,2,3.5,4,1,1,3,4,109,7,2,58.28,moderate,69.21,moderate,28.95,low
3,1,3,7.6,3,2,4,3,1,55,12,5,28.31,mild,25.82,low,47.37,neutral
5,3,1,5.0,3,4,3,3,5,20,5,2,60.27,moderate,52.49,moderate,35.93,low
1,1,2,6.7,5,3,3,5,5,84,1,4,40.85,mild,77.92,high,33.69,low
5,3,4,7.0,2,3,4,4,5,104,8,3,41.01,mild,77.51,high,58.86,neutral
4,5,3,7.2,4,2,4,3,5,49,7,2,53.75,moderate,59.82,moderate,63.77,neutral
5,5,3,8.5,2,3,2,4,2,23,11,3,46.42,moderate,33.9,mild,28.49,low
2,2,3,8.3,3,1,1,1,5,62,2,1,53.61,moderate,47.97,mild,34.33,low
5,2,5,7.2,2,3,1,2,2,118,2,3,31.44,mild,35.09,mild,45.52,neutral
4,3,3,6.0,2,1,5,1,1,62,8,4,42.36,mild,32.88,mild,57.25,neutral
1,2,3,7.0,5,4,2,5,2,54,4,3,58.05,moderate,49.16,mild,54.57,neutral
5,1,5,5.7,4,3,2,1,4,53,2,1,46.3,moderate,55.15,moderate,53.77,neutral
4,2,1,6.4,4,5,5,5,5,88,8,3,45.15,moderate,70.49,high,61.17,neutral
2,3,1,11.0,1,3,2,5,4,41,2,1,68.79,moderate,69.41,moderate,19.29,low
3,3,3,7.1,2,1,3,5,2,88,10,2,53.17,moderate,68.14,moderate,34.99,low
2,5,2,7.6,2,2,2,4,4,119,4,4,68.06,moderate,63.87,moderate,25.93,low
3,3,2,5.5,4,5,4,3,3,93,8,5,31.75,mild,20.94,low,51.29,neutral
5,2,1,8.6,5,5,3,5,3,112,7,5,37.57,mild,38.71,mild,45.53,neutral
5,4,5,8.2,2,1,3,5,2,95,7,3,53.71,moderate,38.9,mild,35.3,low
2,4,4,8.2,2,4,3,5,1,102,3,2,36.49,mild,37.29,mild,39.89,low
5,3,4,7.2,3,3,5,4,2,4,1,5,27.84,mild,47.43,mild,57.74,neutral
3,3,1,8.7,5,2,3,4,5,42,8,2,49.51,moderate,47.8,mild,31.99,low
4,2,2,9.1,2,3,3,4,3,33,5,3,48.98,moderate,50.66,moderate,23.94,low
4,5,4,7.3,2,5,5,5,1,104,12,1,55.96,moderate,21.52,low,70.77,good
3,5,3,6.6,3,1,1,3,2,27,11,2,52.48,moderate,41.96,mild,30.98,low
3,1,4,8.4,5,5,5,3,3,117,0,3,23.63,low,25.92,low,82.26,good
3,2,4,5.2,4,1,1,5,3,84,4,4,52.61,moderate,74.68,high,41.91,neutral
5,2,3,5.5,3,4,2,2,4,14,5,5,39.18,mild,55.58,moderate,58.7,neutral
2,5,4,6.7,4,1,1,4,3,82,4,1,59.85,moderate,64.37,moderate,45.93,neutral
2,1,2,3.7,1,1,3,1,1,41,9,3,43.73,mild,35.66,mild,28.88,low
2,2,1,8.3,4,1,5,3,3,35,4,5,71.42,elevated,73.72,high,47.83,neutral
1,2,5,5.1,1,5,2,1,1,120,1,1,43.23,mild,20.29,low,78.7,good
2,3,1,6.0,2,3,4,5,3,96,4,3,54.88,moderate,58.91,moderate,26.54,low
1,2,2,6.4,2,4,2,5,3,92,10,4,65.66,moderate,84.13,high,24.73,low
1,3,1,6.9,4,1,4,2,2,37,5,1,51.34,moderate,14.11,low,34.88,low
4,4,2,6.2,2,5,5,1,4,80,3,4,46.0,moderate,40.84,mild,53.48,neutral
1,5,2,6.7,2,5,4,4,4,41,10,3,61.07,moderate,43.94,mild,51.49,neutral
3,1,1,6.7,5,3,2,5,2,72,0,4,40.43,mild,28.38,low,49.62,neutral
4,1,3,6.0,3,5,5,2,3,48,5,4,16.77,low,21.06,low,76.13,good
4,1,5,5.4,4,1,1,5,3,73,1,1,25.68,mild,63.28,moderate,50.08,neutral
3,5,1,8.7,3,2,5,3,3,90,7,1,58.13,moderate,34.17,mild,47.62,neutral
1,4,5,3.0,4,1,5,3,3,38,11,2,53.71,moderate,51.21,moderate,74.38,good
5,3,3,6.4,4,1,4,2,2,1,5,2,43.06,mild,41.98,mild,61.1,neutral
5,4,3,6.0,4,5,4,2,1,11,12,2,22.41,low,18.84,low,85.43,good
4,3,3,7.6,5,3,2,2,1,109,11,5,25.19,mild,25.4,low,56.58,neutral
1,2,2,4.2,4,4,3,1,1,116,9,4,49.29,moderate,31.29,mild,60.84,neutral
1,3,1,5.9,2,5,1,2,5,83,2,2,60.59,moderate,69.33,moderate,24.73,low
2,4,3,6.6,1,4,2,2,1,12,0,4,59.95,moderate,22.33,low,46.66,neutral
1,1,5,8.7,5,2,3,1,5,70,1,1,36.33,mild,47.48,mild,65.7,good
5,4,3,7.4,2,2,2,2,5,52,4,1,64.19,moderate,56.23,moderate,26.48,low
2,3,3,4.7,2,1,4,1,2,28,5,1,55.17,moderate,35.66,mild,59.49,neutral
2,1,4,5.9,1,5,5,1,3,45,2,3,35.23,mild,26.24,low,82.16,good
5,2,2,8.4,3,5,3,4,2,95,12,4,39.9,mild,36.81,mild,50.45,neutral
5,3,1,4.6,3,3,2,1,2,120,9,3,42.26,mild,28.35,low,40.66,neutral
2,2,3,6.7,5,3,2,2,2,105,9,3,23.88,low,38.79,mild,63.64,neutral
2,2,5,6.8,4,5,3,4,2,24,8,1,32.39,mild,19.35,low,76.1,good
3,4,2,6.1,4,2,4,1,4,60,8,4,66.89,moderate,25.52,low,50.77,neutral
4,3,5,11.0,3,3,1,4,3,63,11,3,30.2,mild,57.67,moderate,48.01,neutral
5,3,5,6.1,5,5,3,1,1,35,5,5,25.56,mild,1.18,low,79.6,good
5,4,2,7.6,5,2,3,1,2,52,1,2,24.09,low,18.42,low,59.42,neutral
5,1,3,5.4,5,5,2,1,5,46,3,1,26.88,mild,41.68,mild,65.1,good
1,2,4,7.7,2,1,2,5,5,8,2,3,62.38,moderate,82.46,high,38.13,low
2,1,3,8.4,2,3,5,1,1,50,12,1,31.97,mild,15.72,low,67.97,good
3,5,4,5.7,1,3,3,1,3,44,7,1,53.18,moderate,39.79,mild,44.65,neutral
1,1,5,6.7,5,2,3,5,5,37,5,2,53.72,moderate,74.55,high,68.36,good
2,5,4,5.2,4,5,1,4,1,74,0,4,64.34,moderate,21.7,low,52.87,neutral
1,1,5,4.7,5,3,2,3,1,86,9,3,32.65,mild,33.53,mild,63.99,neutral
5,2,5,8.7,4,5,2,1,2,5,8,5,32.82,mild,15.09,low,67.74,good
1,4,5,5.8,3,2,2,2,2,41,10,1,47.03,moderate,38.94,mild,46.05,neutral
1,5,5,2.5,1,2,5,3,5,3,1,5,71.42,elevated,72.11,high,52.51,neutral
1,1,2,10.0,1,3,3,3,2,99,8,3,39.92,mild,55.33,moderate,43.2,neutral
1,2,1,5.4,4,3,5,3,2,112,4,3,56.86,moderate,36.82,mild,51.53,neutral
3,5,1,6.4,2,2,3,1,2,56,3,5,58.94,moderate,41.82,mild,43.96,neutral
2,2,2,9.8,2,2,4,5,2,114,2,3,34.14,mild,68.72,moderate,50.71,neutral
5,2,4,6.5,5,4,1,4,5,76,3,1,40.21,mild,45.89,mild,59.86,neutral
2,4,3,6.5,3,2,5,2,1,105,9,2,39.25,mild,26.55,low,49.77,neutral
3,1,3,4.6,5,4,4,5,3,114,0,5,37.46,mild,58.89,moderate,72.72,good
4,5,1,3.9,3,3,1,2,4,71,12,1,62.38,moderate,47.21,mild,26.35,low
4,5,4,6.5,5,5,4,1,1,53,12,5,30.03,mild,18.23,low,96.68,good
4,5,2,7.5,1,2,3,5,1,89,12,4,79.07,elevated,57.47,moderate,27.42,low
2,2,4,7.3,2,5,1,1,5,20,10,3,56.95,moderate,44.14,mild,46.13,neutral
3,1,1,5.9,1,3,5,1,2,35,4,2,41.6,mild,46.69,mild,48.47,neutral
5,3,2,6.8,1,1,3,4,2,66,5,5,53.44,moderate,68.8,moderate,19.04,low
5,2,1,3.5,5,4,4,2,2,24,1,1,42.77,mild,16.03,low,48.54,neutral
4,5,2,7.6,3,2,3,1,1,60,11,4,48.42,moderate,17.0,low,28.07,low
4,4,5,7.1,2,1,1,1,1,103,10,2,47.17,moderate,25.24,low,73.37,good
5,5,3,10.4,2,3,2,1,1,94,1,2,52.56,moderate,29.68,low,36.9,low
4,4,3,6.8,2,4,4,5,3,107,12,1,46.08,moderate,34.32,mild,41.01,neutral
5,4,2,5.1,1,2,2,4,3,104,0,3,68.01,moderate,59.56,moderate,29.33,low
1,1,2,6.7,5,4,5,5,2,40,9,1,29.42,mild,29.22,low,56.61,neutral
2,1,4,6.2,1,1,2,4,5,86,1,1,53.51,moderate,65.87,moderate,18.12,low
1,1,5,7.6,2,1,3,3,2,45,9,2,29.64,mild,36.48,mild,31.76,low
1,3,4,6.8,1,4,3,2,1,117,11,3,36.39,mild,31.98,mild,61.09,neutral
3,2,4,4.5,5,1,1,5,1,21,12,5,28.13,mild,44.93,mild,36.19,low
2,5,3,3.9,2,2,5,5,4,32,2,5,76.55,elevated,79.71,high,49.9,neutral
3,1,1,7.3,2,3,1,3,3,113,2,3,52.7,moderate,37.95,mild,21.89,low
3,5,4,9.3,4,1,3,1,2,28,0,3,60.28,moderate,30.28,mild,59.43,neutral
4,4,5,6.9,3,5,5,4,2,74,10,4,24.51,low,27.53,low,76.87,good
5,1,3,8.3,2,3,5,2,2,35,2,2,27.2,mild,48.55,mild,60.29,neutral
5,1,1,8.6,3,2,2,2,3,34,5,4,39.64,mild,63.65,moderate,21.59,low
2,2,4,7.3,3,5,2,4,4,81,5,4,49.55,moderate,52.1,moderate,46.35,neutral
2,2,5,5.3,2,3,3,5,4,96,4,4,46.13,moderate,65.31,moderate,42.49,neutral
4,2,2,7.2,3,4,4,4,4,28,6,5,40.13,mild,69.72,moderate,58.36,neutral
1,3,1,9.0,2,1,2,1,1,118,4,2,43.86,mild,34.5,mild,27.08,low
3,1,4,7.8,5,1,3,4,3,10,3,1,27.78,mild,61.91,moderate,39.38,low
3,1,2,8.1,3,1,5,5,4,12,5,3,45.26,moderate,91.34,high,43.32,neutral
1,4,4,6.0,4,3,4,4,2,118,10,2,49.73,moderate,21.43,low,61.32,neutral
4,5,4,6.4,2,5,5,2,3,6,1,1,28.01,mild,45.88,mild,74.64,good
2,2,2,6.6,4,5,5,4,1,38,12,1,26.16,mild,20.1,low,69.84,good
1,5,1,6.7,3,3,5,2,5,14,5,3,66.71,moderate,62.86,moderate,57.17,neutral
4,2,3,8.9,4,1,3,5,4,26,3,5,62.48,moderate,81.49,high,34.93,low
1,2,3,2.6,3,4,5,5,4,8,5,2,48.59,moderate,74.12,high,66.53,good
4,1,5,6.9,4,4,3,3,3,43,12,3,27.25,mild,49.07,mild,75.93,good
1,3,2,6.7,1,3,4,1,4,35,10,1,47.29,moderate,42.38,mild,33.82,low
3,3,2,4.3,4,4,5,3,3,19,10,1,39.24,mild,31.11,mild,66.5,good
5,4,5,8.0,4,3,1,1,5,86,2,4,36.74,mild,61.07,moderate,46.68,neutral
2,1,4,5.5,3,4,5,4,2,4,11,4,26.49,mild,38.71,mild,60.83,neutral
4,1,4,6.2,1,3,5,4,5,57,9,1,31.84,mild,89.56,high,45.36,neutral
4,3,5,10.1,3,1,5,2,4,36,0,3,51.31,moderate,52.24,moderate,71.82,good
5,1,4,8.6,4,1,4,5,5,78,5,3,31.1,mild,73.53,high,70.89,good
1,1,5,7.8,3,5,1,4,1,40,10,1,22.63,low,23.32,low,58.31,neutral
4,4,4,7.5,1,3,2,5,3,57,6,2,52.62,moderate,48.63,mild,42.23,neutral
5,5,3,6.5,2,2,1,2,4,98,7,5,59.51,moderate,48.43,mild,30.48,low
4,3,1,10.4,5,2,4,1,4,17,4,2,46.05,moderate,48.86,mild,45.26,neutral
1,1,4,8.2,2,1,3,3,4,52,0,4,52.24,moderate,52.26,moderate,52.26,neutral
5,5,4,5.5,3,5,3,2,4,68,11,4,37.87,mild,71.23,high,79.33,good
1,3,5,4.3,2,1,4,4,2,89,9,1,44.67,mild,53.34,moderate,54.97,neutral
3,4,4,7.8,4,2,5,3,5,64,3,5,58.46,moderate,57.27,moderate,73.88,good
3,1,3,6.7,3,3,1,4,3,89,3,5,44.26,mild,61.7,moderate,30.38,low
3,3,3,4.2,2,2,5,1,5,96,6,4,58.55,moderate,44.21,mild,42.74,neutral
3,1,1,7.6,3,1,2,1,3,95,10,1,49.01,moderate,33.18,mild,29.39,low
1,4,1,6.3,3,2,4,5,3,74,1,5,75.33,elevated,65.29,moderate,40.2,neutral
3,2,1,7.8,3,4,3,3,3,111,8,1,28.71,mild,27.14,low,42.92,neutral
5,5,5,7.6,2,2,3,1,5,2,11,3,47.19,moderate,52.49,moderate,59.15,neutral
3,1,4,5.7,1,5,2,5,5,60,6,3,55.03,moderate,91.93,high,43.56,neutral
2,4,2,7.9,4,2,1,1,3,97,0,4,61.22,moderate,38.86,mild,46.07,neutral
5,1,3,5.9,2,1,4,5,3,12,0,1,40.13,mild,68.44,moderate,47.25,neutral
1,4,3,6.0,4,1,2,2,1,99,2,5,44.87,mild,27.09,low,57.49,neutral
3,3,2,5.8,2,5,2,3,1,4,11,3,40.75,mild,19.11,low,39.89,low
3,5,3,8.8,5,3,1,2,4,95,5,2,55.64,moderate,38.14,mild,45.87,neutral
3,4,2,6.3,4,5,5,1,2,22,1,2,26.11,mild,0.0,low,73.49,good
5,2,4,9.3,3,4,2,3,3,80,11,4,41.6,mild,38.83,mild,46.42,neutral
3,1,4,10.0,2,1,2,2,4,100,10,1,42.36,mild,46.67,mild,32.94,low
5,3,1,5.5,4,2,2,3,2,98,1,2,30.26,mild,19.71,low,39.06,low
1,3,3,2.5,1,4,3,3,2,69,8,5,56.47,moderate,61.84,moderate,51.07,neutral
4,1,5,8.7,1,1,3,4,1,109,4,5,34.33,mild,55.46,moderate,48.65,neutral
3,3,5,6.2,1,5,3,1,4,16,0,2,39.7,mild,39.23,mild,72.72,good
2,2,4,5.2,2,1,2,2,3,28,0,3,63.82,moderate,60.63,moderate,32.17,low
2,2,4,5.7,3,4,2,5,1,16,7,3,46.83,moderate,26.4,low,52.87,neutral
4,1,1,6.1,2,5,5,5,3,87,10,2,24.44,low,42.9,mild,40.31,neutral
4,2,5,9.1,1,3,3,3,1,107,12,2,19.89,low,48.4,mild,61.87,neutral
4,2,4,7.1,2,5,5,2,4,112,9,1,24.0,low,62.74,moderate,76.4,good
1,1,5,9.1,3,5,5,3,2,62,11,5,31.57,mild,46.0,mild,91.73,good
3,3,5,7.7,2,4,4,4,2,15,3,2,44.48,mild,46.6,mild,60.33,neutral
5,2,2,6.2,3,4,3,2,5,20,1,1,52.58,moderate,45.57,mild,49.73,neutral
1,1,1,6.1,2,2,5,5,4,75,1,4,71.03,elevated,71.96,high,44.99,neutral
3,3,4,7.8,5,2,1,1,4,108,2,1,37.53,mild,35.58,mild,44.99,neutral
3,1,3,8.3,5,5,3,4,4,119,9,5,42.0,mild,64.28,moderate,48.86,neutral
5,5,1,8.6,4,2,4,3,3,87,1,5,58.75,moderate,55.79,moderate,28.95,low
2,3,2,6.3,3,3,1,3,1,106,5,3,42.14,mild,40.75,mild,42.75,neutral
3,5,5,7.1,1,3,1,3,2,57,9,1,35.79,mild,33.47,mild,42.7,neutral
4,5,2,7.9,4,2,1,1,5,23,12,1,57.24,moderate,51.26,moderate,37.82,low
1,5,2,6.1,2,2,3,2,5,56,2,5,62.8,moderate,64.95,moderate,28.52,low
5,3,4,4.8,2,3,3,2,4,12,2,3,38.54,mild,58.56,moderate,65.91,good
5,3,4,5.3,4,2,3,4,5,81,0,3,42.06,mild,75.95,high,56.05,neutral
4,4,2,6.4,1,5,1,3,5,39,1,1,59.09,moderate,56.17,moderate,23.32,low
4,1,5,8.0,2,1,3,3,2,40,5,5,44.06,mild,44.74,mild,48.58,neutral
4,5,3,9.1,4,2,5,3,4,0,4,3,53.26,moderate,59.11,moderate,65.05,good
4,2,1,4.4,5,5,1,3,4,120,12,1,39.08,mild,39.3,mild,33.45,low
5,1,2,5.7,3,3,4,1,1,51,5,1,5.65,low,18.43,low,69.71,good
3,2,5,6.2,3,4,2,5,5,94,4,5,51.76,moderate,83.23,high,47.75,neutral
3,2,1,8.2,5,4,1,5,3,62,6,1,44.98,mild,54.01,moderate,43.72,neutral
4,1,1,5.8,1,2,1,2,2,77,9,2,39.88,mild,49.99,mild,18.68,low
1,4,4,6.0,3,4,1,4,3,56,4,1,65.61,moderate,50.95,moderate,45.56,neutral
5,1,3,4.3,2,2,3,2,2,83,1,1,24.23,low,35.69,mild,43.5,neutral
4,5,2,7.7,3,4,3,1,2,24,5,5,42.37,mild,26.23,low,64.86,neutral
4,3,3,6.5,5,1,4,5,3,120,8,4,43.01,mild,63.37,moderate,48.89,neutral
2,4,1,5.6,3,4,1,2,5,51,4,2,59.92,moderate,51.11,moderate,52.89,neutral
2,2,2,6.3,5,1,4,2,3,1,7,1,46.22,moderate,39.69,mild,55.21,neutral
3,1,2,8.8,3,5,4,3,2,115,4,2,34.05,mild,24.47,low,53.69,neutral
4,1,3,5.0,5,4,1,3,4,2,11,2,45.61,moderate,62.31,moderate,36.82,low
4,4,4,5.3,1,1,4,2,2,57,11,4,53.91,moderate,54.65,moderate,59.11,neutral
4,4,5,9.1,2,1,1,5,3,94,9,3,55.63,moderate,71.0,high,34.95,low
5,2,1,6.9,2,1,3,2,2,44,10,3,37.86,mild,39.22,mild,36.83,low
5,2,2,8.0,4,5,4,3,2,25,1,1,28.85,mild,41.11,mild,84.33,good
4,5,2,7.5,3,3,5,4,2,29,8,1,43.43,mild,27.22,low,63.35,neutral
2,5,3,6.7,2,2,3,5,2,82,5,2,61.61,moderate,48.6,mild,45.2,neutral
3,3,3,6.2,1,2,3,3,5,69,10,2,59.72,moderate,80.49,high,44.31,neutral
3,2,5,8.3,2,1,5,3,4,60,0,3,42.29,mild,67.58,moderate,65.93,good
4,2,5,8.9,1,2,2,5,4,62,2,5,53.98,moderate,78.3,high,26.65,low
5,3,4,8.8,4,5,2,3,1,38,3,3,23.46,low,17.38,low,77.91,good
2,3,1,4.7,5,3,3,2,1,113,7,2,56.02,moderate,16.36,low,53.13,neutral
3,1,1,9.1,5,2,1,1,2,27,12,3,30.4,mild,25.76,low,49.08,neutral
1,1,5,6.2,2,1,1,2,5,101,11,1,52.15,moderate,77.79,high,43.31,neutral
4,3,5,5.4,3,2,2,1,1,93,5,4,33.23,mild,33.68,mild,70.03,good
3,4,2,6.5,3,2,1,2,4,0,0,1,67.93,moderate,57.49,moderate,28.95,low
3,1,1,8.3,3,1,4,3,5,20,11,2,54.3,moderate,63.01,moderate,19.61,low
3,3,4,7.8,3,4,3,3,2,66,7,5,39.15,mild,45.17,mild,64.51,neutral
2,1,3,6.3,2,4,3,1,1,19,0,3,45.7,moderate,8.14,low,66.06,good
3,2,5,8.3,1,5,3,3,1,103,8,4,30.03,mild,37.56,mild,61.29,neutral
4,4,3,7.1,3,2,1,3,1,53,11,2,52.19,moderate,32.27,mild,39.87,low
2,2,4,5.8,1,2,3,1,5,101,11,5,46.97,moderate,86.41,high,22.79,low
1,2,4,5.5,1,5,1,2,4,14,11,2,53.88,moderate,65.57,moderate,44.01,neutral
2,5,1,7.5,3,2,2,4,4,2,12,2,60.94,moderate,57.67,moderate,15.25,low
1,1,1,6.7,5,4,4,1,1,77,8,1,27.93,mild,0.0,low,69.89,good
2,1,4,4.3,3,4,5,2,5,97,7,2,37.2,mild,49.58,mild,71.68,good
4,5,1,8.3,1,5,2,3,4,120,1,3,68.71,moderate,54.77,moderate,29.12,low
1,3,2,5.9,5,2,2,1,5,95,8,1,48.69,moderate,55.56,moderate,54.08,neutral
4,1,4,9.7,4,4,4,4,2,90,11,1,48.73,moderate,39.15,mild,74.68,good
2,3,2,4.3,2,1,5,4,1,7,10,2,43.45,mild,53.35,moderate,49.3,neutral
5,3,1,6.5,2,4,2,2,5,72,11,4,52.59,moderate,69.08,moderate,29.82,low
4,2,1,5.5,5,1,5,2,1,86,2,3,37.9,mild,17.11,low,51.09,neutral
2,3,3,5.0,3,4,2,4,1,47,2,1,51.51,moderate,25.56,low,61.93,neutral
3,4,4,5.9,1,2,4,2,1,120,11,1,39.18,mild,38.03,mild,51.92,neutral
1,2,4,10.0,2,3,2,1,1,119,12,1,42.49,mild,15.43,low,61.13,neutral
1,5,5,7.1,2,1,2,1,3,103,6,2,53.32,moderate,29.47,low,60.0,neutral
5,3,4,5.4,3,4,5,1,2,106,11,2,40.9,mild,15.49,low,70.04,good
5,5,4,3.5,2,3,2,5,5,68,8,1,57.31,moderate,88.6,high,30.01,low
1,1,2,3.7,3,4,1,5,5,99,2,3,61.66,moderate,73.39,high,19.65,low
2,2,2,5.8,2,2,4,3,1,8,6,3,41.57,mild,42.05,mild,61.04,neutral
1,4,2,5.7,4,1,1,5,5,27,5,4,70.75,elevated,71.41,high,14.63,low
2,5,1,6.4,3,3,1,4,1,80,10,5,54.49,moderate,45.87,mild,17.65,low
2,2,5,2.7,5,4,5,3,2,14,4,4,42.03,mild,35.07,mild,89.43,good
2,5,2,6.6,5,4,2,4,4,98,2,5,58.27,moderate,59.12,moderate,21.46,low
3,1,3,8.6,2,2,1,3,2,21,6,5,39.47,mild,47.65,mild,23.61,low
1,3,2,9.7,1,4,5,5,1,42,6,5,48.38,moderate,59.45,moderate,60.81,neutral
5,2,1,3.4,3,3,2,5,1,31,11,2,48.3,moderate,41.05,mild,27.11,low
4,3,5,5.4,2,2,4,5,4,65,0,1,46.74,moderate,70.01,high,54.66,neutral
4,5,2,5.3,5,1,2,3,2,9,11,1,55.0,moderate,32.47,mild,46.1,neutral
1,4,1,7.1,3,2,3,3,2,98,2,5,56.7,moderate,46.95,mild,36.11,low
4,4,2,4.6,2,1,4,1,2,107,2,5,58.83,moderate,49.67,mild,36.99,low
5,2,1,9.8,2,4,4,4,5,90,5,2,41.51,mild,65.63,moderate,41.62,neutral
1,5,5,6.9,5,1,3,1,5,22,7,4,58.34,moderate,51.49,moderate,71.82,good
4,3,1,6.6,1,1,4,3,5,35,12,3,56.88,moderate,79.28,high,14.01,low
2,4,2,9.7,5,1,5,1,1,27,6,1,30.78,mild,20.48,low,62.37,neutral
4,4,2,6.8,2,2,5,3,2,72,1,4,64.94,moderate,48.06,mild,47.41,neutral
3,4,1,7.5,5,1,4,4,5,107,5,1,60.05,moderate,52.52,moderate,44.85,neutral
5,4,1,5.4,3,4,2,2,3,106,11,1,48.36,moderate,37.01,mild,40.26,neutral
1,3,3,4.3,3,1,3,4,1,115,9,3,59.57,moderate,53.22,moderate,44.73,neutral
2,4,2,5.7,2,5,5,2,2,83,2,1,62.07,moderate,16.7,low,52.61,neutral
2,5,1,10.7,4,3,2,2,5,26,8,2,78.91,elevated,43.8,mild,24.94,low
2,2,2,7.9,4,1,4,1,5,48,9,4,50.43,moderate,50.25,moderate,44.54,neutral
2,3,2,7.3,3,3,4,1,3,35,3,3,39.18,mild,33.62,mild,48.64,neutral
2,1,3,5.0,3,1,3,2,1,7,6,1,35.0,mild,10.17,low,49.01,neutral
1,2,5,8.4,3,5,5,1,1,96,4,2,10.02,low,17.27,low,90.26,good
4,4,2,4.4,3,3,3,5,2,69,2,5,55.84,moderate,57.87,moderate,58.98,neutral
3,4,4,4.0,5,5,5,4,4,117,11,5,52.82,moderate,35.56,mild,72.02,good
5,2,4,5.8,1,2,4,2,5,101,4,5,49.3,moderate,65.5,moderate,55.35,neutral
4,3,1,10.3,2,1,1,5,2,78,4,3,67.85,moderate,61.27,moderate,24.51,low
1,5,3,10.2,5,2,5,2,5,5,1,3,59.93,moderate,40.35,mild,68.43,good
1,1,3,6.0,4,3,4,3,5,53,5,4,50.69,moderate,71.9,high,46.47,neutral
3,1,3,5.6,2,4,2,4,5,57,8,5,56.07,moderate,78.56,high,36.1,low
3,2,1,3.8,3,3,4,4,4,81,12,1,33.66,mild,67.18,moderate,38.13,low
2,4,3,6.9,1,5,3,1,3,68,10,5,53.27,moderate,33.81,mild,66.62,good
4,2,1,7.1,1,2,5,2,5,94,11,4,64.54,moderate,74.41,high,35.54,low
3,5,5,8.2,5,2,2,2,4,2,12,1,45.87,moderate,33.8,mild,61.29,neutral
4,5,3,8.4,4,3,2,3,5,13,9,5,39.03,mild,62.87,moderate,55.28,neutral
1,3,1,6.4,1,1,1,5,3,115,11,1,62.94,moderate,71.13,high,7.18,low
5,2,3,7.8,4,4,4,3,2,52,3,1,9.05,low,25.9,low,72.66,good
2,1,5,5.5,3,1,5,3,3,99,9,2,30.12,mild,60.33,moderate,72.87,good
3,5,4,7.8,3,4,4,1,3,103,8,3,32.87,mild,33.79,mild,71.78,good
3,5,2,5.9,5,2,2,3,2,14,5,3,64.4,moderate,31.68,mild,44.15,neutral
5,3,5,7.6,5,2,5,3,4,85,8,2,33.7,mild,54.26,moderate,83.2,good
2,3,1,7.5,1,4,2,4,4,21,9,4,63.94,moderate,76.48,high,17.21,low
2,4,2,6.9,2,4,4,5,2,18,5,3,64.54,moderate,51.86,moderate,56.91,neutral
2,4,1,8.2,2,5,3,3,2,29,10,1,46.23,moderate,44.27,mild,43.75,neutral
2,1,5,4.0,5,2,5,1,3,91,0,5,34.77,mild,39.1,mild,89.45,good
1,4,4,4.9,4,5,5,5,2,11,4,2,65.48,moderate,39.97,mild,87.37,good
1,5,3,6.3,4,5,2,3,2,80,4,4,60.8,moderate,32.67,mild,61.64,neutral
2,4,4,4.2,1,5,1,3,2,46,10,2,60.25,moderate,42.2,mild,47.78,neutral
3,3,2,6.1,5,5,1,5,4,32,6,4,46.42,moderate,53.19,moderate,49.82,neutral
2,3,1,6.1,3,4,4,3,3,29,12,2,46.23,moderate,36.56,mild,52.57,neutral
2,2,5,9.2,2,2,2,4,2,41,12,2,36.25,mild,42.08,mild,25.52,low
4,4,5,7.1,3,4,1,5,1,42,5,1,52.54,moderate,34.71,mild,52.71,neutral
2,2,1,8.7,3,4,5,3,1,38,9,5,28.2,mild,44.92,mild,56.1,neutral
5,2,1,7.3,2,2,4,5,4,62,3,4,55.91,moderate,82.18,high,30.24,low
4,2,3,5.8,5,5,1,1,5,120,1,4,44.08,mild,46.01,mild,57.41,neutral
1,2,1,7.0,5,4,4,5,2,54,6,4,32.73,mild,52.63,moderate,64.89,neutral
2,2,4,8.1,1,3,4,5,5,22,3,1,59.57,moderate,77.24,high,52.44,neutral
1,1,5,8.9,5,5,5,1,4,74,9,3,23.04,low,22.59,low,73.33,good
2,4,2,6.6,3,1,5,1,2,100,6,5,41.63,mild,36.45,mild,52.33,neutral
2,3,2,3.8,4,4,5,1,3,72,1,2,48.29,moderate,31.53,mild,76.98,good
1,5,5,3.7,4,4,5,2,1,64,5,1,38.31,mild,14.64,low,91.39,good
1,1,2,6.2,3,1,4,5,2,80,5,5,49.95,moderate,67.8,moderate,39.88,low
3,4,2,2.6,4,3,4,1,4,106,0,1,49.85,moderate,50.42,moderate,52.8,neutral
4,1,1,10.0,4,3,3,1,5,9,7,4,36.67,mild,38.36,mild,46.34,neutral
2,3,5,7.9,5,2,4,3,2,118,12,5,28.38,mild,37.4,mild,69.42,good
5,3,5,5.7,3,5,5,2,5,108,11,4,38.87,mild,30.07,mild,81.24,good
2,3,1,4.8,4,4,1,4,4,116,11,1,61.35,moderate,51.48,moderate,35.93,low
5,4,5,8.7,5,2,1,4,2,60,11,5,45.0,moderate,44.71,mild,54.43,neutral
2,5,1,4.8,5,3,3,5,4,103,12,1,62.59,moderate,72.79,high,45.87,neutral
3,2,1,5.0,1,1,2,3,5,9,1,5,69.77,moderate,98.73,high,10.61,low
4,5,2,5.4,3,1,3,3,2,50,5,1,49.98,moderate,51.12,moderate,51.47,neutral
1,1,3,7.0,3,4,2,1,1,106,7,3,26.58,mild,8.25,low,62.16,neutral
5,2,5,7.9,4,5,4,5,2,32,10,5,37.57,mild,35.55,mild,84.32,good
2,2,4,8.9,4,2,5,2,4,92,4,2,45.39,moderate,37.62,mild,61.89,neutral
3,5,1,8.7,5,2,2,3,1,38,9,1,47.68,moderate,35.87,mild,37.14,low
4,1,3,6.8,3,4,4,5,2,71,10,1,15.09,low,34.05,mild,61.25,neutral
4,2,5,8.6,4,3,1,4,2,79,6,2,20.04,low,35.49,mild,63.5,neutral
1,3,4,5.6,5,1,4,4,1,106,3,2,40.55,mild,26.28,low,71.0,good
5,5,2,3.5,1,4,4,1,3,41,1,2,54.9,moderate,33.29,mild,43.74,neutral
4,3,1,5.6,4,2,4,4,5,95,5,3,55.62,moderate,72.87,high,42.74,neutral
5,5,3,5.3,2,1,3,1,1,52,2,2,49.73,moderate,31.79,mild,43.23,neutral
3,4,3,5.7,5,3,1,4,5,47,8,3,60.92,moderate,42.68,mild,45.64,neutral
4,4,2,5.1,3,4,5,3,5,9,3,2,44.58,mild,49.05,mild,57.04,neutral
3,4,1,6.0,4,3,1,3,5,9,11,2,75.05,elevated,60.46,moderate,24.95,low
5,1,1,7.9,4,4,3,4,4,93,11,5,35.06,mild,57.56,moderate,34.21,low
5,3,3,9.9,2,2,1,4,3,12,10,4,56.39,moderate,61.66,moderate,29.32,low
5,3,5,3.7,3,3,5,2,2,13,8,4,28.89,mild,47.21,mild,77.16,good
3,2,3,4.5,4,4,3,2,5,22,1,2,47.76,moderate,39.35,mild,47.38,neutral
4,1,3,5.4,4,3,3,3,3,40,12,5,52.78,moderate,45.38,mild,56.32,neutral
2,1,5,8.2,2,2,2,1,3,19,0,2,28.99,mild,45.41,mild,63.25,neutral
3,4,4,6.4,5,5,4,2,2,71,7,4,25.52,mild,17.11,low,87.13,good
4,4,4,5.5,1,1,2,1,2,99,10,4,44.78,mild,49.87,mild,42.52,neutral
1,2,3,8.1,2,5,4,3,2,64,1,2,36.82,mild,24.25,low,59.15,neutral
4,4,4,8.5,5,4,5,2,4,80,6,4,32.75,mild,34.36,mild,78.03,good
1,4,3,6.8,4,1,2,2,3,108,6,1,47.18,moderate,22.7,low,44.2,neutral
3,5,4,5.3,3,2,4,5,2,108,2,2,55.14,moderate,34.9,mild,59.24,neutral
3,5,4,7.3,3,2,2,1,1,79,1,3,59.33,moderate,18.07,low,62.99,neutral
3,5,4,6.4,5,5,5,1,3,8,11,4,37.9,mild,29.51,low,84.14,good
3,1,5,6.4,2,3,5,2,2,95,11,2,23.17,low,34.92,mild,60.3,neutral
3,4,2,5.9,2,2,2,1,2,91,1,4,58.95,moderate,49.79,mild,41.65,neutral
3,2,4,8.5,3,5,2,5,1,36,3,4,42.55,mild,35.74,mild,61.68,neutral
3,3,1,7.2,5,1,1,5,5,19,5,5,76.05,elevated,57.45,moderate,17.2,low
3,4,3,8.7,3,5,4,5,1,16,2,1,44.19,mild,35.23,mild,57.6,neutral
4,4,5,9.2,4,5,5,4,1,33,0,3,31.41,mild,18.82,low,81.59,good
3,3,4,7.6,5,2,1,1,4,89,6,4,35.74,mild,41.81,mild,43.53,neutral
4,5,2,5.9,5,1,5,3,2,114,5,3,55.18,moderate,18.28,low,53.08,neutral
5,1,4,8.7,3,5,4,1,5,18,10,2,16.36,low,42.16,mild,65.08,good
5,1,2,7.6,3,5,3,2,3,50,3,3,19.37,low,41.0,mild,43.55,neutral
1,1,3,11.0,1,2,2,3,4,100,6,3,60.52,moderate,76.45,high,47.46,neutral
4,5,2,7.4,1,1,4,4,5,10,4,3,78.2,elevated,79.42,high,39.02,low
2,3,4,8.1,3,2,3,2,5,114,0,5,59.79,moderate,65.1,moderate,48.97,neutral
1,3,1,7.3,4,1,5,2,5,2,9,3,56.79,moderate,54.38,moderate,41.48,neutral
4,4,3,6.6,5,4,3,5,3,34,9,2,34.9,mild,42.42,mild,74.11,good
1,3,5,6.3,3,3,1,2,5,3,8,1,64.99,moderate,59.27,moderate,63.74,neutral
5,3,4,7.3,3,2,2,3,2,92,0,1,34.89,mild,29.61,low,46.08,neutral
4,1,3,7.7,5,4,2,2,5,51,9,3,28.37,mild,39.99,mild,54.98,neutral
5,1,5,8.9,2,4,3,5,5,52,7,2,37.8,mild,59.77,moderate,53.54,neutral
4,5,1,7.4,1,1,2,3,2,66,5,1,56.34,moderate,53.0,moderate,19.35,low
5,3,5,6.0,5,3,5,1,1,36,8,2,11.56,low,8.29,low,89.93,good
1,1,2,6.2,3,5,2,1,4,91,1,2,37.28,mild,25.44,low,47.31,neutral
5,2,5,4.4,1,4,4,5,1,52,2,3,29.01,mild,58.91,moderate,66.94,good
1,2,5,9.8,2,5,2,5,1,96,1,1,32.99,mild,37.18,mild,66.23,good
2,2,4,5.8,2,5,5,4,5,78,5,5,36.82,mild,66.35,moderate,73.01,good
1,2,4,8.5,2,1,5,1,3,81,11,5,53.0,moderate,59.32,moderate,50.29,neutral
3,4,4,7.3,3,2,4,4,4,119,0,5,58.95,moderate,64.29,moderate,58.99,neutral
4,1,2,7.3,5,3,4,4,5,61,5,1,26.31,mild,40.24,mild,44.4,neutral
2,2,1,6.6,4,3,4,5,5,36,3,4,62.76,moderate,81.24,high,39.14,low
5,3,2,5.4,5,4,3,3,5,88,12,1,43.14,mild,41.68,mild,61.35,neutral
4,3,3,5.1,5,4,3,3,1,85,8,4,32.99,mild,52.46,moderate,70.05,good
4,5,4,9.9,2,4,1,4,2,58,2,4,47.93,moderate,46.77,mild,41.97,neutral
5,5,2,7.0,1,1,5,1,4,40,3,2,55.49,moderate,36.76,mild,43.78,neutral
3,2,3,8.8,1,4,5,4,1,112,7,3,51.06,moderate,58.11,moderate,73.22,good
2,3,1,9.3,4,4,3,3,2,30,0,5,52.52,moderate,38.2,mild,40.52,neutral
5,1,1,6.1,2,4,5,1,3,9,0,1,36.9,mild,35.3,mild,58.78,neutral
3,4,5,7.6,4,3,3,5,2,76,8,3,40.03,mild,48.12,mild,73.22,good
4,1,5,6.9,3,1,1,2,1,9,10,2,36.11,mild,16.33,low,48.9,neutral
2,1,5,4.7,5,1,5,5,5,92,9,1,39.02,mild,50.99,moderate,81.88,good
2,4,2,6.5,3,4,3,2,3,101,2,4,34.88,mild,58.87,moderate,64.59,neutral
1,1,3,7.9,5,5,5,3,3,86,11,5,25.62,mild,23.15,low,82.75,good
2,3,4,5.9,2,5,2,3,4,28,2,3,52.71,moderate,69.1,moderate,60.52,neutral
1,1,2,6.2,4,3,3,4,4,114,11,3,56.3,moderate,62.06,moderate,29.67,low
4,4,4,6.5,3,3,4,1,3,10,3,3,39.59,mild,37.87,mild,54.68,neutral
1,4,4,10.6,1,1,1,2,5,12,6,1,72.28,elevated,66.31,moderate,28.32,low
4,3,3,3.5,2,3,5,1,2,36,12,2,34.94,mild,55.9,moderate,58.99,neutral
5,5,3,7.7,2,1,4,2,5,65,5,4,68.13,moderate,62.63,moderate,44.51,neutral
4,3,2,6.3,1,4,1,3,5,85,8,3,68.17,moderate,62.66,moderate,0.72,low
3,1,5,5.6,5,4,4,3,1,35,7,2,13.56,low,25.45,low,90.96,good
1,1,5,6.3,2,1,5,5,4,110,0,1,32.44,mild,65.59,moderate,57.09,neutral
5,2,5,8.0,3,5,2,3,1,98,10,1,4.65,low,10.3,low,67.67,good
1,2,4,8.1,3,4,4,3,3,27,4,3,45.56,moderate,43.06,mild,80.75,good
4,2,2,7.1,3,2,4,1,5,7,6,2,42.32,mild,57.92,moderate,42.79,neutral
4,2,4,8.8,4,3,1,1,1,84,3,4,25.78,mild,36.25,mild,43.57,neutral
1,3,2,9.1,5,1,3,4,3,21,12,3,59.68,moderate,70.62,high,46.16,neutral
4,1,5,8.3,5,5,3,4,4,34,7,1,11.69,low,25.33,low,79.31,good
1,4,2,5.8,5,1,2,3,3,93,8,2,66.89,moderate,53.43,moderate,38.61,low
2,2,3,7.7,3,5,2,3,1,22,6,1,30.79,mild,10.03,low,78.31,good
5,4,1,7.7,4,4,4,3,1,42,4,1,25.49,mild,9.47,low,59.93,neutral
5,3,1,5.3,1,5,4,5,3,112,7,4,46.7,moderate,60.08,moderate,45.87,neutral
2,5,2,4.0,5,2,2,1,1,82,10,2,52.32,moderate,11.82,low,54.83,neutral
5,3,3,3.2,1,5,1,3,1,75,1,5,52.38,moderate,34.55,mild,51.16,neutral
5,2,1,6.9,1,3,4,2,5,120,1,2,53.56,moderate,41.67,mild,30.35,low
4,3,5,7.3,5,2,1,1,3,93,2,2,43.01,mild,40.41,mild,51.99,neutral
1,4,1,4.7,4,2,1,4,3,55,12,3,71.75,elevated,63.1,moderate,31.13,low
2,3,5,8.7,1,5,2,4,1,80,7,2,39.67,mild,36.52,mild,63.39,neutral
4,3,2,7.1,5,3,5,5,4,64,4,3,37.54,mild,48.54,mild,63.11,neutral
5,3,2,9.2,1,3,4,1,3,43,2,1,26.53,mild,51.68,moderate,42.32,neutral
5,2,1,7.5,1,4,2,1,2,118,8,1,32.85,mild,25.97,low,40.09,neutral
3,2,5,4.9,5,3,3,3,4,71,6,5,34.17,mild,49.99,mild,52.75,neutral
2,5,4,7.6,2,3,5,5,2,90,8,2,60.22,moderate,35.42,mild,59.66,neutral
5,4,1,8.0,2,2,4,5,3,49,9,1,49.01,moderate,64.27,moderate,28.61,low
2,1,1,5.8,4,1,4,4,3,23,1,2,54.35,moderate,50.55,moderate,42.97,neutral
2,5,4,4.2,4,5,1,5,2,14,8,3,55.67,moderate,46.76,mild,51.88,neutral
5,4,5,7.0,3,3,2,5,5,97,9,3,42.71,mild,74.95,high,37.52,low
3,1,1,5.0,5,5,1,2,4,63,3,4,48.79,moderate,46.71,mild,35.45,low
2,4,2,8.8,1,3,5,3,2,62,4,5,58.81,moderate,54.81,moderate,51.54,neutral
1,3,3,6.1,5,3,2,4,1,14,7,2,48.89,moderate,24.29,low,58.05,neutral
3,5,1,9.9,2,3,3,2,2,95,4,2,58.78,moderate,42.8,mild,33.04,low
5,3,2,3.0,4,5,3,5,3,31,12,1,50.82,moderate,58.1,moderate,60.96,neutral
3,3,1,7.0,2,1,3,4,3,72,1,1,60.92,moderate,70.85,high,39.27,low
4,2,3,9.4,2,3,1,3,3,42,2,1,27.21,mild,37.84,mild,44.77,neutral
2,2,4,5.2,2,1,5,3,1,27,10,1,37.25,mild,48.65,mild,44.79,neutral
4,4,3,6.5,3,5,2,4,4,19,8,3,57.79,moderate,40.53,mild,49.65,neutral
4,5,2,6.1,5,3,5,2,2,98,11,4,35.45,mild,38.17,mild,64.62,neutral
4,5,3,5.6,1,5,4,2,2,11,0,5,38.03,mild,37.11,mild,40.46,neutral
4,4,3,7.2,4,2,4,3,3,0,1,2,43.61,mild,50.16,moderate,46.68,neutral
3,4,1,4.5,5,1,4,1,5,37,10,2,61.58,moderate,64.82,moderate,49.64,neutral
2,3,1,6.6,4,4,5,3,1,107,10,4,37.57,mild,28.71,low,61.49,neutral
4,2,1,7.7,5,1,2,3,5,84,10,4,59.54,moderate,62.43,moderate,26.9,low
5,4,5,6.4,1,2,2,3,4,99,11,4,65.44,moderate,68.57,moderate,36.3,low
5,2,4,5.0,2,2,4,3,3,24,2,1,21.75,low,48.21,mild,65.16,good
2,2,1,8.7,3,2,2,5,1,117,1,1,47.49,moderate,51.25,moderate,22.41,low
4,5,2,8.1,3,1,5,2,4,14,3,3,37.43,mild,54.6,moderate,39.4,low
1,3,3,4.9,2,4,1,3,4,4,12,3,67.97,moderate,40.04,mild,33.71,low
3,2,1,4.5,2,4,5,4,3,57,6,2,41.93,mild,63.29,moderate,35.54,low
3,5,5,5.1,5,2,2,2,5,52,0,5,55.68,moderate,68.25,moderate,48.45,neutral
2,5,5,7.8,2,2,1,4,5,35,9,1,72.1,elevated,70.42,high,47.99,neutral
5,2,2,7.3,5,1,4,5,5,20,10,2,30.77,mild,61.76,moderate,35.75,low
5,3,1,8.2,1,4,2,2,2,38,1,4,33.32,mild,30.8,mild,37.0,low
1,3,2,6.2,3,5,2,2,4,45,7,3,34.92,mild,37.74,mild,50.08,neutral
2,4,3,5.1,4,3,3,1,1,72,9,2,54.25,moderate,18.56,low,62.4,neutral
2,5,5,8.5,5,3,3,1,3,43,12,3,53.03,moderate,12.19,low,62.65,neutral
5,3,2,5.8,4,4,1,2,1,29,7,3,34.88,mild,24.34,low,47.76,neutral
3,4,2,7.1,1,5,1,5,2,72,4,2,45.14,moderate,49.86,mild,15.61,low
4,3,2,4.0,4,5,3,2,4,70,11,4,52.95,moderate,58.81,moderate,49.02,neutral
5,5,1,5.8,2,1,2,5,3,52,4,4,90.27,elevated,78.83,high,17.7,low
4,3,1,8.6,5,3,3,5,5,13,8,1,48.26,moderate,55.45,moderate,46.46,neutral
1,2,3,5.5,4,5,4,4,1,116,10,1,25.57,mild,8.84,low,71.54,good
1,3,4,8.3,1,4,4,5,5,62,6,5,69.91,moderate,77.03,high,41.64,neutral
2,5,1,2.6,2,5,1,3,4,33,9,2,64.19,moderate,69.93,moderate,23.25,low
2,4,2,5.8,5,5,5,5,3,87,10,1,42.84,mild,43.67,mild,65.5,good
4,1,5,6.5,5,1,4,3,1,50,7,3,0.11,low,35.15,mild,78.49,good
1,1,5,9.9,4,4,1,1,1,19,5,2,29.56,mild,8.1,low,71.8,good
2,3,4,4.7,2,3,4,5,3,84,8,5,45.5,moderate,75.34,high,51.57,neutral
2,5,3,8.0,2,2,5,5,3,11,5,5,73.58,elevated,56.21,moderate,52.29,neutral
1,3,3,8.7,4,4,3,5,3,33,8,1,40.86,mild,55.55,moderate,56.75,neutral
1,3,2,5.5,3,1,5,3,2,80,1,1,58.58,moderate,32.16,mild,41.57,neutral
1,4,2,6.1,2,3,5,1,4,87,0,4,57.92,moderate,34.22,mild,41.62,neutral
3,3,2,7.1,2,3,5,3,4,119,6,2,47.34,moderate,76.57,high,54.31,neutral
3,5,4,4.1,1,2,5,5,2,85,1,1,63.13,moderate,62.26,moderate,46.01,neutral
3,4,4,6.0,3,4,1,5,2,28,9,3,51.61,moderate,49.63,mild,44.95,neutral
3,4,4,9.1,3,5,1,4,3,86,2,4,47.77,moderate,34.01,mild,48.84,neutral
4,4,4,7.7,3,5,4,4,4,90,6,5,37.4,mild,64.46,moderate,54.23,neutral
5,4,1,6.5,5,4,4,1,3,81,2,3,42.69,mild,33.75,mild,44.91,neutral
3,1,4,7.0,4,2,3,4,1,90,11,4,15.4,low,36.1,mild,49.1,neutral
4,3,5,7.8,3,5,2,1,5,98,10,3,48.59,moderate,53.54,moderate,48.52,neutral
4,1,4,8.2,2,5,5,4,2,68,0,4,27.01,mild,55.78,moderate,75.14,good
4,3,3,5.8,4,5,3,1,4,120,5,5,37.28,mild,45.75,mild,63.18,neutral
1,1,2,9.6,5,5,4,3,1,77,12,5,36.8,mild,5.24,low,61.17,neutral
5,3,4,9.2,1,5,4,5,2,6,6,4,35.87,mild,46.16,mild,48.06,neutral
1,2,3,8.0,2,4,5,1,3,20,10,5,39.89,mild,57.07,moderate,71.08,good
3,1,2,5.3,1,4,4,3,5,60,1,1,36.24,mild,66.65,moderate,46.02,neutral
4,1,3,5.0,2,4,4,1,3,52,5,4,36.01,mild,43.73,mild,52.53,neutral
3,3,1,6.2,1,4,5,4,1,98,11,5,47.51,moderate,40.33,mild,54.5,neutral
2,1,5,6.9,3,2,1,5,5,81,2,5,53.23,moderate,76.33,high,37.85,low
5,5,4,3.6,5,5,4,1,2,0,0,2,49.58,moderate,28.17,low,87.04,good
1,4,2,7.7,5,4,3,3,2,55,9,3,41.51,mild,40.84,mild,49.66,neutral
2,4,4,9.1,2,4,4,4,1,65,1,4,47.92,moderate,49.02,mild,51.37,neutral
5,1,1,7.8,4,4,2,1,4,118,3,1,16.36,low,36.5,mild,30.69,low
4,4,2,5.6,2,1,3,3,3,79,10,4,62.87,moderate,67.52,moderate,47.66,neutral
1,4,4,5.4,2,5,2,1,2,21,11,2,48.98,moderate,25.6,low,54.88,neutral
4,2,1,7.3,4,3,1,5,4,23,1,5,53.68,moderate,55.52,moderate,22.52,low
5,1,4,6.5,4,5,3,3,1,38,6,4,17.41,low,11.5,low,75.18,good
1,3,5,7.6,3,1,1,3,3,48,10,2,46.35,moderate,61.51,moderate,45.08,neutral
3,4,3,7.9,1,2,1,5,4,13,5,1,83.26,elevated,71.41,high,22.52,low
3,1,2,8.8,3,5,3,4,5,95,4,4,44.39,mild,70.6,high,41.84,neutral
1,1,4,4.8,2,4,5,2,4,8,7,3,44.02,mild,56.2,moderate,70.09,good
2,2,2,7.2,1,4,4,4,3,8,10,4,39.95,mild,61.89,moderate,33.68,low
1,3,4,6.1,1,3,1,2,1,15,0,1,57.54,moderate,33.09,mild,42.98,neutral
1,3,4,6.6,3,3,1,3,2,16,0,3,51.11,moderate,45.88,mild,29.32,low
3,3,1,8.4,1,3,3,5,3,68,1,4,63.72,moderate,62.19,moderate,9.85,low
3,2,1,8.6,4,1,3,5,3,98,4,5,61.86,moderate,76.6,high,17.62,low
2,1,1,9.3,1,3,1,5,3,114,3,2,56.82,moderate,59.06,moderate,23.08,low
2,1,1,7.6,2,3,2,3,4,97,6,2,42.76,mild,57.83,moderate,24.57,low
1,1,2,6.6,5,2,1,5,5,82,3,4,39.03,mild,61.45,moderate,32.83,low
4,4,1,6.3,4,2,3,5,3,71,8,2,51.32,moderate,54.13,moderate,38.58,low
2,4,5,3.7,3,4,4,3,1,37,4,5,42.69,mild,32.82,mild,76.33,good
5,3,5,9.2,1,4,2,1,3,50,10,4,28.38,mild,45.74,mild,47.45,neutral
3,1,1,6.2,1,3,3,1,2,105,4,5,54.71,moderate,48.93,mild,33.6,low
5,3,2,7.7,5,4,2,4,3,12,3,1,45.16,moderate,36.54,mild,52.79,neutral
4,5,4,8.0,4,2,5,5,3,99,11,1,29.97,mild,69.54,moderate,84.11,good
2,2,4,4.6,5,3,1,5,3,98,8,5,52.67,moderate,66.32,moderate,44.48,neutral
4,3,3,5.1,5,3,3,2,3,6,0,2,34.6,mild,32.21,mild,66.86,good
2,3,5,9.6,1,2,2,5,2,29,1,2,58.45,moderate,60.46,moderate,44.51,neutral
1,2,4,7.3,5,1,3,5,1,37,0,2,34.7,mild,40.26,mild,53.88,neutral
2,3,4,5.8,3,3,3,3,5,110,10,3,47.97,moderate,71.36,high,58.21,neutral
2,3,3,6.6,4,5,4,2,3,53,8,5,48.45,moderate,25.99,low,81.38,good
1,3,3,8.8,3,3,5,3,2,93,12,4,53.19,moderate,48.54,mild,64.35,neutral
1,4,2,8.5,4,5,3,4,5,72,4,1,69.25,moderate,43.4,mild,45.54,neutral
5,3,3,4.2,5,5,2,5,1,9,0,5,40.4,mild,42.73,mild,62.74,neutral
3,1,5,9.7,5,4,3,1,2,80,5,3,10.94,low,29.81,low,82.49,good
3,1,2,8.5,3,5,3,2,4,76,1,4,45.49,moderate,49.48,mild,66.98,good
5,3,1,6.5,2,3,5,1,3,105,1,2,46.29,moderate,17.35,low,55.19,neutral
2,5,3,4.7,4,4,3,5,5,111,10,1,68.25,moderate,49.94,mild,44.28,neutral
3,1,4,8.7,3,1,5,3,2,71,4,3,26.42,mild,51.2,moderate,72.45,good
5,1,5,7.7,2,2,4,2,4,106,11,2,16.38,low,31.27,mild,66.95,good
4,4,3,4.2,4,3,3,2,3,16,6,1,51.27,moderate,42.86,mild,65.73,good
2,3,4,6.4,1,1,2,1,3,74,8,4,46.61,moderate,62.32,moderate,41.06,neutral
2,2,2,11.0,3,4,2,3,3,69,10,5,51.81,moderate,64.44,moderate,47.57,neutral
1,2,3,6.8,4,5,1,4,5,20,5,5,77.96,elevated,61.57,moderate,44.77,neutral
1,4,3,5.5,5,1,3,2,4,65,4,2,75.18,elevated,51.5,moderate,48.96,neutral
1,3,2,5.0,4,5,5,3,2,82,9,4,52.15,moderate,36.82,mild,68.57,good
4,4,4,10.0,5,1,1,4,3,50,10,3,48.01,moderate,40.69,mild,43.07,neutral
4,2,5,8.3,5,1,5,2,3,80,3,3,22.15,low,46.63,mild,78.48,good
3,3,2,9.3,2,4,5,4,4,90,10,4,56.73,moderate,78.71,high,49.64,neutral
4,5,1,7.2,5,4,3,2,3,71,12,2,57.64,moderate,33.74,mild,49.73,neutral
1,2,5,9.1,2,5,2,3,3,48,2,2,39.11,mild,39.82,mild,60.3,neutral
2,2,5,5.3,4,3,3,5,3,32,11,3,39.23,mild,63.57,moderate,62.97,neutral
2,1,5,7.1,2,3,5,5,2,79,1,4,35.24,mild,67.89,moderate,53.0,neutral
5,4,2,7.3,3,1,1,3,3,108,11,3,41.33,mild,62.85,moderate,33.45,low
4,1,4,9.3,4,4,3,2,5,55,11,2,19.63,low,59.44,moderate,64.78,neutral
5,2,4,7.4,5,5,1,5,5,60,11,1,22.81,low,39.85,mild,49.86,neutral
2,4,4,5.7,5,3,4,3,1,110,4,3,46.07,moderate,28.78,low,79.48,good
5,1,5,6.9,5,5,1,2,2,35,12,1,15.76,low,20.38,low,69.69,good
1,5,5,3.8,3,2,2,3,4,97,7,3,76.82,elevated,72.93,high,46.68,neutral
2,3,3,2.6,5,5,4,3,1,30,0,4,29.75,mild,31.14,mild,77.75,good
3,2,1,8.3,1,3,4,5,4,31,11,3,41.14,mild,88.39,high,40.44,neutral
1,3,1,6.1,5,1,2,2,3,34,11,3,61.01,moderate,24.54,low,36.49,low
5,4,5,6.3,2,2,3,1,1,6,3,2,29.24,mild,30.66,mild,58.29,neutral
5,3,5,8.3,3,3,1,3,3,55,3,2,31.53,mild,49.23,mild,49.94,neutral
3,5,1,9.3,5,1,3,5,3,42,7,5,75.1,elevated,71.32,high,38.79,low
2,5,2,7.8,4,5,1,1,4,27,4,5,54.64,moderate,52.41,moderate,45.98,neutral
1,2,2,10.3,5,2,5,5,5,91,8,1,49.73,moderate,59.98,moderate,60.68,neutral
4,4,2,7.7,4,4,1,1,5,62,4,2,46.39,moderate,55.43,moderate,43.4,neutral
3,2,4,7.3,4,5,4,3,3,23,2,2,27.78,mild,41.19,mild,80.67,good
4,5,3,7.2,1,3,3,3,4,23,3,4,65.0,moderate,63.35,moderate,54.35,neutral
4,2,3,4.5,5,4,2,1,4,97,8,1,24.99,low,24.15,low,48.93,neutral
1,2,3,8.5,4,3,3,4,5,32,5,4,51.92,moderate,69.54,moderate,65.26,good
1,4,4,2.5,4,4,1,1,4,47,0,1,68.2,moderate,41.57,mild,63.99,neutral
4,4,4,5.7,3,1,3,3,2,14,6,5,68.46,moderate,55.27,moderate,69.75,good
1,1,1,6.8,5,2,4,3,2,97,10,1,26.7,mild,23.6,low,44.38,neutral
5,3,1,5.4,3,4,3,3,2,43,1,5,48.71,moderate,49.22,mild,44.31,neutral
1,2,2,6.0,1,1,2,1,1,85,3,5,54.21,moderate,37.02,mild,30.03,low
4,4,3,10.1,1,5,3,3,2,49,4,4,48.94,moderate,58.07,moderate,57.82,neutral
5,3,5,8.8,4,4,5,4,3,96,12,5,24.82,low,67.2,moderate,80.76,good
3,5,5,5.6,4,1,4,3,4,48,4,3,60.47,moderate,52.06,moderate,64.86,neutral
1,5,4,6.0,2,1,1,4,2,108,10,4,74.97,elevated,59.21,moderate,39.48,low
5,4,1,4.5,4,1,2,4,1,87,8,4,75.35,elevated,54.08,moderate,29.65,low
1,4,1,8.1,5,4,1,1,1,58,12,1,36.26,mild,6.55,low,45.12,neutral
3,5,3,6.4,3,3,2,5,1,58,7,5,43.46,mild,35.78,mild,47.13,neutral
5,1,3,3.3,5,3,4,5,3,75,4,4,53.22,moderate,66.75,moderate,54.61,neutral
4,4,4,7.0,1,3,5,5,3,83,9,3,46.2,moderate,60.44,moderate,54.75,neutral
1,4,1,7.6,3,3,3,5,2,85,1,2,56.22,moderate,48.48,mild,26.22,low
5,1,5,8.5,3,2,4,2,2,4,10,4,25.13,mild,30.83,mild,67.7,good
1,5,3,6.7,2,1,2,4,3,32,3,5,62.27,moderate,75.07,high,21.32,low
4,4,3,6.1,1,1,3,3,4,52,8,1,58.62,moderate,61.7,moderate,34.24,low
4,2,1,10.4,3,4,5,5,1,64,7,5,41.3,mild,56.26,moderate,42.56,neutral
2,3,5,6.8,2,4,2,5,5,10,3,3,63.75,moderate,73.31,high,48.1,neutral
3,3,3,8.1,2,2,2,1,2,24,6,4,53.84,moderate,33.24,mild,48.7,neutral
1,5,2,5.8,2,2,1,5,1,55,6,1,76.5,elevated,49.73,mild,24.23,low
5,5,2,8.0,3,3,2,4,1,54,9,1,47.39,moderate,21.72,low,36.53,low
2,5,2,4.2,5,4,1,3,3,74,6,4,77.62,elevated,59.55,moderate,49.5,neutral
2,4,1,6.0,3,3,5,3,3,8,0,2,60.99,moderate,47.84,mild,57.06,neutral
3,1,5,4.6,3,3,5,3,1,96,0,2,22.33,low,27.56,low,83.14,good
4,5,5,5.7,2,1,3,4,3,36,8,4,50.53,moderate,63.61,moderate,44.28,neutral
3,1,5,9.1,3,3,3,4,2,66,11,2,24.98,low,44.0,mild,59.46,neutral
3,1,2,5.7,2,4,2,3,5,114,5,2,51.66,moderate,72.66,high,31.6,low
3,1,3,8.1,5,3,1,5,2,45,1,2,25.83,mild,31.52,mild,46.78,neutral
5,5,3,9.5,3,5,3,2,5,37,2,2,51.09,moderate,48.24,mild,41.7,neutral
2,3,3,6.8,3,4,1,3,3,31,12,4,44.14,mild,46.3,mild,33.63,low
5,2,3,8.6,1,5,5,3,5,78,9,1,23.42,low,74.84,high,68.01,good
4,1,3,7.8,5,3,2,1,3,115,0,5,21.33,low,41.53,mild,55.16,neutral
5,3,4,7.0,3,3,4,3,1,67,3,4,31.07,mild,47.7,mild,75.32,good
5,4,1,8.2,1,3,2,5,4,23,9,1,64.37,moderate,69.52,moderate,28.63,low
4,5,1,10.1,1,2,1,4,3,114,8,3,66.12,moderate,80.02,high,10.5,low
2,3,5,5.7,2,3,3,4,5,5,3,1,37.44,mild,81.11,high,51.87,neutral
4,4,5,5.1,4,1,1,1,2,49,9,1,67.57,moderate,34.54,mild,64.23,neutral
4,5,5,5.0,1,3,2,1,1,15,11,4,57.95,moderate,40.94,mild,62.32,neutral
2,5,2,8.6,1,1,2,3,1,4,11,2,72.55,elevated,38.1,mild,36.9,low
4,2,3,8.8,3,3,5,2,4,120,10,3,48.16,moderate,67.27,moderate,60.14,neutral
2,5,1,5.8,3,5,3,1,2,10,4,2,54.67,moderate,19.32,low,53.39,neutral
3,3,2,3.0,5,3,4,3,4,109,0,2,51.07,moderate,56.54,moderate,53.96,neutral
4,5,4,5.6,4,4,3,4,1,65,5,4,56.27,moderate,40.47,mild,65.57,good
1,1,2,7.8,4,3,5,4,1,38,0,4,47.36,moderate,22.19,low,55.26,neutral
2,1,3,6.7,2,5,3,1,4,104,7,1,38.2,mild,36.96,mild,56.4,neutral
4,5,1,7.1,4,2,5,4,2,0,7,5,61.1,moderate,50.04,moderate,45.72,neutral
3,4,3,5.9,3,5,5,2,3,83,4,3,32.1,mild,36.32,mild,66.58,good
5,1,4,8.6,2,4,5,1,1,92,1,2,13.53,low,19.1,low,83.08,good
1,5,3,7.4,2,5,4,3,1,44,6,1,61.05,moderate,36.61,mild,55.22,neutral
4,1,3,7.9,5,1,5,2,1,36,0,3,28.97,mild,15.77,low,70.95,good
5,4,5,7.1,3,5,4,4,2,1,3,4,22.99,low,29.29,low,67.63,good
5,2,2,7.7,3,5,2,4,2,2,12,1,27.35,mild,27.58,low,42.22,neutral
1,1,2,7.6,4,2,1,4,2,5,11,2,58.45,moderate,46.88,mild,28.9,low
5,5,4,5.1,2,4,2,1,2,55,8,5,50.98,moderate,44.84,mild,57.77,neutral
2,5,3,7.5,2,3,3,2,3,64,4,1,54.91,moderate,44.95,mild,32.19,low
2,1,5,8.2,5,1,1,3,5,51,0,5,48.15,moderate,74.45,high,45.85,neutral
2,1,1,8.9,5,3,2,5,1,85,8,2,39.69,mild,35.29,mild,43.11,neutral
4,4,1,7.5,3,4,4,3,5,43,6,3,47.01,moderate,54.34,moderate,33.99,low
4,1,2,5.1,5,2,2,4,3,95,9,4,35.16,mild,44.76,mild,40.96,neutral
3,4,3,5.3,2,2,4,2,3,79,2,5,64.62,moderate,45.05,mild,37.29,low
1,5,5,6.0,4,3,5,2,4,113,10,4,54.23,moderate,47.62,mild,75.15,good
5,4,3,7.1,1,5,1,4,4,87,10,2,55.05,moderate,66.81,moderate,25.49,low
2,2,3,6.6,4,1,4,5,5,15,5,1,55.27,moderate,73.73,high,62.4,neutral
1,1,1,4.8,1,5,5,1,5,67,0,4,62.42,moderate,60.51,moderate,52.14,neutral
3,4,3,4.8,2,5,1,3,1,79,6,3,54.84,moderate,23.3,low,49.47,neutral
3,1,3,3.0,5,5,4,4,3,1,4,4,45.69,moderate,71.21,high,60.36,neutral
4,3,3,2.5,2,1,3,1,3,5,9,5,57.74,moderate,50.57,moderate,37.3,low
5,3,4,6.6,3,3,4,4,3,2,3,5,33.97,mild,59.19,moderate,55.63,neutral
1,4,3,11.0,5,2,1,3,5,20,0,3,68.57,moderate,72.25,high,40.19,neutral
2,2,1,10.0,5,5,3,3,4,106,12,4,52.52,moderate,47.33,mild,52.44,neutral
3,4,1,5.0,3,4,2,3,3,29,3,4,66.83,moderate,42.68,mild,36.3,low
4,4,1,7.1,1,4,1,5,5,22,1,1,76.1,elevated,80.99,high,18.99,low
4,2,4,4.2,2,1,4,1,4,53,11,2,38.4,mild,44.31,mild,51.14,neutral
2,2,5,4.4,4,5,3,2,4,48,9,1,37.45,mild,54.69,moderate,78.49,good
4,1,5,4.6,2,3,5,2,4,120,3,2,30.31,mild,57.7,moderate,64.9,neutral
5,3,2,6.4,4,1,1,5,1,12,6,1,58.34,moderate,37.67,mild,24.74,low
3,2,1,6.5,5,5,4,3,5,101,8,5,46.23,moderate,42.03,mild,65.78,good
5,1,4,7.3,4,5,4,1,4,27,10,5,23.31,low,27.99,low,75.08,good
4,3,1,8.0,4,3,4,1,1,37,4,4,35.28,mild,17.92,low,68.7,good
2,3,4,6.2,3,4,2,5,2,58,2,3,46.99,moderate,65.35,moderate,51.3,neutral
2,1,2,6.9,1,4,4,1,2,118,0,1,22.14,low,30.16,mild,72.79,good
4,1,5,4.8,3,2,2,1,2,28,11,3,20.61,low,37.92,mild,59.89,neutral
2,1,4,4.4,5,4,4,3,4,41,10,1,34.82,mild,46.99,mild,82.67,good
2,4,4,4.1,4,5,3,3,3,79,12,1,47.49,moderate,58.32,moderate,70.51,good
2,2,3,8.0,4,5,3,2,2,81,9,1,31.34,mild,14.42,low,69.57,good
4,1,5,6.2,5,4,3,1,4,44,2,3,30.82,mild,48.4,mild,74.33,good
2,1,3,3.4,2,2,1,1,2,15,3,4,52.2,moderate,40.2,mild,32.06,low
4,5,4,6.7,2,5,2,3,1,95,3,3,41.89,mild,23.09,low,67.09,good
5,2,2,4.6,5,5,2,5,5,108,5,4,44.21,mild,65.94,moderate,43.93,neutral
5,4,3,9.8,3,1,5,1,2,72,12,3,42.56,mild,36.33,mild,66.14,good
5,3,5,5.8,4,2,3,3,2,105,8,5,32.74,mild,50.08,moderate,69.98,good
1,1,2,8.0,4,3,1,1,4,30,5,2,52.58,moderate,16.47,low,50.31,neutral
3,2,1,8.8,1,3,1,4,4,104,9,2,57.3,moderate,68.64,moderate,18.87,low
2,1,2,5.1,2,4,5,1,1,97,10,1,31.85,mild,13.88,low,53.41,neutral
5,4,2,6.9,2,3,1,2,1,109,5,2,37.5,mild,20.55,low,34.19,low
4,2,3,7.8,1,1,1,1,5,112,10,1,55.69,moderate,48.87,mild,24.3,low
2,3,1,7.0,4,1,2,4,3,41,0,1,68.27,moderate,46.11,mild,29.35,low
3,1,1,7.4,5,4,2,4,3,14,4,5,29.97,mild,41.03,mild,50.05,neutral
4,5,2,4.4,5,4,1,1,3,90,2,3,57.5,moderate,25.67,low,57.09,neutral
3,2,3,7.8,1,4,5,3,3,81,2,4,38.95,mild,39.29,mild,54.34,neutral
3,3,1,5.9,3,3,1,2,4,78,2,2,58.73,moderate,49.73,mild,46.44,neutral
1,5,2,7.4,2,2,4,1,1,76,4,4,59.79,moderate,21.55,low,45.96,neutral
3,4,2,8.5,1,2,5,1,2,4,9,3,31.74,mild,25.06,low,46.86,neutral
2,4,1,8.0,4,4,4,5,5,81,7,5,67.69,moderate,66.96,moderate,31.01,low
5,5,2,7.4,5,3,1,4,1,58,5,4,56.32,moderate,23.21,low,30.28,low
5,1,2,8.0,1,1,4,4,5,3,6,3,56.26,moderate,82.76,high,17.56,low
4,5,1,8.0,4,2,2,2,3,103,2,4,50.45,moderate,37.84,mild,40.86,neutral
1,3,4,9.5,1,5,3,2,1,3,9,4,46.6,moderate,19.51,low,67.18,good
5,3,1,6.7,5,3,2,4,3,28,9,5,42.42,mild,41.93,mild,28.68,low
2,2,3,7.1,1,5,4,3,4,35,7,3,27.57,mild,41.17,mild,53.3,neutral
3,4,4,8.5,3,3,3,1,2,94,10,5,38.76,mild,44.01,mild,66.2,good
5,5,5,5.9,1,3,1,3,4,9,10,1,45.28,moderate,71.53,high,27.23,low
5,4,3,4.4,3,5,3,3,1,46,10,1,39.57,mild,37.28,mild,79.18,good
1,1,3,7.7,3,3,4,3,1,44,1,2,20.54,low,22.55,low,70.17,good
2,3,4,6.4,3,1,5,3,4,50,1,5,44.51,mild,78.63,high,61.23,neutral
4,4,5,4.6,5,3,5,5,3,105,5,5,40.49,mild,62.82,moderate,85.12,good
3,2,2,7.7,5,4,1,2,4,39,0,3,47.76,moderate,30.46,mild,27.42,low
2,4,4,9.4,2,2,5,3,5,42,0,3,80.84,elevated,66.72,moderate,52.75,neutral
3,4,3,3.9,5,3,3,5,5,49,1,3,63.82,moderate,69.85,moderate,59.57,neutral
5,1,1,8.6,3,5,4,5,3,47,1,2,24.84,low,51.38,moderate,48.19,neutral
2,3,4,2.5,1,3,2,5,3,115,4,3,58.27,moderate,76.27,high,45.19,neutral
4,1,5,6.1,4,2,4,4,5,32,4,5,42.33,mild,73.97,high,70.59,good
4,3,1,10.1,4,1,2,1,5,13,10,4,47.46,moderate,56.99,moderate,31.38,low
5,2,1,6.2,2,3,3,5,1,51,11,1,47.16,moderate,54.48,moderate,35.44,low
2,5,5,7.0,3,4,2,1,3,10,2,2,50.65,moderate,29.36,low,70.11,good
2,5,3,8.2,3,2,2,3,5,96,4,4,66.5,moderate,67.21,moderate,21.13,low
3,3,2,3.7,1,3,3,3,1,107,6,3,40.17,mild,42.8,mild,44.67,neutral
3,3,4,6.9,2,4,5,4,5,100,3,4,54.6,moderate,71.05,high,65.0,good
3,4,2,6.9,3,5,4,4,4,97,4,4,45.44,moderate,44.8,mild,52.46,neutral
4,4,2,10.2,2,5,4,4,1,50,8,2,45.73,moderate,26.77,low,66.54,good
4,4,2,4.6,5,2,2,2,4,84,5,3,53.64,moderate,70.67,high,43.98,neutral
2,4,3,6.1,2,1,3,4,3,48,9,1,46.19,moderate,44.14,mild,40.43,neutral
4,5,1,5.1,4,4,3,4,2,103,0,4,55.39,moderate,45.71,mild,59.41,neutral
2,5,2,4.9,1,2,4,1,4,23,6,3,58.0,moderate,61.7,moderate,30.84,low
3,1,2,8.8,2,2,1,4,4,17,4,2,46.57,moderate,75.43,high,33.14,low
1,3,1,6.8,5,1,1,1,5,118,3,4,67.17,moderate,56.05,moderate,34.75,low
2,3,4,5.8,5,4,3,3,3,43,6,5,50.1,moderate,60.04,moderate,72.26,good
5,3,1,5.9,5,1,5,2,1,37,3,5,38.56,mild,32.5,mild,50.01,neutral
3,3,5,5.8,1,2,4,2,5,80,9,1,39.46,mild,77.65,high,58.24,neutral
4,4,1,5.9,5,3,5,2,2,41,2,5,39.53,mild,41.7,mild,51.82,neutral
1,3,2,4.5,2,1,2,5,4,90,11,3,66.85,moderate,94.21,high,16.25,low
4,2,1,6.3,1,4,2,5,4,52,4,1,34.27,mild,67.36,moderate,25.3,low
2,3,2,6.2,1,4,4,4,1,94,6,2,48.17,moderate,43.89,mild,42.43,neutral
4,5,4,5.4,4,3,1,4,3,9,2,2,43.14,mild,45.41,mild,46.88,neutral
5,2,1,7.1,3,1,5,2,1,88,11,2,31.0,mild,30.15,mild,40.18,neutral
3,1,3,7.2,3,1,4,1,4,39,8,4,25.24,mild,53.97,moderate,52.97,neutral
1,5,4,5.8,5,1,3,3,4,51,10,3,52.13,moderate,36.33,mild,67.33,good
3,1,3,6.5,1,4,1,3,3,112,11,4,48.82,moderate,53.99,moderate,51.08,neutral
1,4,1,10.7,1,4,2,2,2,58,12,5,68.06,moderate,56.2,moderate,21.23,low
3,5,4,10.6,5,4,5,2,5,9,3,1,34.86,mild,33.86,mild,71.39,good
1,2,1,4.9,4,5,1,1,1,55,4,5,43.51,mild,9.75,low,43.6,neutral
4,2,1,5.2,4,2,1,5,1,29,3,1,49.81,moderate,49.49,mild,37.33,low
2,2,3,4.9,3,1,2,2,2,57,6,1,42.27,mild,50.21,moderate,43.01,neutral
2,1,2,8.7,1,2,2,5,5,26,11,1,54.12,moderate,75.55,high,29.12,low
1,1,1,6.1,3,4,4,4,5,77,9,1,50.31,moderate,63.55,moderate,47.67,neutral
5,1,4,7.2,5,4,1,1,3,28,7,2,20.47,low,21.33,low,48.52,neutral
5,3,3,10.4,1,3,4,1,5,56,6,5,42.21,mild,79.75,high,44.86,neutral
5,3,5,6.8,1,1,4,3,5,115,9,4,45.98,moderate,74.94,high,37.25,low
1,1,3,8.1,2,4,2,1,3,77,6,3,38.23,mild,33.66,mild,44.14,neutral
2,5,3,7.7,3,5,3,5,1,85,11,5,66.24,moderate,52.42,moderate,54.11,neutral
5,4,5,5.7,4,2,4,5,5,93,7,3,46.18,moderate,66.17,moderate,66.59,good
3,1,1,8.7,1,5,5,4,4,111,8,1,40.5,mild,54.15,moderate,46.92,neutral
1,5,2,5.3,5,4,4,2,1,107,8,1,50.22,moderate,13.61,low,67.43,good
1,1,4,9.2,1,5,5,5,5,103,9,3,43.2,mild,91.74,high,75.92,good
2,3,2,5.7,2,4,1,4,2,41,6,2,49.44,moderate,34.46,mild,28.25,low
5,3,5,5.9,5,1,4,2,4,75,5,2,37.43,mild,40.45,mild,72.2,good
1,3,2,4.8,2,4,4,5,2,98,5,2,59.69,moderate,57.63,moderate,55.49,neutral
5,5,3,5.1,3,1,2,2,1,67,12,2,65.99,moderate,38.99,mild,47.24,neutral
4,5,5,6.0,3,2,2,3,3,15,1,5,61.87,moderate,58.57,moderate,44.46,neutral
5,2,2,2.5,2,5,1,4,3,61,9,1,52.32,moderate,51.45,moderate,30.3,low
5,3,5,6.4,3,5,5,5,5,26,12,1,38.89,mild,65.12,moderate,80.86,good
2,5,1,5.9,4,3,5,1,1,83,0,2,43.68,mild,1.78,low,71.5,good
5,4,2,8.2,1,2,1,2,5,104,8,4,49.99,moderate,72.16,high,16.97,low
1,5,3,7.6,5,2,2,5,1,84,7,2,47.44,moderate,47.02,mild,41.85,neutral
2,3,3,5.5,1,2,3,3,5,66,4,2,66.4,moderate,62.17,moderate,35.47,low
2,2,5,6.0,5,3,5,4,4,72,1,4,50.11,moderate,49.61,mild,89.01,good
1,3,5,6.4,5,3,5,4,2,65,8,4,44.82,mild,36.38,mild,73.84,good
1,5,4,9.5,5,1,5,2,5,54,6,4,59.81,moderate,57.55,moderate,61.6,neutral
1,5,4,5.3,4,4,5,2,2,27,9,4,63.5,moderate,48.48,mild,79.35,good
1,4,2,5.5,5,4,4,3,4,81,1,4,54.05,moderate,40.67,mild,66.84,good
2,4,5,4.8,5,4,2,1,1,42,12,3,29.81,mild,2.61,low,73.9,good
1,3,4,4.1,4,5,4,4,1,18,8,3,45.53,moderate,38.48,mild,81.26,good
1,2,1,7.4,5,4,3,1,2,96,5,4,50.01,moderate,12.86,low,66.01,good
5,3,5,7.2,2,4,5,5,2,66,5,2,22.37,low,55.12,moderate,62.53,neutral
1,3,2,9.1,5,2,3,4,2,62,12,2,37.42,mild,37.07,mild,40.4,neutral
1,5,3,8.7,5,3,4,2,2,62,7,2,49.47,moderate,28.26,low,69.14,good
1,3,3,11.0,4,3,1,1,4,9,7,5,67.85,moderate,36.11,mild,50.23,neutral
1,4,5,6.7,1,5,4,4,1,64,8,1,18.81,low,38.02,mild,76.8,good
3,1,2,6.3,2,3,3,3,4,65,4,2,50.94,moderate,59.59,moderate,47.94,neutral
5,4,2,4.5,1,4,3,1,5,61,3,1,42.13,mild,54.03,moderate,27.77,low
4,3,1,8.1,3,3,4,3,5,0,9,2,55.28,moderate,49.47,mild,42.9,neutral
3,5,2,7.0,3,1,3,5,1,90,4,2,41.59,mild,47.34,mild,17.11,low
1,3,1,8.0,5,5,1,4,5,74,0,3,47.46,moderate,60.91,moderate,46.75,neutral
4,3,3,4.7,2,4,2,4,1,91,6,5,53.12,moderate,41.7,mild,55.4,neutral
1,1,5,7.4,1,2,5,3,1,60,0,3,43.35,mild,36.57,mild,65.01,good
4,5,3,7.2,4,1,5,1,4,39,7,5,49.09,moderate,57.68,moderate,38.41,low
3,4,5,7.1,1,5,4,5,4,100,8,2,65.3,moderate,80.6,high,61.96,neutral
5,5,5,5.6,5,2,4,4,1,42,12,4,31.04,mild,44.83,mild,84.07,good
2,1,1,8.9,1,1,2,3,3,54,7,1,44.33,mild,59.55,moderate,23.19,low
4,2,3,10.5,3,4,4,4,3,1,4,4,40.85,mild,54.14,moderate,71.93,good
3,5,3,4.8,5,1,3,2,4,19,8,4,57.9,moderate,53.55,moderate,47.01,neutral
3,1,2,8.1,3,2,1,4,3,13,7,4,49.8,moderate,46.14,mild,43.12,neutral
5,3,5,2.5,5,5,5,5,4,51,9,5,32.56,mild,62.61,moderate,65.2,good
4,3,2,8.0,3,1,5,2,1,31,11,4,42.65,mild,43.97,mild,47.56,neutral
3,5,1,3.4,4,4,1,1,5,40,1,3,73.36,elevated,51.65,moderate,23.26,low
3,5,3,5.9,4,4,3,4,3,92,9,4,67.46,moderate,44.21,mild,61.52,neutral
4,5,2,4.4,3,2,4,5,4,82,10,2,59.22,moderate,64.55,moderate,31.93,low
2,2,2,6.4,1,2,4,5,3,96,4,2,56.09,moderate,67.17,moderate,44.18,neutral
1,3,3,8.3,5,3,1,5,2,98,5,5,59.82,moderate,36.31,mild,49.87,neutral
3,4,4,3.5,1,3,1,2,4,30,5,5,65.78,moderate,60.43,moderate,36.32,low
1,5,2,6.2,2,5,5,5,2,74,4,5,59.9,moderate,68.11,moderate,54.71,neutral
1,1,2,5.9,4,2,5,2,2,105,11,4,22.55,low,27.52,low,50.44,neutral
3,5,1,9.6,4,3,4,3,3,36,4,2,57.78,moderate,36.02,mild,53.92,neutral
4,2,2,7.6,3,4,4,5,2,45,5,2,39.44,mild,46.3,mild,50.03,neutral
4,1,3,4.7,3,1,4,5,5,64,7,2,46.01,moderate,77.5,high,47.71,neutral
2,4,4,6.0,3,5,3,4,4,96,3,3,46.73,moderate,56.96,moderate,72.3,good
3,4,2,9.6,5,5,4,3,2,17,9,2,28.18,mild,33.0,mild,66.84,good
1,1,1,8.1,2,1,2,3,1,56,6,4,54.91,moderate,29.64,low,35.63,low
4,1,3,5.1,5,2,1,5,2,29,2,1,39.2,mild,50.05,moderate,47.09,neutral
2,5,4,6.3,1,4,2,5,1,86,2,5,72.69,elevated,47.89,mild,51.09,neutral
4,5,1,6.4,4,5,2,2,2,29,0,3,38.7,mild,21.88,low,37.99,low
5,1,3,5.8,4,1,2,1,2,43,7,2,24.77,low,46.82,mild,43.57,neutral
4,5,1,3.7,4,5,3,5,4,41,10,3,51.87,moderate,49.13,mild,38.23,low
2,5,3,5.6,3,2,1,5,1,8,12,3,73.32,elevated,52.69,moderate,48.33,neutral
5,5,4,9.3,4,2,3,1,1,80,8,3,48.91,moderate,31.35,mild,63.01,neutral
4,2,4,6.1,3,2,3,3,1,30,12,2,47.24,moderate,26.84,low,64.59,neutral
4,3,4,6.6,3,4,1,3,5,59,12,2,49.42,moderate,52.09,moderate,45.46,neutral
5,5,4,7.1,5,2,3,1,5,84,7,2,48.95,moderate,40.89,mild,58.21,neutral
5,5,2,10.8,4,3,4,4,2,95,4,1,52.77,moderate,34.16,mild,45.54,neutral
1,4,5,6.8,4,1,3,5,3,111,11,2,58.89,moderate,58.34,moderate,42.29,neutral
5,1,2,8.8,5,1,1,2,2,15,8,3,34.23,mild,40.84,mild,35.6,low
4,1,2,5.7,2,4,4,4,3,76,10,1,39.7,mild,47.43,mild,48.32,neutral
2,2,4,6.3,3,2,3,1,3,39,2,3,58.69,moderate,48.49,mild,49.78,neutral
2,1,2,6.8,4,4,3,2,2,93,12,3,34.55,mild,39.35,mild,57.72,neutral
4,1,1,5.4,4,4,1,3,4,47,5,1,41.56,mild,49.61,mild,50.77,neutral
2,1,4,6.4,1,5,1,5,1,1,11,3,42.43,mild,49.68,mild,59.01,neutral
3,4,4,8.4,4,1,1,5,4,103,4,4,59.76,moderate,65.75,moderate,35.18,low
4,3,3,5.4,1,5,5,5,4,91,11,4,49.89,moderate,49.63,mild,54.21,neutral
4,3,1,6.8,3,5,2,5,1,39,8,2,40.34,mild,39.02,mild,47.86,neutral
5,5,4,8.1,4,3,3,5,4,101,2,3,59.39,moderate,69.23,moderate,56.71,neutral
1,3,1,5.3,2,1,4,2,4,49,1,1,70.89,elevated,59.59,moderate,38.88,low
2,3,3,8.8,1,1,4,1,5,49,2,2,73.87,elevated,73.0,high,42.44,neutral
5,2,3,6.9,4,3,1,5,5,36,4,4,46.1,moderate,67.63,moderate,34.48,low
3,3,4,6.5,2,1,5,1,1,59,0,3,39.93,mild,35.44,mild,59.51,neutral
2,1,5,3.2,5,1,2,3,1,120,7,5,43.03,mild,53.89,moderate,63.28,neutral
2,3,1,6.1,5,3,4,4,1,6,8,4,49.11,moderate,38.48,mild,35.28,low
2,5,1,7.5,2,3,5,1,3,71,9,5,66.04,moderate,56.08,moderate,47.99,neutral
3,3,3,9.9,4,5,3,5,4,21,12,3,36.03,mild,71.41,high,39.34,low
2,2,5,7.8,2,5,1,2,4,14,10,1,41.8,mild,31.04,mild,59.25,neutral
4,4,1,8.8,5,2,3,2,2,6,12,3,63.51,moderate,36.28,mild,38.55,low
3,5,3,4.6,2,2,2,2,2,33,7,5,73.6,elevated,43.97,mild,49.1,neutral
4,3,3,6.6,5,1,5,3,1,88,11,1,40.49,mild,14.63,low,70.09,good
1,2,2,9.0,4,2,4,3,2,89,10,5,55.07,moderate,42.1,mild,49.89,neutral
4,4,4,5.2,2,3,5,1,2,96,10,1,31.84,mild,45.88,mild,75.37,good
5,1,2,8.5,5,5,5,1,2,17,5,4,11.37,low,12.38,low,68.47,good
1,5,3,8.1,4,5,1,3,1,13,6,5,50.3,moderate,10.24,low,62.35,neutral
2,2,5,7.3,4,5,1,2,2,118,11,2,20.34,low,7.35,low,74.43,good
4,2,2,6.2,2,3,4,4,5,111,5,2,54.66,moderate,75.62,high,35.72,low
4,4,1,5.0,2,4,4,5,2,84,7,5,68.3,moderate,52.62,moderate,31.16,low
4,1,5,10.0,4,4,5,1,5,101,8,2,27.28,mild,27.56,low,78.01,good
3,2,2,7.9,1,2,4,1,1,97,2,4,46.48,moderate,20.57,low,43.89,neutral
4,1,4,7.4,2,3,5,4,4,69,0,1,32.22,mild,60.18,moderate,52.82,neutral
4,2,4,6.1,1,3,2,1,1,57,9,4,39.41,mild,39.0,mild,46.35,neutral
1,3,3,6.9,1,2,1,4,2,118,10,3,42.65,mild,51.56,moderate,23.27,low
4,1,1,7.1,1,3,1,3,5,81,7,3,52.41,moderate,76.55,high,11.88,low
3,2,5,7.5,1,3,3,3,4,106,8,4,37.85,mild,72.73,high,49.2,neutral
1,4,4,8.1,5,1,1,4,3,25,0,3,59.86,moderate,43.51,mild,47.9,neutral
3,5,3,5.4,4,4,3,5,4,26,2,4,63.82,moderate,63.14,moderate,50.75,neutral
3,1,5,4.2,5,5,3,1,4,76,9,3,21.61,low,29.46,low,82.22,good
1,4,4,7.0,1,4,2,1,4,115,8,5,49.01,moderate,58.74,moderate,46.99,neutral
5,1,4,3.7,5,5,3,4,3,75,2,3,23.13,low,38.75,mild,68.44,good
2,3,1,6.2,3,3,4,1,3,53,7,2,35.55,mild,23.89,low,53.22,neutral
2,5,4,5.9,4,1,1,3,1,3,0,5,53.11,moderate,40.32,mild,22.3,low
3,4,2,7.7,5,2,3,3,5,18,10,2,44.75,mild,64.85,moderate,41.38,neutral
5,2,1,10.4,2,5,5,2,3,27,0,5,29.31,mild,53.25,moderate,46.68,neutral
4,2,2,3.3,4,1,2,3,2,24,10,5,56.26,moderate,61.53,moderate,35.7,low
4,4,1,10.9,4,3,4,1,1,84,2,3,38.75,mild,29.32,low,50.43,neutral
2,5,1,6.4,3,1,2,2,4,82,3,3,55.69,moderate,56.83,moderate,28.14,low
5,2,4,7.4,3,2,2,1,4,45,12,2,28.76,mild,38.3,mild,55.05,neutral
5,1,3,4.3,2,1,5,5,5,119,10,5,39.21,mild,85.86,high,27.43,low
3,3,2,8.6,1,1,2,5,5,47,4,2,77.57,elevated,72.18,high,17.29,low
3,4,1,6.9,5,1,5,2,5,53,2,4,56.8,moderate,68.77,moderate,34.25,low
1,3,4,6.7,4,3,4,1,4,63,1,5,35.41,mild,42.45,mild,68.09,good
4,5,4,3.3,3,4,5,2,5,69,5,1,55.83,moderate,40.62,mild,66.52,good
5,5,3,6.9,4,2,5,5,1,23,7,1,40.71,mild,47.18,mild,58.82,neutral
3,4,1,8.3,3,5,5,5,2,36,6,5,48.57,moderate,50.27,moderate,38.82,low
3,1,1,6.4,2,2,3,4,3,83,11,5,62.29,moderate,74.17,high,24.76,low
3,5,1,8.9,5,4,5,5,4,102,10,2,47.06,moderate,51.64,moderate,46.24,neutral
1,4,1,8.8,5,3,1,1,2,51,3,2,63.82,moderate,11.67,low,29.88,low
4,2,5,5.6,2,4,3,3,2,13,11,4,30.9,mild,48.89,mild,64.99,neutral
4,3,2,9.7,5,5,2,4,5,103,6,3,48.69,moderate,62.17,moderate,54.75,neutral
5,5,4,6.9,3,5,1,1,4,70,0,2,37.98,mild,33.05,mild,58.16,neutral
5,5,5,6.9,4,3,5,3,4,52,11,2,32.09,mild,60.39,moderate,64.8,neutral
3,3,5,7.0,1,5,5,2,1,70,9,3,24.87,low,35.9,mild,78.66,good
5,1,2,6.9,3,4,4,1,3,99,4,2,8.58,low,35.65,mild,63.19,neutral
3,4,3,2.5,1,2,4,2,3,0,11,3,63.92,moderate,49.51,mild,44.41,neutral
4,4,3,6.5,5,5,4,5,4,43,11,4,44.89,mild,44.02,mild,66.35,good
4,1,1,4.3,2,1,2,3,5,113,12,2,42.88,mild,85.98,high,13.25,low
5,5,4,9.7,2,3,4,1,2,36,11,3,47.67,moderate,15.22,low,60.67,neutral
4,2,3,9.7,4,1,5,4,5,117,3,5,60.7,moderate,77.59,high,42.97,neutral
1,5,2,8.3,5,4,2,3,4,34,7,3,55.46,moderate,45.74,mild,52.4,neutral
1,3,3,6.4,2,5,2,2,3,56,2,1,42.32,mild,31.05,mild,57.65,neutral
3,2,4,5.0,4,5,1,2,5,8,8,4,54.36,moderate,53.13,moderate,47.81,neutral
3,1,1,5.6,4,1,5,3,1,87,6,3,40.15,mild,39.16,mild,56.04,neutral
4,1,4,10.3,3,2,3,5,4,28,11,4,43.58,mild,70.19,high,33.83,low
3,4,5,5.6,5,2,3,4,2,102,11,1,47.99,moderate,44.81,mild,68.63,good
3,2,4,2.6,1,1,2,3,4,15,4,4,63.34,moderate,83.74,high,20.67,low
5,5,4,8.7,5,3,1,2,1,14,4,4,53.49,moderate,19.51,low,49.7,neutral
2,2,1,9.5,3,1,5,1,4,56,0,1,48.71,moderate,40.12,mild,33.57,low
3,5,4,9.8,1,4,5,1,1,10,6,3,48.92,moderate,27.27,low,66.25,good
3,5,4,8.7,5,3,2,1,2,39,5,3,53.65,moderate,40.13,mild,69.71,good
3,1,3,9.0,4,3,4,5,5,83,12,3,22.25,low,64.85,moderate,50.37,neutral
5,4,3,6.9,5,5,3,3,4,61,10,4,47.66,moderate,57.34,moderate,57.08,neutral
5,5,4,3.1,1,4,4,1,3,67,5,4,47.69,moderate,34.53,mild,58.36,neutral
3,2,1,6.9,4,2,1,5,2,10,7,5,57.03,moderate,46.32,mild,6.8,low
3,1,2,7.9,4,3,4,1,1,82,8,4,39.45,mild,13.33,low,65.07,good
3,5,4,6.6,5,5,1,4,1,11,11,2,41.25,mild,29.14,low,47.27,neutral
1,3,5,6.5,2,5,2,1,4,69,12,5,44.08,mild,48.28,mild,53.34,neutral
3,1,2,5.1,5,4,2,3,2,95,5,3,35.6,mild,43.06,mild,51.87,neutral
2,5,3,5.0,4,1,2,3,1,87,4,5,51.14,moderate,38.45,mild,47.06,neutral
1,4,5,10.1,2,3,5,5,3,42,9,3,73.37,elevated,65.14,moderate,67.91,good
1,1,1,10.2,2,5,1,4,2,18,3,2,52.76,moderate,40.84,mild,31.6,low
3,2,2,6.8,5,1,5,3,5,100,1,4,59.37,moderate,81.98,high,60.66,neutral
1,1,1,7.3,4,3,1,3,2,26,3,4,45.63,moderate,26.77,low,47.87,neutral
4,5,2,5.0,1,3,5,4,2,59,4,1,54.78,moderate,46.37,mild,50.06,neutral
3,1,4,8.0,1,2,2,3,1,28,8,1,41.37,mild,28.09,low,45.7,neutral
2,4,2,10.0,5,2,5,4,1,3,9,4,43.14,mild,42.6,mild,59.72,neutral
4,3,5,4.0,1,5,3,3,3,50,2,1,40.86,mild,38.95,mild,59.61,neutral
3,3,5,7.6,2,3,3,5,2,66,0,3,49.88,moderate,69.58,moderate,60.51,neutral
4,5,5,7.8,4,5,1,1,4,91,2,3,41.36,mild,34.26,mild,74.17,good
4,5,4,7.7,5,3,3,4,5,87,11,3,45.83,moderate,63.57,moderate,37.58,low
1,1,4,9.8,2,5,3,5,3,100,3,3,54.43,moderate,63.26,moderate,54.89,neutral
2,1,3,10.5,4,4,5,4,2,98,6,5,49.33,moderate,46.65,mild,78.91,good
3,1,5,6.4,4,5,2,5,5,48,7,3,48.43,moderate,66.05,moderate,63.15,neutral
5,4,1,8.0,4,2,1,3,5,41,3,5,55.11,moderate,67.65,moderate,22.56,low
1,3,4,7.0,4,2,2,3,5,72,10,3,49.98,moderate,66.56,moderate,33.19,low
1,1,1,5.7,2,1,2,1,5,58,0,3,56.13,moderate,56.8,moderate,24.62,low
5,2,2,7.3,4,2,5,2,5,35,6,4,42.39,mild,49.43,mild,58.57,neutral
5,3,2,8.0,1,1,1,1,4,3,5,2,42.89,mild,62.78,moderate,21.1,low
1,4,4,7.2,4,1,5,4,5,57,10,5,49.79,moderate,75.02,high,49.26,neutral
3,2,4,5.2,4,2,1,4,2,56,2,5,42.55,mild,33.53,mild,47.29,neutral
4,5,1,6.0,4,5,5,1,5,113,12,1,38.83,mild,34.39,mild,52.7,neutral
1,5,4,6.0,1,2,3,5,1,98,10,1,67.91,moderate,63.44,moderate,39.14,low
2,4,2,5.3,5,5,1,2,5,32,9,2,62.42,moderate,42.47,mild,52.67,neutral
2,3,1,7.4,3,5,4,4,2,13,6,1,39.52,mild,27.9,low,62.52,neutral
4,5,3,7.6,1,5,4,5,2,95,8,1,44.17,mild,32.72,mild,50.56,neutral
2,4,3,8.6,3,3,5,5,4,58,2,5,38.53,mild,66.85,moderate,43.18,neutral
3,3,2,5.3,3,5,1,1,1,5,0,1,38.53,mild,1.44,low,44.23,neutral
2,3,2,5.8,3,3,4,1,5,91,9,2,60.48,moderate,55.39,moderate,50.58,neutral
4,5,5,9.6,4,4,3,1,4,41,5,5,42.77,mild,45.18,mild,59.44,neutral
1,3,2,6.5,3,5,3,5,1,20,4,2,39.63,mild,31.01,mild,64.27,neutral
2,1,5,6.9,2,1,5,3,5,79,3,1,50.24,moderate,61.21,moderate,55.78,neutral
2,5,5,6.5,4,1,3,1,1,95,8,2,35.56,mild,34.02,mild,71.68,good
5,1,2,8.8,2,1,2,3,5,93,6,2,58.21,moderate,65.46,moderate,17.05,low
5,4,3,8.9,1,4,3,3,5,33,8,3,74.71,elevated,63.17,moderate,45.42,neutral
3,4,4,8.8,2,3,5,3,4,71,12,3,47.51,moderate,58.12,moderate,66.08,good
1,3,3,6.8,5,2,5,4,4,56,10,1,56.26,moderate,49.82,mild,50.08,neutral
4,1,3,5.2,3,4,4,1,5,105,4,2,19.71,low,53.93,moderate,53.56,neutral
3,3,2,10.3,2,1,1,2,5,22,3,3,53.37,moderate,79.85,high,16.75,low
5,5,1,8.3,2,1,2,4,4,99,2,3,60.05,moderate,78.62,high,12.05,low
2,2,1,6.0,5,3,1,5,1,41,7,3,54.91,moderate,57.54,moderate,42.97,neutral
5,4,2,9.4,4,5,1,2,4,74,10,5,49.49,moderate,31.64,mild,36.22,low
5,5,4,5.8,4,4,5,3,2,60,3,3,36.69,mild,36.1,mild,83.22,good
2,5,2,9.3,4,4,5,5,1,42,12,4,42.92,mild,35.02,mild,66.63,good
4,3,1,9.5,5,4,1,4,1,28,5,3,44.58,mild,46.14,mild,40.64,neutral
2,2,2,5.1,4,2,3,2,3,44,10,3,42.43,mild,45.35,mild,51.8,neutral
2,4,3,7.8,3,3,2,3,5,73,3,1,49.69,moderate,39.27,mild,29.7,low
2,3,2,8.2,2,5,1,1,1,74,1,4,38.15,mild,24.65,low,43.01,neutral
4,4,2,11.0,1,4,2,3,1,75,6,5,58.51,moderate,48.62,mild,30.31,low
2,4,1,5.5,4,3,1,3,1,79,7,5,53.68,moderate,41.38,mild,32.14,low
4,4,2,9.4,5,1,4,1,1,6,6,4,44.02,mild,16.37,low,53.24,neutral
3,2,2,6.8,4,4,5,2,3,47,5,2,18.1,low,35.19,mild,65.98,good
4,4,5,4.6,3,2,3,5,5,38,8,3,60.47,moderate,78.72,high,50.33,neutral
5,3,5,6.6,1,2,2,4,1,48,8,4,41.93,mild,44.56,mild,48.36,neutral
1,5,2,6.8,4,4,3,3,5,46,1,4,63.85,moderate,61.83,moderate,46.68,neutral
5,4,1,4.9,2,2,5,2,5,21,8,4,58.77,moderate,72.0,high,40.84,neutral
1,5,1,7.4,4,3,1,1,1,116,4,1,62.4,moderate,19.63,low,31.43,low
3,5,2,8.5,2,1,4,3,3,0,10,4,51.78,moderate,60.52,moderate,40.57,neutral
2,5,3,7.2,5,1,1,3,5,72,6,3,65.9,moderate,65.97,moderate,22.4,low
4,4,3,5.8,5,3,2,1,4,55,3,1,33.74,mild,22.16,low,33.65,low
4,3,2,6.5,2,5,3,5,1,85,2,3,43.32,mild,53.33,moderate,64.53,neutral
5,1,2,6.8,2,4,2,3,1,100,12,4,28.23,mild,27.75,low,34.24,low
3,2,2,7.2,5,3,1,1,3,78,9,5,40.47,mild,40.66,mild,38.17,low
5,3,3,8.8,1,5,4,1,5,92,2,4,48.83,moderate,60.18,moderate,37.34,low
2,4,4,7.3,3,2,4,5,5,33,6,2,62.94,moderate,75.08,high,47.11,neutral
2,3,1,4.3,1,5,3,2,3,120,1,4,67.7,moderate,57.53,moderate,39.15,low
2,3,3,5.8,3,3,3,2,3,10,10,4,46.81,moderate,26.76,low,52.44,neutral
3,1,4,7.1,1,1,1,1,3,80,10,1,44.01,mild,39.55,mild,26.1,low
4,4,4,8.8,1,1,4,5,3,17,10,5,61.64,moderate,85.03,high,36.7,low
5,3,3,9.1,3,5,2,5,4,28,6,1,40.49,mild,74.14,high,51.45,neutral
2,1,3,10.0,1,4,2,2,2,99,2,4,45.89,moderate,44.23,mild,45.16,neutral
2,2,4,7.0,4,1,5,4,3,81,6,4,40.75,mild,34.95,mild,61.78,neutral
5,5,2,8.2,3,5,4,3,4,76,6,5,60.91,moderate,51.39,moderate,57.83,neutral
3,1,3,4.2,3,1,4,1,3,100,4,4,48.27,moderate,48.83,mild,49.38,neutral
2,3,2,7.6,3,2,2,4,5,33,4,1,54.99,moderate,75.66,high,41.39,neutral
5,3,3,4.9,5,4,3,1,4,77,0,5,36.43,mild,42.06,mild,57.9,neutral
3,1,1,6.7,5,1,1,5,4,24,6,2,58.59,moderate,50.43,moderate,27.81,low
5,1,2,11.0,1,5,2,1,5,58,2,3,53.9,moderate,67.89,moderate,42.09,neutral
5,5,1,7.3,4,4,5,2,3,48,10,5,46.72,moderate,43.97,mild,42.39,neutral
5,3,2,5.2,3,5,3,2,2,74,9,2,40.38,mild,21.8,low,60.28,neutral
3,2,3,7.5,4,5,4,2,3,7,7,4,41.83,mild,39.48,mild,62.38,neutral
4,1,3,5.9,4,5,4,3,5,3,2,4,34.21,mild,52.42,moderate,52.68,neutral
5,3,5,5.1,4,2,5,4,5,3,8,3,42.15,mild,68.08,moderate,63.6,neutral
2,4,1,10.6,4,2,1,2,2,32,12,4,67.28,moderate,34.74,mild,31.04,low
1,4,5,8.7,2,2,3,3,3,69,8,4,52.98,moderate,54.84,moderate,40.98,neutral
2,1,2,7.4,5,1,5,5,2,19,10,3,51.01,moderate,55.34,moderate,54.47,neutral
4,4,4,6.1,4,4,1,3,1,119,11,1,34.11,mild,4.42,low,58.76,neutral
3,5,4,6.2,2,1,5,4,2,50,11,4,55.38,moderate,68.25,moderate,63.56,neutral
1,2,5,9.6,2,3,3,2,1,36,2,4,57.4,moderate,36.32,mild,58.93,neutral
3,1,1,7.4,3,3,2,1,2,108,11,2,19.08,low,21.17,low,48.77,neutral
1,5,5,2.5,2,3,4,2,1,21,9,5,61.18,moderate,41.69,mild,71.34,good
3,3,1,11.0,4,3,5,1,2,22,9,2,37.94,mild,18.54,low,59.48,neutral
3,4,5,7.1,3,2,1,5,4,46,2,1,54.29,moderate,49.03,mild,54.44,neutral
4,2,4,7.4,1,1,4,1,5,8,6,1,30.68,mild,52.25,moderate,62.63,neutral
3,2,3,8.8,2,5,5,5,5,82,11,3,40.92,mild,56.25,moderate,54.32,neutral
3,2,2,7.6,5,3,4,1,3,94,11,2,30.67,mild,12.5,low,56.08,neutral
4,2,1,8.1,5,3,3,1,3,42,1,4,38.89,mild,15.96,low,51.18,neutral
4,3,5,6.0,2,3,1,3,5,105,5,4,58.45,moderate,82.18,high,29.87,low
5,1,4,4.6,4,2,3,1,3,0,7,3,11.25,low,27.6,low,49.59,neutral
2,5,5,7.3,1,4,5,1,1,64,1,2,39.09,mild,21.48,low,89.45,good
3,3,4,9.4,5,2,4,4,5,88,3,5,49.97,moderate,80.93,high,61.32,neutral
2,5,5,5.6,4,3,3,1,4,45,7,5,53.21,moderate,55.03,moderate,58.13,neutral
3,3,5,5.5,1,5,2,3,4,114,8,2,45.95,moderate,54.4,moderate,80.33,good
1,2,3,9.0,4,2,5,1,1,52,1,2,28.84,mild,15.55,low,59.94,neutral
3,3,4,6.0,3,4,5,1,3,111,5,5,25.16,mild,41.29,mild,76.96,good
1,1,2,6.1,5,4,2,4,3,79,8,4,46.35,moderate,64.5,moderate,40.63,neutral
3,5,4,6.1,2,1,5,2,5,27,12,3,50.61,moderate,72.71,high,66.75,good
5,4,4,6.7,5,4,2,1,2,100,12,3,34.0,mild,23.44,low,64.25,neutral
5,1,3,4.0,5,5,5,4,2,3,4,4,18.88,low,58.62,moderate,73.72,good
3,3,4,5.8,2,2,5,5,4,22,8,2,55.27,moderate,75.02,high,40.28,neutral
1,3,2,7.2,3,5,4,3,1,94,7,5,43.23,mild,39.86,mild,75.91,good
2,2,4,7.2,4,1,3,2,4,109,2,3,43.94,mild,55.33,moderate,47.06,neutral
1,1,3,8.9,2,1,2,5,1,46,6,1,45.84,moderate,52.66,moderate,40.84,neutral
4,4,2,10.1,5,5,1,2,2,79,1,5,45.17,moderate,19.45,low,50.04,neutral
5,2,5,9.5,1,5,1,4,3,84,1,5,39.73,mild,51.89,moderate,42.34,neutral
3,3,1,8.4,2,4,5,3,1,89,4,5,53.65,moderate,32.99,mild,32.93,low
1,2,4,6.5,3,4,4,4,1,109,3,4,27.35,mild,44.72,mild,65.67,good
1,4,2,5.7,3,2,2,3,3,10,1,2,59.66,moderate,57.21,moderate,33.58,low
5,1,2,6.8,1,3,3,3,4,23,0,3,49.11,moderate,75.24,high,35.8,low
2,2,1,7.9,5,3,5,3,2,111,7,3,43.45,mild,30.61,mild,76.16,good
1,3,1,8.3,2,1,4,2,2,65,0,3,67.68,moderate,48.76,mild,40.91,neutral
1,3,1,7.9,1,3,5,3,4,63,10,1,54.41,moderate,62.59,moderate,47.38,neutral
2,4,5,6.6,3,1,1,1,5,48,0,2,46.6,moderate,55.13,moderate,41.31,neutral
4,1,5,8.2,5,1,1,2,3,43,8,3,20.94,low,36.85,mild,43.24,neutral
5,3,3,9.1,1,1,4,1,3,29,1,3,42.77,mild,38.48,mild,41.27,neutral
2,4,1,8.4,3,1,3,2,5,48,8,2,69.59,moderate,60.23,moderate,22.12,low
4,2,5,6.7,5,1,4,2,1,8,1,4,25.54,mild,25.49,low,73.6,good
1,1,4,5.3,5,5,5,1,5,35,5,5,32.44,mild,56.12,moderate,74.8,good
1,5,3,5.3,1,5,1,2,3,120,8,3,68.31,moderate,57.51,moderate,26.83,low
1,4,5,5.6,4,3,5,4,2,19,2,4,49.54,moderate,46.69,mild,87.14,good
5,4,3,7.3,5,2,1,5,4,88,1,1,45.32,moderate,73.93,high,38.62,low
3,4,2,7.7,4,1,3,4,5,4,8,1,50.08,moderate,66.57,moderate,33.36,low
5,4,4,4.3,4,5,5,4,5,88,8,1,47.94,moderate,67.49,moderate,65.66,good
1,4,3,5.9,4,4,4,4,4,31,5,5,66.89,moderate,59.44,moderate,52.7,neutral
1,3,4,7.2,3,4,2,5,3,84,1,2,42.36,mild,41.77,mild,45.34,neutral
5,1,4,5.2,1,3,4,5,1,60,3,4,30.54,mild,51.76,moderate,44.45,neutral
1,3,5,7.6,4,1,5,1,1,93,2,4,41.71,mild,36.94,mild,78.55,good
1,2,2,6.2,4,4,2,3,5,80,8,1,41.29,mild,49.93,mild,39.75,low
3,4,1,5.5,5,3,5,5,1,67,3,1,49.27,moderate,27.36,low,66.49,good
4,3,3,6.9,5,2,4,5,3,88,4,4,40.17,mild,55.53,moderate,52.12,neutral
2,5,4,7.5,2,2,1,3,3,116,3,4,53.42,moderate,51.99,moderate,37.17,low
3,3,5,5.3,5,1,2,3,4,72,2,3,63.01,moderate,66.65,moderate,55.69,neutral
4,3,2,6.4,1,5,5,1,2,21,10,2,31.66,mild,45.42,mild,64.58,neutral
3,5,4,7.6,5,1,2,3,4,14,6,3,59.82,moderate,52.23,moderate,42.02,neutral
2,3,5,5.4,1,5,5,3,3,66,7,4,33.95,mild,59.1,moderate,78.94,good
1,2,5,3.8,4,5,3,4,5,52,3,1,59.79,moderate,67.82,moderate,60.31,neutral
3,2,5,4.0,4,1,2,3,1,73,1,1,54.76,moderate,34.2,mild,61.34,neutral
5,5,5,6.0,4,4,5,2,4,80,9,2,23.82,low,33.77,mild,72.11,good
4,4,4,4.4,5,1,4,5,4,22,9,1,49.77,moderate,59.83,moderate,57.78,neutral
5,1,2,6.2,3,5,2,2,5,89,0,1,44.16,mild,51.52,moderate,52.13,neutral
1,3,3,9.8,1,3,4,2,3,119,11,3,50.61,moderate,56.13,moderate,53.69,neutral
1,2,4,4.3,4,1,2,3,2,39,11,5,56.39,moderate,34.56,mild,55.72,neutral
3,4,2,6.3,2,4,5,2,3,112,11,4,34.72,mild,42.2,mild,52.57,neutral
1,1,4,10.6,4,4,1,1,5,112,5,2,39.03,mild,40.38,mild,60.02,neutral
3,4,3,7.5,2,5,4,4,1,50,9,3,42.69,mild,41.44,mild,56.71,neutral
5,4,4,6.1,1,3,1,2,4,96,0,3,47.55,moderate,52.7,moderate,32.83,low
2,2,3,6.5,4,5,4,5,2,112,7,2,32.59,mild,34.13,mild,68.29,good
3,1,4,7.6,1,4,5,4,4,103,1,5,25.75,mild,65.21,moderate,63.05,neutral
4,4,1,9.9,2,3,4,3,3,47,11,5,62.57,moderate,66.39,moderate,32.12,low
1,2,4,5.8,4,2,3,3,5,80,12,5,42.56,mild,77.74,high,54.56,neutral
5,5,5,5.4,5,2,5,5,1,71,1,3,51.89,moderate,44.18,mild,81.1,good
2,4,5,4.3,2,4,1,1,1,50,6,4,44.6,mild,38.15,mild,61.2,neutral
5,5,5,7.0,2,4,3,2,5,77,7,4,53.02,moderate,72.01,high,50.91,neutral
4,3,2,4.3,2,1,5,1,2,113,9,4,52.48,moderate,28.9,low,44.92,neutral
1,5,1,6.0,3,3,2,1,1,3,6,1,51.55,moderate,21.99,low,42.25,neutral
4,1,4,5.2,1,1,1,5,5,109,11,5,52.01,moderate,92.76,high,21.45,low
1,2,1,8.7,3,2,3,1,3,44,4,5,50.21,moderate,33.82,mild,28.29,low
3,1,2,5.9,5,4,3,5,5,100,4,4,41.39,mild,64.47,moderate,35.41,low
5,4,4,7.5,1,4,5,4,3,13,9,3,29.07,mild,63.08,moderate,44.19,neutral
5,3,3,3.9,5,1,5,4,4,107,7,3,49.52,moderate,77.0,high,63.22,neutral
5,2,4,7.0,3,4,2,4,3,54,1,2,27.5,mild,34.78,mild,61.55,neutral
3,2,4,4.6,4,1,4,1,3,110,8,1,35.53,mild,42.72,mild,48.17,neutral
3,4,1,6.0,4,1,1,1,3,51,3,5,70.28,elevated,62.36,moderate,24.61,low
2,1,4,10.8,5,5,1,2,2,90,10,2,36.91,mild,38.34,mild,63.23,neutral
5,3,3,8.5,4,1,4,4,4,72,10,2,37.25,mild,29.7,low,58.74,neutral
3,4,3,6.6,5,2,4,2,3,24,5,3,53.48,moderate,56.71,moderate,59.82,neutral
4,2,3,11.0,2,1,5,1,1,30,11,4,43.35,mild,46.37,mild,61.11,neutral
2,2,3,5.2,2,3,4,4,2,65,12,2,38.96,mild,28.32,low,50.1,neutral
4,2,3,8.9,4,3,1,4,3,58,9,2,37.0,mild,40.6,mild,37.0,low
2,3,2,4.0,1,5,4,3,5,74,7,2,66.03,moderate,79.04,high,51.14,neutral
4,2,2,6.4,1,5,3,3,3,97,12,2,45.42,moderate,50.7,moderate,53.13,neutral
1,2,1,4.4,2,4,2,4,3,93,11,1,45.62,moderate,47.85,mild,22.35,low
1,3,2,7.3,2,3,2,4,1,7,6,2,45.5,moderate,37.95,mild,47.89,neutral
2,1,2,6.9,1,1,5,2,2,59,1,3,47.55,moderate,52.48,moderate,35.7,low
3,3,3,6.2,4,5,1,1,2,17,7,3,29.19,mild,14.1,low,37.84,low
4,1,5,8.8,3,3,3,5,3,62,6,2,38.28,mild,55.67,moderate,60.34,neutral
2,1,1,5.8,2,2,1,1,5,64,4,5,73.96,elevated,74.09,high,18.81,low
1,2,2,7.4,2,3,4,3,5,120,2,2,55.36,moderate,57.37,moderate,29.37,low
2,2,1,8.3,5,2,1,5,2,46,9,5,46.39,moderate,38.21,mild,11.39,low
3,1,5,4.1,5,2,5,3,4,54,11,4,35.72,mild,51.81,moderate,70.04,good
3,5,4,5.5,1,3,5,5,5,61,7,4,71.97,elevated,79.06,high,44.47,neutral
4,2,2,6.9,4,4,5,3,2,15,3,2,30.47,mild,24.12,low,77.21,good
2,5,3,7.9,2,1,2,4,3,7,0,5,74.81,elevated,51.66,moderate,28.85,low
4,5,4,9.4,2,5,4,3,3,85,9,3,40.33,mild,49.5,mild,71.13,good
4,5,5,6.4,3,1,1,2,1,36,2,3,43.31,mild,40.26,mild,52.43,neutral
4,5,3,6.2,5,1,2,5,3,43,0,2,64.79,moderate,47.51,mild,55.3,neutral
3,1,2,5.2,3,4,1,3,1,120,2,3,34.31,mild,25.22,low,34.37,low
5,2,4,7.4,5,1,1,3,2,30,2,4,13.68,low,36.99,mild,46.3,neutral
2,4,4,6.3,5,4,2,4,1,109,4,5,44.17,mild,23.43,low,50.7,neutral
4,3,4,6.3,4,4,3,5,4,76,4,5,47.88,moderate,73.99,high,61.99,neutral
1,1,1,6.6,4,3,5,5,5,32,2,1,56.87,moderate,57.6,moderate,55.41,neutral
1,3,4,7.8,4,3,1,2,2,115,10,1,55.58,moderate,19.3,low,62.98,neutral
5,5,1,5.8,2,5,3,2,1,75,10,5,49.21,moderate,23.65,low,44.25,neutral
3,5,5,5.4,5,4,4,2,3,37,3,5,51.09,moderate,47.3,mild,67.08,good
4,2,5,7.6,5,4,2,2,1,54,4,1,19.14,low,6.6,low,77.31,good
4,2,3,2.5,4,1,4,2,3,45,10,5,49.08,moderate,73.44,high,45.83,neutral
4,2,4,5.7,4,3,3,3,3,102,12,4,34.76,mild,50.88,moderate,66.38,good
2,2,1,4.7,5,1,3,1,3,56,10,5,54.81,moderate,53.4,moderate,35.59,low
1,2,5,9.0,1,2,1,3,3,4,7,1,45.89,moderate,51.75,moderate,38.67,low
1,2,2,6.0,1,4,1,5,3,83,12,5,78.17,elevated,61.18,moderate,39.89,low
5,3,2,5.8,5,3,5,3,1,91,9,2,9.9,low,22.22,low,75.39,good
2,1,4,6.7,3,5,5,1,4,47,8,3,31.84,mild,32.31,mild,84.36,good
3,2,5,5.7,4,5,3,2,4,111,0,2,34.96,mild,21.21,low,70.4,good
3,2,3,6.1,3,1,3,2,1,51,8,1,39.33,mild,37.11,mild,42.95,neutral
1,1,3,7.0,3,5,3,3,3,31,3,4,30.3,mild,43.68,mild,64.78,neutral
3,5,3,6.0,1,5,3,2,2,84,7,1,35.16,mild,25.86,low,68.19,good
1,4,2,6.0,2,1,4,2,2,15,7,3,64.63,moderate,48.55,mild,31.71,low
1,5,3,5.0,1,2,3,4,4,119,1,1,83.43,elevated,70.37,high,32.36,low
1,3,5,4.7,3,5,1,1,3,82,5,5,51.68,moderate,51.67,moderate,52.69,neutral
5,1,2,6.9,1,1,1,5,5,38,6,3,59.48,moderate,91.96,high,12.6,low
3,5,4,7.4,5,1,5,2,3,9,0,1,40.61,mild,32.27,mild,80.69,good
5,3,4,4.2,2,3,4,5,1,70,11,5,45.49,moderate,62.11,moderate,53.8,neutral
3,4,5,8.2,4,5,1,1,4,70,12,4,52.11,moderate,36.42,mild,59.78,neutral
2,2,4,8.2,1,2,1,2,1,96,0,1,40.2,mild,33.4,mild,27.1,low
4,3,5,8.6,1,4,2,2,2,34,1,2,46.83,moderate,47.99,mild,50.62,neutral
5,3,4,7.3,3,4,3,3,5,25,1,3,26.97,mild,48.84,mild,67.06,good
3,2,5,7.9,4,1,3,1,5,49,5,4,34.93,mild,48.44,mild,60.19,neutral
1,3,4,10.7,5,2,1,2,1,99,7,5,55.73,moderate,26.41,low,61.16,neutral
2,4,5,6.3,3,4,1,5,5,109,3,5,77.79,elevated,74.68,high,41.33,neutral
5,1,5,4.9,4,3,2,5,5,42,11,1,34.89,mild,79.03,high,52.82,neutral
3,1,5,4.0,4,2,3,3,5,5,4,3,35.61,mild,54.49,moderate,57.9,neutral
5,5,3,10.0,4,2,2,1,5,13,3,1,69.7,moderate,49.18,mild,48.34,neutral
3,3,4,10.0,4,3,3,2,1,65,7,2,35.05,mild,17.49,low,79.26,good
1,5,5,5.1,1,5,1,5,1,3,11,2,66.3,moderate,60.07,moderate,48.37,neutral
5,4,2,5.5,3,3,5,5,4,87,3,2,47.92,moderate,74.01,high,48.9,neutral
4,4,1,6.2,5,5,5,5,1,4,4,2,40.88,mild,28.96,low,60.4,neutral
4,5,5,9.0,3,4,2,5,2,51,4,3,44.54,mild,57.39,moderate,44.0,neutral
5,4,4,4.5,1,3,5,4,5,96,6,3,71.18,elevated,68.96,moderate,59.86,neutral
1,2,3,3.3,4,4,3,4,5,56,5,5,69.31,moderate,91.21,high,62.48,neutral
5,3,4,10.7,2,3,1,4,2,81,12,3,61.01,moderate,45.61,mild,48.12,neutral
2,2,1,7.4,3,4,2,4,3,40,1,1,41.06,mild,54.99,moderate,38.34,low
5,2,3,7.6,3,5,1,2,3,96,5,3,17.07,low,39.64,mild,63.08,neutral
1,4,2,6.4,4,4,4,4,2,51,3,2,49.5,moderate,38.33,mild,62.67,neutral
3,1,2,7.6,5,1,4,2,2,91,7,1,48.1,moderate,36.61,mild,62.92,neutral
4,4,5,4.1,4,1,4,4,3,115,10,4,47.48,moderate,71.01,high,62.63,neutral
1,3,3,5.3,5,5,1,2,4,46,12,4,60.3,moderate,41.88,mild,54.85,neutral
1,2,1,7.0,1,5,2,3,5,28,5,2,49.56,moderate,58.59,moderate,26.69,low
5,1,2,2.7,4,3,3,1,5,112,3,2,33.52,mild,53.61,moderate,54.16,neutral
1,4,2,6.3,3,2,1,5,1,82,12,3,62.53,moderate,45.21,mild,21.77,low
4,5,5,6.1,4,5,1,4,4,106,1,3,67.64,moderate,55.17,moderate,62.1,neutral
5,4,2,6.3,1,3,2,1,4,45,1,5,64.37,moderate,67.32,moderate,21.93,low
4,3,2,5.8,3,2,3,3,1,42,12,1,24.35,low,35.24,mild,51.58,neutral
3,4,2,5.0,1,2,1,3,5,15,11,1,74.09,elevated,74.11,high,37.65,low
3,3,1,3.5,4,2,5,5,3,93,7,4,48.45,moderate,59.73,moderate,49.6,neutral
4,2,4,7.1,2,2,3,4,4,102,4,5,39.89,mild,75.13,high,51.14,neutral
3,2,3,6.3,1,2,1,5,4,99,12,4,62.5,moderate,65.37,moderate,27.22,low
3,2,3,4.3,1,4,1,3,2,35,12,2,59.05,moderate,39.01,mild,19.89,low
1,5,2,6.9,2,1,5,1,2,59,11,2,67.38,moderate,41.02,mild,49.45,neutral
4,4,4,6.3,5,2,3,4,2,59,10,5,47.07,moderate,53.6,moderate,62.33,neutral
4,1,1,6.0,5,1,5,2,4,14,7,4,40.8,mild,51.48,moderate,30.29,low
4,5,5,2.9,1,4,4,4,4,0,4,3,71.12,elevated,74.31,high,57.23,neutral
1,1,3,8.0,5,5,5,3,4,40,6,3,19.71,low,44.22,mild,73.37,good
4,3,2,4.6,3,4,5,2,1,61,7,1,48.31,moderate,27.79,low,57.9,neutral
4,1,3,6.9,2,2,4,1,1,119,6,5,23.15,low,30.25,mild,45.99,neutral
1,2,5,5.3,5,3,5,5,4,105,11,1,41.97,mild,47.06,mild,88.7,good
5,4,1,6.1,2,1,5,4,5,86,2,5,58.29,moderate,88.47,high,0.0,low
3,5,3,8.9,1,3,2,2,2,116,1,1,46.51,moderate,55.61,moderate,45.42,neutral
3,5,3,7.8,2,2,3,4,3,93,5,1,60.31,moderate,45.73,mild,52.31,neutral
4,5,5,8.8,1,3,5,5,5,63,2,1,56.18,moderate,77.17,high,59.28,neutral
3,2,3,7.4,3,3,5,4,2,110,10,3,33.13,mild,40.2,mild,73.02,good
3,1,4,7.5,1,4,1,5,3,111,11,1,37.28,mild,78.72,high,36.58,low
2,5,4,3.6,2,3,1,3,1,24,12,2,73.82,elevated,29.79,low,40.26,neutral
5,5,5,6.2,2,5,2,2,2,34,5,4,59.13,moderate,33.87,mild,63.42,neutral
5,2,2,6.4,4,1,4,5,2,117,12,4,49.72,moderate,52.17,moderate,40.45,neutral
1,1,4,9.0,5,5,2,4,4,0,1,2,42.85,mild,34.38,mild,58.68,neutral
4,4,2,5.9,1,4,4,4,2,62,12,1,34.21,mild,34.57,mild,46.81,neutral
1,1,5,7.3,4,4,1,4,3,46,3,1,41.11,mild,44.97,mild,53.66,neutral
2,1,5,7.2,1,5,1,5,2,90,0,3,44.44,mild,57.91,moderate,43.3,neutral
5,5,2,8.9,5,1,4,4,1,115,10,3,52.53,moderate,30.95,mild,44.02,neutral
1,3,3,6.6,2,2,2,5,4,38,6,5,57.07,moderate,91.28,high,31.58,low
2,1,5,8.3,5,1,1,1,4,26,5,3,44.98,mild,22.16,low,45.01,neutral
2,4,1,3.7,4,4,2,4,4,39,2,2,78.84,elevated,45.43,mild,26.81,low
4,2,4,3.9,2,2,2,2,3,86,5,4,39.34,mild,48.98,mild,34.91,low
3,3,5,2.7,2,2,3,1,1,43,7,5,51.48,moderate,38.92,mild,62.4,neutral
3,5,5,8.2,2,4,5,2,3,77,1,5,40.21,mild,43.69,mild,77.86,good
5,2,1,8.0,3,3,1,5,4,42,12,1,45.28,moderate,59.08,moderate,29.01,low
3,4,4,8.4,3,4,4,5,3,89,9,3,38.91,mild,59.97,moderate,63.71,neutral
4,5,4,5.6,4,5,2,2,4,7,11,5,48.57,moderate,59.99,moderate,63.28,neutral
1,3,1,5.8,3,2,3,1,2,41,0,5,54.93,moderate,45.24,mild,36.81,low
2,5,4,6.6,4,5,2,3,3,37,11,4,55.05,moderate,40.61,mild,64.64,neutral
5,3,4,9.4,3,3,2,2,2,72,11,1,41.1,mild,30.16,mild,61.02,neutral
5,3,5,9.8,2,2,3,3,5,78,4,2,55.29,moderate,80.5,high,45.16,neutral
4,5,1,8.2,2,5,3,4,1,87,7,5,47.59,moderate,56.7,moderate,33.14,low
2,4,5,7.4,4,3,1,2,2,109,6,1,44.55,mild,29.42,low,73.07,good
1,5,3,9.2,1,1,1,1,4,96,10,4,65.24,moderate,58.11,moderate,24.25,low
5,4,2,6.3,2,2,2,1,1,5,3,3,46.08,moderate,30.47,mild,47.41,neutral
4,4,2,6.1,2,5,5,4,3,81,11,4,47.45,moderate,59.71,moderate,46.45,neutral
2,2,4,6.6,4,3,2,1,1,2,7,4,27.77,mild,14.1,low,58.76,neutral
3,2,5,5.0,1,3,3,2,3,50,0,1,44.68,mild,55.74,moderate,47.74,neutral
4,5,2,6.5,3,4,3,5,2,71,3,1,50.38,moderate,45.15,mild,54.17,neutral
3,4,5,4.8,4,1,2,1,1,38,1,2,45.38,moderate,33.78,mild,58.33,neutral
5,2,4,8.6,5,1,1,4,3,84,10,5,50.49,moderate,47.66,mild,37.07,low
1,2,1,7.8,3,3,3,1,2,96,5,5,43.95,mild,16.86,low,56.65,neutral
2,4,3,9.4,5,5,5,5,1,73,6,4,49.97,moderate,29.34,low,82.08,good
1,1,5,3.9,4,1,5,4,3,63,4,2,53.74,moderate,57.61,moderate,74.73,good
4,1,1,10.2,4,4,2,5,3,117,9,5,57.05,moderate,43.59,mild,24.13,low
4,4,1,4.0,2,5,3,4,4,78,12,4,59.27,moderate,60.75,moderate,20.64,low
5,2,1,4.6,5,1,2,3,5,27,11,2,42.61,mild,74.21,high,36.52,low
3,4,3,5.7,2,1,5,5,4,79,12,4,55.07,moderate,85.5,high,24.33,low
1,3,1,9.2,1,5,3,4,4,58,3,3,50.73,moderate,65.77,moderate,28.74,low
3,5,5,7.2,1,1,5,1,4,2,8,3,57.55,moderate,48.03,mild,52.51,neutral
1,3,1,6.4,4,4,5,3,4,110,8,2,55.68,moderate,57.71,moderate,47.6,neutral
4,5,1,5.4,4,4,2,3,4,96,3,4,62.76,moderate,49.48,mild,32.47,low
4,5,2,4.3,1,2,3,2,4,74,10,2,53.1,moderate,63.54,moderate,24.05,low
5,2,4,8.8,5,2,3,3,3,81,11,5,30.47,mild,51.98,moderate,48.27,neutral
2,5,5,8.2,2,3,2,5,4,69,12,1,70.1,elevated,66.79,moderate,51.54,neutral
2,4,2,9.2,4,3,5,1,5,41,12,2,55.91,moderate,60.95,moderate,67.03,good
1,1,3,7.5,3,5,3,5,3,112,2,1,44.66,mild,51.18,moderate,42.61,neutral
3,1,4,2.5,3,3,2,4,2,66,1,2,69.36,moderate,52.05,moderate,54.31,neutral
3,2,4,4.6,4,5,3,1,3,41,8,4,36.82,mild,31.88,mild,74.33,good
4,1,1,7.6,5,2,5,2,1,82,9,5,8.7,low,28.56,low,60.57,neutral
4,2,5,6.1,4,2,3,5,2,19,5,1,24.7,low,43.6,mild,62.48,neutral
1,5,5,5.8,5,2,4,4,5,38,2,2,62.12,moderate,64.73,moderate,61.97,neutral
2,3,4,4.8,5,4,5,1,1,15,3,1,30.75,mild,4.72,low,96.07,good
3,1,3,8.5,2,1,2,1,5,10,1,5,48.95,moderate,63.28,moderate,31.68,low
2,3,2,7.6,3,5,5,5,3,99,2,3,44.39,mild,42.93,mild,43.6,neutral
1,2,5,7.7,1,4,3,1,2,52,2,2,29.82,mild,27.41,low,63.73,neutral
5,5,5,5.7,5,5,3,4,3,103,7,4,42.99,mild,40.17,mild,75.44,good
4,1,3,7.1,5,5,4,5,5,77,6,1,39.74,mild,71.18,high,56.25,neutral
3,4,4,4.4,5,1,1,1,1,28,4,4,63.9,moderate,33.94,mild,51.05,neutral
2,3,2,6.6,4,4,4,1,3,25,7,1,52.83,moderate,23.39,low,66.93,good
5,1,4,2.5,5,3,3,5,2,55,8,3,24.85,low,45.19,mild,56.63,neutral
1,4,1,4.0,4,4,4,5,3,11,1,1,63.22,moderate,56.76,moderate,51.61,neutral
3,3,5,6.2,2,5,5,3,4,70,3,2,35.03,mild,69.29,moderate,67.83,good
5,4,3,11.0,2,3,3,2,5,55,2,4,61.91,moderate,76.39,high,31.61,low
5,4,3,3.6,3,1,5,1,2,16,0,3,45.61,moderate,24.45,low,64.42,neutral
2,4,1,4.6,3,5,3,5,4,63,1,3,63.54,moderate,71.92,high,48.39,neutral
4,3,3,7.2,4,3,2,4,3,102,9,4,55.3,moderate,59.9,moderate,36.03,low
1,1,1,10.0,4,3,4,5,3,109,11,5,53.34,moderate,82.24,high,48.62,neutral
1,1,5,7.2,5,3,1,4,1,50,2,2,33.56,mild,23.3,low,63.9,neutral
2,3,4,8.1,4,5,5,3,5,8,9,5,47.04,moderate,59.31,moderate,53.54,neutral
5,2,3,6.2,1,3,1,3,1,104,3,1,42.7,mild,39.36,mild,27.02,low
4,4,5,5.9,2,2,3,2,1,66,1,5,49.66,moderate,32.47,mild,63.87,neutral
3,3,5,6.9,2,4,5,4,4,91,3,5,55.9,moderate,58.88,moderate,53.51,neutral
2,5,1,5.6,4,4,1,1,3,5,11,3,51.84,moderate,34.97,mild,32.8,low
1,1,1,8.1,2,1,3,1,1,35,4,1,44.63,mild,11.18,low,36.35,low
2,2,2,3.9,5,3,3,5,4,34,9,3,53.18,moderate,51.55,moderate,49.33,neutral
1,4,1,8.4,2,4,2,2,2,86,6,2,55.29,moderate,39.94,mild,38.73,low
1,1,3,6.9,3,5,4,1,5,82,5,3,43.6,mild,50.55,moderate,74.05,good
4,2,3,6.4,5,2,2,4,5,89,10,2,53.82,moderate,73.2,high,36.72,low
1,4,3,3.8,2,3,2,2,3,48,12,1,56.74,moderate,50.25,moderate,45.54,neutral
1,3,1,5.0,1,5,2,2,3,37,8,5,75.8,elevated,52.04,moderate,34.37,low
3,4,5,9.0,2,3,4,3,3,22,11,5,37.58,mild,69.27,moderate,67.2,good
2,3,5,6.4,2,3,5,3,4,30,1,3,50.07,moderate,56.15,moderate,75.41,good
3,5,3,7.3,4,1,1,4,5,19,11,5,61.27,moderate,71.86,high,22.78,low
1,5,1,5.2,4,1,3,5,4,99,2,5,74.88,elevated,75.51,high,30.71,low
2,5,2,6.7,3,4,2,5,1,81,2,5,62.16,moderate,48.48,mild,33.59,low
3,1,4,4.3,3,5,2,5,1,82,11,5,34.42,mild,45.09,mild,56.63,neutral
4,3,4,7.0,3,4,5,3,4,107,6,1,10.4,low,33.52,mild,75.01,good
3,1,2,7.5,1,4,4,3,2,89,3,4,41.54,mild,43.1,mild,54.05,neutral
3,2,5,7.4,1,4,5,1,3,38,0,5,38.36,mild,44.89,mild,74.81,good
3,2,5,5.2,4,2,4,3,3,37,2,1,34.22,mild,45.12,mild,71.47,good
2,4,3,6.2,5,3,4,4,3,15,10,1,45.42,moderate,36.77,mild,63.61,neutral
2,3,2,7.8,3,2,4,5,2,87,0,2,47.33,moderate,54.58,moderate,50.14,neutral
3,5,3,6.4,1,2,4,1,1,105,11,5,38.75,mild,22.46,low,67.26,good
1,2,1,6.3,5,3,5,5,2,86,10,5,33.13,mild,51.88,moderate,59.84,neutral
4,4,3,10.2,2,4,2,3,4,56,2,3,62.83,moderate,75.94,high,44.8,neutral
4,4,1,5.1,4,5,1,1,4,40,9,5,62.85,moderate,36.81,mild,25.55,low
2,5,1,8.7,5,2,3,5,5,53,6,1,72.14,elevated,65.65,moderate,28.99,low
2,2,3,4.7,5,2,1,3,1,32,4,5,50.96,moderate,32.75,mild,43.16,neutral
2,4,3,8.0,1,1,1,3,1,20,6,5,68.77,moderate,47.82,mild,33.28,low
4,1,5,8.1,1,5,1,1,1,52,0,5,32.46,mild,17.81,low,49.51,neutral
4,3,3,5.9,4,4,1,1,3,28,11,2,33.22,mild,46.27,mild,56.64,neutral
1,3,5,4.6,4,2,4,1,3,89,10,4,47.97,moderate,45.13,mild,71.46,good
3,5,5,3.3,5,5,3,2,1,109,2,2,39.36,mild,9.43,low,88.84,good
1,4,2,5.7,3,4,5,2,3,23,1,3,52.09,moderate,33.64,mild,58.52,neutral
3,5,5,7.7,1,3,2,3,1,0,5,5,62.17,moderate,43.91,mild,46.73,neutral
2,5,3,4.9,4,2,2,4,4,105,5,3,80.33,elevated,43.61,mild,32.71,low
2,3,3,7.0,4,3,3,5,3,35,10,4,31.09,mild,65.86,moderate,54.14,neutral
3,4,1,4.1,3,1,4,4,1,30,10,3,56.76,moderate,42.92,mild,38.14,low
2,1,2,6.4,4,1,5,3,1,103,0,1,31.38,mild,32.45,mild,50.13,neutral
2,3,3,4.7,2,5,4,5,4,101,3,1,62.41,moderate,66.9,moderate,57.29,neutral
4,1,2,6.7,5,2,3,3,5,70,7,4,27.92,mild,69.61,moderate,69.14,good
5,4,3,5.9,1,1,5,3,5,18,4,2,30.29,mild,80.78,high,40.14,neutral
1,5,1,4.7,5,5,1,2,3,85,12,2,68.79,moderate,35.67,mild,58.23,neutral
2,4,2,5.6,5,5,3,3,3,89,8,1,54.43,moderate,39.55,mild,41.07,neutral
5,5,4,5.1,4,5,2,1,5,53,4,5,35.26,mild,47.29,mild,56.09,neutral
3,2,4,4.4,5,1,1,1,5,67,8,1,44.89,mild,68.87,moderate,54.39,neutral
2,5,5,8.7,5,5,2,5,5,64,5,3,68.11,moderate,64.31,moderate,64.12,neutral
3,3,5,6.2,1,2,4,1,2,80,6,2,29.71,mild,37.56,mild,58.36,neutral
1,4,5,2.8,3,1,2,3,3,62,9,5,67.81,moderate,57.43,moderate,46.79,neutral
1,4,1,5.7,4,5,5,1,1,117,5,4,50.01,moderate,12.84,low,75.13,good
4,4,4,8.4,5,2,4,4,1,4,9,1,24.23,low,30.72,mild,88.9,good
3,2,2,5.4,4,4,4,5,2,6,5,4,39.51,mild,49.09,mild,63.27,neutral
4,4,2,9.5,3,1,2,3,5,18,7,1,47.12,moderate,83.0,high,24.21,low
2,4,2,5.3,3,1,5,1,3,18,6,3,54.47,moderate,41.4,mild,48.89,neutral
5,5,3,7.7,1,5,2,1,3,60,7,2,37.37,mild,40.97,mild,46.95,neutral
3,3,1,8.7,2,3,2,4,5,9,4,4,66.43,moderate,66.0,moderate,13.06,low
4,3,3,7.6,3,5,4,1,3,23,1,3,37.9,mild,48.83,mild,65.26,good
1,3,1,4.3,5,1,4,2,2,62,3,3,67.37,moderate,25.45,low,45.56,neutral
1,1,3,5.1,5,5,2,5,4,108,4,5,67.19,moderate,78.94,high,41.9,neutral
4,1,4,8.9,4,5,2,3,2,97,4,3,27.47,mild,29.27,low,71.46,good
5,1,1,5.4,1,5,3,5,2,26,5,2,36.28,mild,32.12,mild,40.62,neutral
5,4,1,8.6,4,1,3,5,5,6,6,3,58.55,moderate,89.12,high,20.37,low
2,3,5,6.0,3,1,1,4,3,89,3,5,50.26,moderate,65.91,moderate,40.93,neutral
1,5,4,7.1,4,3,2,5,2,94,4,1,59.17,moderate,36.63,mild,48.53,neutral
5,4,2,4.3,3,1,1,1,5,112,3,2,56.8,moderate,65.96,moderate,20.58,low
4,1,5,5.7,4,1,1,2,4,52,7,3,40.89,mild,59.68,moderate,52.75,neutral
2,1,2,5.2,2,5,2,2,4,7,6,2,38.75,mild,51.82,moderate,46.02,neutral
4,2,5,7.2,1,4,1,5,2,113,8,4,35.69,mild,67.25,moderate,40.89,neutral
5,5,1,7.0,2,5,4,4,4,34,5,1,54.02,moderate,55.66,moderate,47.24,neutral
2,1,4,7.6,5,5,4,2,5,46,12,2,25.72,mild,46.03,mild,74.65,good
4,1,1,5.9,1,1,2,2,1,50,6,3,28.14,mild,36.65,mild,15.27,low
4,1,1,5.1,2,5,5,5,1,119,7,5,36.21,mild,55.16,moderate,49.66,neutral
3,3,3,7.1,2,1,3,5,3,43,5,2,46.42,moderate,60.55,moderate,39.71,low
4,5,1,4.9,5,2,2,1,4,67,9,2,66.98,moderate,30.0,mild,40.95,neutral
2,4,3,8.7,2,2,1,2,1,61,7,5,64.69,moderate,36.78,mild,21.96,low
5,3,2,6.6,5,2,3,3,3,119,1,3,22.64,low,40.12,mild,49.33,neutral
5,1,1,6.2,5,4,5,2,1,115,9,2,24.3,low,21.66,low,68.45,good
5,2,5,7.6,4,1,1,4,5,76,9,5,46.09,moderate,61.6,moderate,23.56,low
4,3,5,6.7,2,5,1,4,4,12,5,1,30.06,mild,63.76,moderate,46.79,neutral
1,2,5,3.8,3,5,3,5,5,41,6,4,61.2,moderate,70.47,high,64.18,neutral
2,4,1,4.9,4,4,5,4,2,80,0,5,46.19,moderate,23.94,low,65.58,good
3,5,2,8.7,1,1,2,5,4,97,11,3,82.33,elevated,70.27,high,3.63,low
5,2,2,7.0,5,3,4,2,2,90,10,5,23.19,low,27.62,low,66.83,good
3,2,2,3.8,3,4,3,2,1,58,12,4,29.58,mild,34.58,mild,37.96,low
3,1,3,7.4,5,2,1,2,3,81,7,3,51.44,moderate,34.48,mild,56.18,neutral
1,4,3,5.8,4,2,5,5,3,37,2,1,43.31,mild,43.14,mild,58.34,neutral
4,3,3,5.2,5,3,1,4,3,76,3,1,39.31,mild,35.58,mild,42.03,neutral
2,2,2,4.7,1,5,3,2,5,57,12,4,49.84,moderate,55.24,moderate,41.59,neutral
1,2,5,8.6,1,1,4,4,2,82,0,4,46.2,moderate,64.28,moderate,44.3,neutral
5,1,5,3.3,1,3,4,2,4,105,8,4,41.92,mild,65.65,moderate,62.13,neutral
1,3,2,5.3,5,2,5,2,1,99,0,2,44.25,mild,26.44,low,66.01,good
1,4,2,7.0,5,3,4,1,5,88,9,1,58.15,moderate,22.96,low,27.77,low
1,2,3,9.6,5,1,4,5,3,92,7,1,51.14,moderate,48.93,mild,48.51,neutral
3,1,2,7.8,2,5,1,2,4,21,6,1,25.43,mild,60.29,moderate,39.53,low
1,3,5,5.3,2,3,2,4,2,22,9,2,55.99,moderate,54.68,moderate,63.53,neutral
5,4,3,9.6,2,5,2,1,2,101,4,5,45.24,moderate,31.07,mild,54.15,neutral
3,2,1,4.4,5,1,2,1,5,65,7,4,50.14,moderate,48.12,mild,38.15,low
2,2,1,7.3,2,3,1,4,1,52,10,1,63.78,moderate,44.83,mild,21.1,low
1,1,1,7.7,3,4,1,1,3,80,5,2,48.26,moderate,43.65,mild,40.82,neutral
3,4,2,5.2,4,4,3,1,2,10,0,5,57.24,moderate,18.75,low,60.96,neutral
1,5,2,8.1,2,1,4,2,2,19,12,3,70.1,elevated,34.08,mild,28.95,low
5,4,5,5.9,3,4,5,3,4,17,7,2,32.65,mild,53.85,moderate,84.8,good
2,3,5,8.1,4,1,5,1,4,68,5,2,43.85,mild,46.92,mild,74.87,good
3,4,1,3.5,4,3,3,1,3,8,0,2,59.97,moderate,39.96,mild,44.0,neutral
1,2,5,7.4,1,1,5,2,4,5,1,3,42.82,mild,79.27,high,54.86,neutral
1,1,3,6.1,3,1,3,4,1,81,3,3,35.49,mild,35.25,mild,37.45,low
2,2,2,8.9,1,4,3,1,2,88,12,3,43.3,mild,34.85,mild,50.55,neutral
1,4,3,6.7,1,4,2,2,4,31,9,4,65.97,moderate,63.91,moderate,40.67,neutral
4,4,3,9.0,4,5,4,1,4,83,5,2,38.41,mild,39.56,mild,73.91,good
5,5,1,7.7,3,4,2,2,1,11,9,3,43.94,mild,16.03,low,43.13,neutral
5,5,5,6.6,2,3,3,2,5,49,5,5,51.67,moderate,61.63,moderate,54.4,neutral
2,2,1,8.2,1,1,5,4,3,44,11,2,50.26,moderate,60.11,moderate,30.13,low
4,1,1,8.2,5,4,3,1,2,41,4,5,41.15,mild,37.58,mild,61.36,neutral
3,2,2,7.6,5,2,2,5,3,104,9,3,46.88,moderate,43.37,mild,43.85,neutral
1,5,1,2.7,5,1,4,2,2,9,5,2,63.71,moderate,33.08,mild,50.38,neutral
1,5,1,5.0,1,4,4,5,3,76,8,4,58.84,moderate,75.92,high,32.92,low
3,1,2,9.3,1,3,4,4,1,33,2,2,37.82,mild,34.4,mild,31.61,low
3,1,2,4.5,2,1,1,2,1,58,12,2,40.55,mild,39.66,mild,13.37,low
1,3,1,8.4,1,3,2,2,5,24,3,2,61.19,moderate,46.5,mild,19.05,low
5,4,5,8.1,3,4,1,5,4,88,6,3,54.07,moderate,64.8,moderate,59.4,neutral
4,5,5,5.5,4,3,5,5,2,7,8,1,42.98,mild,44.03,mild,73.36,good
3,4,4,3.2,1,4,2,4,5,9,8,2,52.0,moderate,79.12,high,35.68,low
5,2,3,5.8,2,3,3,1,4,39,7,4,43.48,mild,44.7,mild,37.97,low
5,1,5,10.5,3,2,5,5,4,106,11,2,19.76,low,72.88,high,54.68,neutral
5,4,2,5.2,2,2,5,3,4,2,12,3,58.56,moderate,64.74,moderate,37.19,low
2,3,3,5.4,3,2,2,1,5,21,9,2,51.82,moderate,66.93,moderate,42.73,neutral
5,5,1,5.0,3,5,5,5,5,59,2,5,61.65,moderate,82.19,high,41.07,neutral
3,3,4,9.0,5,2,4,1,2,2,10,2,33.78,mild,9.13,low,68.95,good
4,3,1,6.4,2,4,4,2,4,64,6,4,46.96,moderate,46.46,mild,35.74,low
5,2,4,5.7,1,2,1,1,1,43,6,4,39.13,mild,30.15,mild,42.65,neutral
1,1,4,9.3,5,3,4,3,3,78,12,3,36.16,mild,42.82,mild,72.87,good
3,5,2,7.8,3,4,4,5,1,7,6,5,69.22,moderate,42.01,mild,37.05,low
1,5,4,5.1,3,3,3,1,1,21,11,5,57.32,moderate,26.71,low,56.17,neutral
2,1,2,4.6,4,4,3,1,4,20,8,1,41.12,mild,61.52,moderate,54.28,neutral
3,4,2,8.9,5,5,2,5,2,89,1,3,43.83,mild,32.87,mild,56.26,neutral
5,2,3,6.8,1,5,4,1,1,89,9,1,24.1,low,29.76,low,67.02,good
5,3,2,4.0,5,5,1,1,5,14,6,5,40.49,mild,46.9,mild,50.83,neutral
2,5,4,3.6,4,1,2,3,5,48,7,5,81.87,elevated,56.33,moderate,28.46,low
2,5,2,4.8,3,4,3,2,2,85,3,3,46.78,moderate,36.02,mild,55.07,neutral
3,1,3,4.6,5,4,1,5,3,0,2,2,36.75,mild,58.73,moderate,64.91,neutral
5,2,5,3.1,2,3,5,1,2,12,9,5,19.44,low,49.52,mild,73.38,good
5,5,2,4.8,4,2,5,3,5,77,3,2,59.01,moderate,65.61,moderate,51.96,neutral
2,5,3,5.1,3,1,3,5,4,68,1,4,69.59,moderate,77.98,high,39.4,low
1,1,5,6.0,5,5,3,4,3,85,6,4,39.52,mild,38.21,mild,70.64,good
4,5,2,9.8,3,5,2,1,5,56,9,2,47.06,moderate,54.66,moderate,37.93,low
2,3,1,6.3,4,1,2,1,4,109,2,2,61.07,moderate,40.73,mild,31.21,low
1,3,2,6.5,3,3,5,1,1,15,4,5,49.76,moderate,20.01,low,47.52,neutral
1,1,5,7.7,2,3,3,5,3,18,5,3,44.04,mild,65.05,moderate,58.17,neutral
3,4,4,6.4,2,1,5,2,5,76,12,3,52.94,moderate,65.75,moderate,57.02,neutral
2,4,5,7.5,5,3,1,1,3,103,1,5,47.0,moderate,43.53,mild,47.67,neutral
3,4,2,7.3,5,5,1,2,1,2,11,3,33.81,mild,15.06,low,56.3,neutral
2,4,5,7.0,2,2,3,2,4,85,1,3,44.16,mild,49.39,mild,52.27,neutral
4,5,2,11.0,5,4,4,1,3,117,7,2,50.88,moderate,17.42,low,77.57,good
4,5,4,8.4,3,5,3,3,2,68,10,4,40.3,mild,30.94,mild,75.48,good
3,4,5,4.9,1,3,5,5,5,100,11,1,57.9,moderate,100.0,high,66.23,good
1,5,2,7.5,4,1,1,2,5,31,7,2,80.91,elevated,53.86,moderate,36.94,low
3,4,5,5.4,1,2,5,5,3,97,6,5,52.21,moderate,83.56,high,52.83,neutral
4,4,4,7.6,5,1,3,4,4,55,10,2,40.42,mild,43.43,mild,55.83,neutral
2,3,4,4.3,3,2,2,2,2,36,11,5,50.27,moderate,36.44,mild,46.73,neutral
2,4,4,4.8,5,4,4,4,4,23,0,5,55.16,moderate,56.6,moderate,58.77,neutral
3,1,1,7.4,3,2,4,2,5,103,3,2,47.54,moderate,72.49,high,37.91,low
2,3,4,8.6,1,3,5,2,2,86,3,5,45.37,moderate,35.84,mild,60.33,neutral
3,3,2,7.7,4,5,1,2,5,95,10,4,65.07,moderate,43.69,mild,38.13,low
2,5,2,8.3,4,2,4,1,1,85,0,5,56.04,moderate,32.54,mild,55.03,neutral
2,1,1,7.5,2,5,2,4,3,30,1,3,51.4,moderate,63.83,moderate,34.24,low
4,4,1,7.1,2,2,3,1,1,23,0,1,45.19,moderate,25.65,low,47.85,neutral
3,1,5,5.9,5,4,3,1,3,78,12,3,31.15,mild,32.93,mild,73.07,good
3,5,2,8.3,4,1,4,1,4,30,0,5,57.54,moderate,43.35,mild,34.01,low
4,5,2,8.6,2,2,2,1,5,78,3,1,55.19,moderate,43.05,mild,36.92,low
2,2,3,6.7,4,5,2,5,1,109,6,1,43.22,mild,17.11,low,66.85,good
1,5,4,6.6,2,3,3,1,5,90,4,5,63.74,moderate,53.74,moderate,51.11,neutral
5,3,3,9.7,1,3,4,4,5,57,1,3,54.0,moderate,81.44,high,31.64,low
1,5,3,6.8,4,3,5,2,1,109,5,3,55.36,moderate,10.77,low,70.7,good
3,4,5,6.9,5,2,1,1,5,66,10,4,49.7,moderate,51.82,moderate,55.28,neutral
2,1,3,7.7,5,5,3,2,5,56,3,4,34.15,mild,42.52,mild,52.45,neutral
2,2,4,6.6,3,2,1,1,1,115,6,3,34.92,mild,18.54,low,43.88,neutral
1,3,5,5.3,1,1,4,2,1,40,6,4,58.58,moderate,52.88,moderate,56.83,neutral
5,2,4,7.5,3,5,4,5,4,25,3,3,29.37,mild,50.37,moderate,72.71,good
3,1,1,6.7,4,1,5,4,3,16,0,2,40.97,mild,65.34,moderate,46.3,neutral
2,5,2,10.1,5,5,1,5,2,75,10,4,63.82,moderate,49.6,mild,41.42,neutral
4,5,4,8.2,1,2,4,4,3,61,12,2,54.82,moderate,52.33,moderate,47.89,neutral
1,3,3,5.7,4,1,4,5,2,93,6,5,65.31,moderate,70.02,high,43.17,neutral
3,2,2,8.1,3,2,4,1,5,17,10,2,42.72,mild,42.59,mild,41.95,neutral
3,1,2,7.4,3,4,4,1,2,38,4,1,35.93,mild,30.82,mild,67.28,good
3,5,1,9.2,1,3,3,3,1,14,12,5,60.99,moderate,49.02,mild,16.64,low
1,2,2,5.9,1,1,1,3,5,37,7,1,68.02,moderate,59.63,moderate,25.27,low
5,1,4,7.1,4,2,5,4,5,116,10,5,30.17,mild,60.55,moderate,75.76,good
2,2,1,6.6,1,2,2,1,5,108,8,4,76.0,elevated,62.46,moderate,18.8,low
4,3,5,6.9,4,4,1,1,5,60,12,3,35.03,mild,52.88,moderate,51.1,neutral
4,4,2,5.2,1,5,4,4,1,12,7,2,44.23,mild,37.55,mild,62.56,neutral
2,2,5,7.8,5,2,5,3,4,120,11,2,33.33,mild,45.27,mild,78.72,good
1,5,2,7.6,2,5,4,3,2,19,12,1,50.29,moderate,31.54,mild,53.54,neutral
2,4,5,9.1,3,3,2,2,3,12,9,5,55.02,moderate,30.39,mild,48.47,neutral
5,5,3,6.8,2,1,5,4,3,49,4,2,60.59,moderate,67.66,moderate,45.75,neutral
5,2,5,6.1,3,2,5,5,5,113,1,1,37.19,mild,85.55,high,65.29,good
5,4,1,8.2,3,5,2,1,3,96,5,1,42.23,mild,32.35,mild,52.66,neutral
2,2,4,5.4,4,5,3,1,2,43,9,4,31.08,mild,19.42,low,74.77,good
4,4,2,8.8,4,4,5,4,1,55,11,3,34.6,mild,22.85,low,69.38,good
1,4,2,8.7,5,2,1,5,3,7,9,2,65.09,moderate,41.9,mild,32.08,low
4,2,1,9.1,1,4,2,2,5,32,8,5,53.87,moderate,59.15,moderate,28.84,low
3,5,5,7.5,5,4,3,4,4,81,6,2,54.09,moderate,66.38,moderate,69.6,good
4,5,4,5.9,4,4,1,5,5,50,12,5,53.38,moderate,73.14,high,56.7,neutral
4,5,5,7.0,2,3,1,1,1,118,3,1,53.15,moderate,27.03,low,53.28,neutral
5,2,3,7.5,5,3,4,1,3,53,10,3,21.83,low,34.65,mild,70.16,good
3,4,1,5.8,4,5,2,1,4,102,7,1,49.97,moderate,32.31,mild,64.52,neutral
2,1,2,9.2,1,5,2,4,5,87,6,1,41.71,mild,59.14,moderate,41.84,neutral
3,1,3,7.8,1,3,2,4,2,61,5,4,46.36,moderate,59.2,moderate,41.96,neutral
1,5,1,5.2,4,2,1,1,4,105,8,4,64.68,moderate,38.85,mild,28.87,low
1,1,5,10.2,4,3,4,1,2,105,12,3,33.99,mild,33.22,mild,78.42,good
3,5,5,7.0,1,3,2,4,3,38,5,3,58.77,moderate,51.06,moderate,45.86,neutral
5,3,3,4.8,4,4,4,5,4,33,1,2,40.55,mild,56.37,moderate,54.01,neutral
3,2,3,5.3,3,2,5,4,5,85,1,4,34.27,mild,72.97,high,36.96,low
4,1,4,9.5,5,1,3,1,3,3,2,1,47.03,moderate,44.15,mild,67.87,good
1,4,4,10.1,4,5,5,2,3,84,5,3,37.29,mild,13.22,low,68.2,good
3,4,1,8.6,5,5,1,1,5,52,0,5,58.53,moderate,64.93,moderate,43.21,neutral
4,3,3,9.2,1,1,5,2,3,92,3,4,42.84,mild,52.77,moderate,43.53,neutral
2,5,4,9.0,4,2,2,3,2,15,9,5,66.92,moderate,43.56,mild,43.36,neutral
1,2,5,7.8,2,3,2,2,2,69,8,2,35.63,mild,38.25,mild,69.75,good
1,3,3,7.4,3,4,5,4,4,64,8,1,38.96,mild,54.63,moderate,51.41,neutral
5,2,5,7.8,5,4,3,2,4,1,8,5,31.58,mild,50.63,moderate,65.67,good
4,3,3,8.1,5,2,4,3,3,63,0,3,28.56,mild,47.56,mild,55.17,neutral
2,1,2,5.5,2,2,5,4,1,79,12,4,38.64,mild,66.89,moderate,50.2,neutral
2,3,3,8.1,2,3,3,1,1,49,3,5,50.26,moderate,35.65,mild,47.1,neutral
1,3,4,9.4,4,2,2,1,2,74,1,2,58.93,moderate,25.82,low,69.94,good
5,3,5,6.4,5,3,3,2,1,39,10,1,13.5,low,8.48,low,68.78,good
1,3,2,6.2,4,2,2,1,3,73,6,5,51.2,moderate,36.1,mild,72.18,good
4,4,2,7.7,1,1,3,1,3,29,4,2,54.91,moderate,58.49,moderate,24.53,low
2,3,4,5.6,1,4,2,2,2,34,5,1,29.69,mild,51.67,moderate,76.9,good
2,2,4,4.4,4,4,5,2,5,8,7,3,53.4,moderate,64.05,moderate,80.49,good
2,2,2,8.9,4,2,3,2,2,11,6,1,33.77,mild,0.51,low,49.87,neutral
5,4,4,6.0,5,3,4,1,5,16,0,1,33.93,mild,20.44,low,72.56,good
1,5,1,6.8,3,3,4,1,1,22,1,4,59.49,moderate,22.68,low,47.22,neutral
2,4,2,5.7,3,1,2,5,4,86,12,1,66.91,moderate,67.7,moderate,30.03,low
2,4,5,9.1,1,3,2,4,5,26,6,4,56.75,moderate,81.02,high,35.1,low
2,5,3,8.3,4,3,5,3,5,42,12,3,69.55,moderate,70.69,high,65.67,good
1,5,5,6.4,5,5,1,1,3,21,8,1,25.54,mild,28.77,low,74.46,good
5,3,2,4.7,1,2,2,2,2,51,9,5,43.0,mild,55.05,moderate,20.33,low
2,1,2,6.2,3,4,4,5,2,29,4,1,33.19,mild,29.6,low,57.92,neutral
3,4,5,7.8,2,2,3,5,3,39,10,4,44.32,mild,55.97,moderate,52.92,neutral
2,4,5,7.1,4,1,4,4,5,8,8,1,61.8,moderate,65.82,moderate,54.51,neutral
5,2,5,7.0,4,2,1,2,2,61,9,3,15.09,low,36.14,mild,52.58,neutral
2,5,2,7.2,2,5,2,3,5,32,3,1,74.53,elevated,44.58,mild,43.35,neutral
2,5,5,8.2,5,2,3,1,5,78,7,5,51.33,moderate,58.19,moderate,71.48,good
2,2,3,6.7,1,5,2,5,1,120,4,3,33.59,mild,28.65,low,44.36,neutral
2,3,5,7.6,4,4,3,1,5,58,11,1,19.41,low,15.21,low,78.7,good
1,1,5,5.0,4,4,5,4,3,61,11,1,30.08,mild,36.07,mild,91.34,good
4,1,3,11.0,1,4,4,2,4,100,4,3,34.61,mild,72.08,high,60.93,neutral
1,2,2,6.3,4,3,4,3,2,41,0,3,46.46,moderate,49.83,mild,59.09,neutral
2,2,5,7.2,2,4,1,5,2,17,3,2,39.41,mild,33.68,mild,44.29,neutral
2,2,3,7.8,2,1,3,2,3,87,3,4,56.71,moderate,39.87,mild,46.13,neutral
2,1,3,6.1,1,4,5,1,1,78,0,4,31.12,mild,35.84,mild,62.47,neutral
4,3,4,6.8,4,4,4,4,4,56,12,4,35.16,mild,52.28,moderate,68.05,good
3,4,5,6.8,5,1,4,3,4,46,6,4,54.29,moderate,68.04,moderate,59.72,neutral
5,2,1,5.2,3,3,5,1,1,3,1,5,37.24,mild,34.79,mild,49.7,neutral
2,3,5,7.6,4,3,5,1,2,67,7,2,34.17,mild,28.93,low,79.14,good
5,2,3,3.8,2,2,2,3,3,66,5,1,54.11,moderate,47.18,mild,28.65,low
1,4,1,10.0,3,1,2,4,4,62,2,1,70.86,elevated,68.94,moderate,18.06,low
3,4,2,8.2,4,1,2,1,2,36,5,1,48.06,moderate,43.39,mild,34.99,low
4,5,3,8.0,3,2,4,3,5,18,7,2,61.31,moderate,64.67,moderate,52.53,neutral
3,1,4,3.7,4,2,2,3,3,69,8,1,19.84,low,46.35,mild,44.98,neutral
5,5,3,5.4,1,2,5,1,3,75,2,5,52.25,moderate,50.81,moderate,44.89,neutral
2,2,1,9.3,3,4,5,4,1,20,7,2,38.9,mild,18.78,low,56.78,neutral
1,1,3,11.0,5,3,4,4,4,14,10,2,48.47,moderate,45.33,mild,75.0,good
4,4,2,9.0,4,1,1,1,5,58,8,3,51.42,moderate,47.64,mild,22.21,low
1,1,2,8.7,2,1,4,4,2,5,12,3,58.58,moderate,40.83,mild,27.44,low
4,1,4,7.7,3,4,2,2,3,23,12,1,19.49,low,18.96,low,48.26,neutral
4,5,5,5.3,4,5,3,3,1,77,6,5,37.42,mild,6.88,low,69.61,good
5,2,1,8.6,5,5,2,5,2,36,5,4,31.58,mild,32.41,mild,40.0,neutral
3,3,4,4.8,5,4,1,5,1,55,5,5,56.04,moderate,45.88,mild,74.44,good
5,2,3,4.6,5,2,4,2,4,83,6,5,22.21,low,50.81,moderate,64.23,neutral
1,1,2,4.5,4,4,3,2,5,21,2,5,67.31,moderate,57.03,moderate,43.23,neutral
3,1,4,8.6,2,1,4,1,1,27,12,2,40.68,mild,35.36,mild,74.82,good
1,1,2,6.7,2,1,3,5,4,35,7,4,53.01,moderate,94.12,high,20.1,low
4,3,4,7.0,3,1,2,2,3,50,1,1,49.98,moderate,62.85,moderate,44.21,neutral
4,3,3,6.8,3,1,1,5,4,67,11,2,55.35,moderate,71.05,high,22.98,low
5,1,1,4.8,5,2,2,5,3,8,12,4,58.37,moderate,56.76,moderate,39.71,low
4,2,4,5.6,5,1,5,3,5,57,7,4,47.08,moderate,62.16,moderate,60.94,neutral
2,2,5,5.7,5,5,4,4,1,83,12,4,46.05,moderate,32.52,mild,97.56,good
1,3,3,4.3,4,4,3,3,1,103,12,4,35.86,mild,29.78,low,64.97,neutral
5,5,4,5.9,1,4,1,3,2,65,12,1,49.59,moderate,39.47,mild,53.27,neutral
3,4,1,4.9,1,1,5,2,4,75,12,3,49.23,moderate,66.34,moderate,17.72,low
1,5,2,7.8,2,5,4,5,1,98,0,4,54.17,moderate,33.55,mild,39.41,low
5,1,2,8.0,4,1,1,1,1,87,0,1,46.01,moderate,0.0,low,26.92,low
5,2,4,4.5,2,5,2,4,4,64,7,2,43.41,mild,54.31,moderate,47.83,neutral
3,4,2,6.3,4,4,1,5,3,68,9,3,64.04,moderate,65.25,moderate,24.69,low
4,2,4,10.1,5,2,5,5,4,120,10,4,44.14,mild,79.82,high,74.17,good
1,5,2,5.0,2,1,5,4,2,91,8,5,73.41,elevated,71.4,high,39.91,low
1,3,4,7.6,5,4,3,4,1,29,4,4,35.94,mild,22.73,low,74.92,good
2,2,2,7.0,3,5,1,5,3,54,12,5,45.44,moderate,49.77,mild,30.31,low
4,5,3,8.8,5,3,4,5,1,89,7,2,38.75,mild,47.43,mild,72.85,good
1,3,1,7.3,1,1,2,2,3,63,8,2,39.6,mild,42.61,mild,3.78,low
1,5,4,6.0,2,3,1,4,5,52,3,2,71.08,elevated,72.02,high,35.36,low
4,3,1,6.9,5,3,2,3,1,73,9,5,43.75,mild,43.27,mild,46.51,neutral
4,1,5,6.9,5,2,2,2,2,45,1,4,20.78,low,32.18,mild,68.93,good
4,4,5,6.6,3,5,1,5,5,82,11,3,48.95,moderate,65.96,moderate,47.96,neutral
4,1,3,4.4,1,2,4,1,2,88,11,3,40.09,mild,53.95,moderate,36.06,low
5,4,5,9.0,1,2,2,1,2,108,8,2,47.66,moderate,38.81,mild,60.59,neutral
4,3,5,8.7,3,4,3,1,4,115,12,5,27.58,mild,48.9,mild,61.61,neutral
3,4,1,4.9,5,4,3,2,1,86,11,4,40.42,mild,34.25,mild,52.31,neutral
5,5,4,6.3,2,4,4,3,1,91,0,3,46.59,moderate,10.23,low,84.25,good
2,3,2,6.4,5,3,4,5,5,93,2,4,60.81,moderate,72.69,high,48.27,neutral
1,5,5,4.7,3,2,3,5,5,39,1,4,83.13,elevated,76.58,high,44.85,neutral
4,1,5,3.4,1,2,5,5,5,110,4,2,55.48,moderate,86.92,high,49.87,neutral
2,1,5,5.6,3,1,3,4,1,61,7,4,57.54,moderate,48.39,mild,62.16,neutral
5,5,3,6.2,2,1,1,3,3,104,1,4,59.2,moderate,54.73,moderate,19.68,low
3,3,1,4.2,2,3,5,4,5,26,1,4,76.06,elevated,81.92,high,40.59,neutral
5,3,1,7.1,4,3,4,2,5,37,8,1,32.28,mild,51.68,moderate,55.06,neutral
1,1,1,8.9,2,4,3,4,2,75,8,1,64.01,moderate,43.82,mild,39.79,low
4,2,5,8.3,5,5,2,1,3,70,4,1,24.62,low,18.42,low,86.4,good
3,4,3,6.6,5,3,5,5,1,48,9,2,43.09,mild,31.04,mild,71.2,good
3,5,2,3.5,4,1,3,5,1,26,7,1,70.01,elevated,44.23,mild,38.75,low
2,5,3,8.1,1,1,2,4,2,27,5,3,56.14,moderate,59.28,moderate,16.43,low
5,3,1,7.1,5,2,4,1,2,87,0,5,28.19,mild,19.23,low,52.95,neutral
2,3,3,7.6,3,2,2,2,5,2,9,1,53.3,moderate,66.11,moderate,42.37,neutral
5,1,3,10.3,4,1,3,4,1,14,8,2,35.19,mild,39.16,mild,58.85,neutral
3,1,4,5.3,1,4,4,3,3,111,1,1,51.95,moderate,46.28,mild,67.08,good
1,3,1,2.5,4,2,2,3,3,118,2,1,57.31,moderate,51.56,moderate,51.29,neutral
5,3,5,4.9,2,4,1,3,1,9,3,1,49.4,moderate,29.59,low,54.1,neutral
1,1,1,7.7,4,2,2,5,3,17,2,4,52.17,moderate,70.04,high,30.35,low
2,3,3,6.8,2,1,1,1,5,39,10,5,59.32,moderate,75.3,high,18.0,low
5,4,2,4.6,5,1,2,3,1,70,12,4,47.38,moderate,36.49,mild,49.94,neutral
5,5,4,4.2,4,3,1,2,1,23,1,4,46.99,moderate,37.32,mild,47.33,neutral
5,5,4,6.2,3,3,3,4,1,118,3,1,45.93,moderate,34.93,mild,69.31,good
3,2,1,4.6,3,3,3,2,1,59,3,5,43.93,mild,24.27,low,35.86,low
4,2,3,7.7,1,5,2,2,5,64,12,3,29.91,mild,66.86,moderate,46.88,neutral
2,5,3,6.1,2,4,4,1,1,23,8,5,48.67,moderate,10.38,low,70.9,good
4,4,3,5.7,4,4,1,5,2,37,12,2,51.9,moderate,11.05,low,34.57,low
3,2,1,5.4,5,1,1,2,5,89,3,4,46.85,moderate,67.02,moderate,11.72,low
1,4,1,7.3,5,3,3,5,5,76,0,3,69.5,moderate,69.35,moderate,38.88,low
3,1,3,6.9,1,4,1,5,1,27,6,3,50.68,moderate,50.46,moderate,37.28,low
3,3,2,7.2,2,3,5,5,2,53,10,1,54.51,moderate,61.04,moderate,49.91,neutral
2,2,3,7.1,4,5,2,2,1,22,10,3,35.04,mild,14.99,low,58.94,neutral
2,5,1,6.7,2,3,3,4,1,49,6,1,44.29,mild,32.52,mild,32.41,low
3,1,4,4.9,2,2,2,5,5,26,3,4,60.31,moderate,94.29,high,35.9,low
1,5,1,5.5,2,5,3,1,2,118,0,4,69.83,moderate,24.63,low,38.03,low
1,2,4,6.1,5,2,1,1,4,36,5,5,43.74,mild,43.35,mild,50.93,neutral
4,1,5,10.5,5,3,5,2,1,57,6,3,18.04,low,24.11,low,83.65,good
2,4,2,4.4,1,1,1,5,2,77,0,5,80.66,elevated,76.5,high,10.37,low
4,4,1,6.0,5,1,2,1,2,4,12,5,67.03,moderate,29.67,low,45.73,neutral
3,1,1,7.0,3,1,5,4,3,25,9,3,40.51,mild,53.97,moderate,46.89,neutral
3,1,2,6.3,5,3,3,5,5,119,4,5,54.0,moderate,62.05,moderate,32.77,low
3,1,1,8.7,4,5,4,5,2,84,4,4,39.15,mild,36.55,mild,45.27,neutral
3,3,5,6.2,4,1,1,3,4,29,4,2,51.13,moderate,72.18,high,52.97,neutral
5,1,5,6.4,3,5,2,3,3,52,11,3,34.09,mild,39.57,mild,53.03,neutral
5,4,5,8.3,4,5,4,4,4,103,9,1,25.38,mild,47.63,mild,89.38,good
2,1,5,10.1,5,1,2,4,2,23,1,2,41.72,mild,30.2,mild,60.58,neutral
4,4,3,9.3,3,1,3,4,3,36,3,2,54.62,moderate,81.27,high,37.37,low
5,5,2,6.6,1,5,1,2,4,29,10,2,42.64,mild,41.85,mild,32.83,low
1,4,3,6.7,1,3,3,5,3,80,4,2,72.09,elevated,53.35,moderate,50.64,neutral
4,5,2,6.9,3,1,2,3,4,63,10,1,65.47,moderate,55.52,moderate,13.7,low
3,5,5,7.1,3,5,5,2,1,60,6,3,34.11,mild,11.18,low,95.96,good
5,1,3,5.3,5,3,2,4,2,45,10,2,26.8,mild,40.2,mild,64.06,neutral
3,2,2,8.5,1,4,5,4,1,39,6,2,37.42,mild,26.17,low,52.43,neutral
5,4,4,7.2,5,4,5,1,1,62,9,4,28.08,mild,21.27,low,85.68,good
1,2,2,6.7,1,2,5,1,1,96,5,5,45.9,moderate,44.88,mild,50.09,neutral
1,4,2,4.5,3,2,4,1,2,98,3,1,50.23,moderate,29.27,low,59.87,neutral
5,4,2,6.9,3,1,3,3,2,94,11,3,42.7,mild,30.17,mild,32.91,low
3,5,1,3.4,3,3,3,5,4,5,5,5,76.61,elevated,69.98,moderate,28.88,low
3,2,1,5.8,1,5,1,2,3,59,0,4,44.72,mild,48.58,mild,25.7,low
1,2,3,5.8,4,4,1,1,4,47,5,1,48.14,moderate,23.13,low,55.68,neutral
2,1,5,7.3,1,4,2,5,5,113,5,4,40.55,mild,71.43,high,64.4,neutral
5,2,2,10.2,4,1,4,4,4,50,3,1,36.52,mild,70.74,high,38.13,low
2,2,4,7.8,3,3,1,3,3,29,11,4,71.16,elevated,50.43,moderate,44.63,neutral
3,3,2,9.4,5,5,5,1,5,30,6,3,55.44,moderate,41.49,mild,62.66,neutral
2,3,2,8.0,5,1,5,4,2,23,4,3,47.41,moderate,47.14,mild,52.09,neutral
2,5,1,8.8,5,2,1,2,5,53,9,2,73.7,elevated,49.84,mild,20.14,low
1,4,3,10.1,3,4,1,2,1,31,8,5,65.2,moderate,30.59,mild,34.76,low
5,4,4,5.5,3,1,5,2,5,68,6,1,44.29,mild,65.16,moderate,68.46,good
5,1,2,5.4,4,2,1,1,2,27,12,5,38.63,mild,42.01,mild,39.35,low
1,3,3,8.0,4,5,1,3,4,70,12,1,46.01,moderate,44.37,mild,51.24,neutral
2,4,3,6.8,4,1,1,4,2,74,6,2,66.8,moderate,57.39,moderate,30.51,low
3,2,2,7.2,3,3,4,5,2,81,9,3,50.82,moderate,49.76,mild,47.65,neutral
2,3,4,6.4,3,2,1,4,2,106,0,3,65.09,moderate,36.33,mild,33.0,low
4,4,3,5.7,1,2,1,5,4,9,5,2,67.48,moderate,86.49,high,22.28,low
2,4,1,9.7,1,2,2,5,1,6,5,2,85.08,elevated,51.21,moderate,25.67,low
1,5,3,4.8,5,2,4,2,1,55,5,3,53.34,moderate,17.38,low,62.16,neutral
2,3,2,8.0,5,4,5,3,5,62,10,1,58.49,moderate,53.3,moderate,57.95,neutral
3,2,4,7.7,4,1,2,2,1,91,7,1,27.49,mild,25.19,low,52.56,neutral
1,2,2,4.0,2,1,2,4,4,27,6,2,56.8,moderate,61.71,moderate,30.27,low
5,4,5,5.3,1,2,3,5,2,55,5,1,62.81,moderate,64.95,moderate,53.86,neutral
1,3,4,5.6,1,5,3,5,2,73,8,1,54.51,moderate,66.25,moderate,44.39,neutral
1,3,1,7.8,4,2,4,1,2,79,2,1,49.72,moderate,24.45,low,57.54,neutral
3,1,3,6.1,4,1,2,3,2,65,3,5,39.63,mild,45.18,mild,45.35,neutral
3,3,5,6.6,2,3,4,1,4,71,6,1,30.44,mild,28.58,low,69.0,good
2,2,2,4.2,1,4,5,2,5,19,4,1,45.48,moderate,80.83,high,62.91,neutral
2,3,4,11.0,1,3,4,3,2,56,8,4,53.14,moderate,50.07,moderate,55.19,neutral
1,5,4,6.9,4,1,4,4,1,65,11,3,52.38,moderate,25.89,low,64.95,neutral
4,4,4,7.7,4,5,1,4,1,9,4,3,23.77,low,26.85,low,63.76,neutral
2,3,1,5.8,2,5,5,5,4,117,7,4,69.58,moderate,77.6,high,51.77,neutral
1,5,2,5.6,4,5,4,2,5,76,3,4,59.26,moderate,63.5,moderate,54.47,neutral
2,5,2,10.2,5,5,4,3,1,86,10,3,58.41,moderate,14.75,low,64.59,neutral
5,3,2,3.3,3,2,1,1,3,64,2,5,49.59,moderate,49.58,mild,37.78,low
2,4,5,7.3,2,3,3,1,2,112,6,2,42.63,mild,28.86,low,73.12,good
5,2,1,4.6,1,5,4,5,2,0,4,2,51.57,moderate,62.44,moderate,52.95,neutral
2,5,3,6.1,4,3,4,5,5,115,9,3,69.29,moderate,76.82,high,54.32,neutral
1,2,5,5.7,3,5,1,5,2,25,3,5,46.96,moderate,53.64,moderate,42.31,neutral
2,2,5,5.0,2,4,1,2,2,107,2,5,49.78,moderate,51.18,moderate,54.31,neutral
2,1,4,6.9,1,5,3,4,1,7,9,4,40.64,mild,28.81,low,58.02,neutral
1,5,5,2.5,5,1,4,2,5,37,7,1,60.57,moderate,61.29,moderate,77.59,good
3,2,3,6.2,5,4,2,4,5,68,8,4,36.48,mild,63.31,moderate,56.72,neutral
2,5,4,6.6,3,5,4,3,5,79,10,1,46.0,moderate,52.15,moderate,71.65,good
4,1,3,4.4,2,1,5,5,2,1,3,5,43.16,mild,67.26,moderate,29.42,low
3,3,1,9.5,4,4,5,2,1,43,3,1,36.8,mild,17.26,low,58.9,neutral
3,3,1,5.7,5,1,4,4,5,101,12,1,66.99,moderate,58.57,moderate,36.34,low
3,3,5,6.4,3,5,4,4,4,22,1,3,48.05,moderate,80.0,high,68.52,good
1,1,1,5.7,1,5,1,4,2,114,8,3,45.72,moderate,60.93,moderate,28.08,low
4,1,2,6.7,1,1,1,1,1,85,5,2,52.92,moderate,41.76,mild,38.84,low
1,2,4,9.2,1,3,4,3,4,118,1,3,51.05,moderate,60.26,moderate,57.48,neutral
4,3,3,11.0,3,2,5,3,5,109,12,4,57.41,moderate,65.11,moderate,43.65,neutral
5,4,3,8.1,3,5,1,2,1,27,10,4,30.52,mild,20.16,low,45.37,neutral
4,3,5,8.8,3,2,3,5,3,113,2,4,42.42,mild,65.84,moderate,46.65,neutral
3,2,4,9.9,4,4,2,5,3,59,9,2,49.89,moderate,38.73,mild,55.32,neutral
2,2,5,7.2,1,1,1,1,3,31,9,3,38.64,mild,53.85,moderate,45.94,neutral
5,4,4,9.6,5,2,2,4,2,107,6,1,41.56,mild,46.97,mild,65.96,good
2,3,5,8.2,2,5,3,5,2,56,12,2,44.07,mild,25.62,low,63.24,neutral
3,5,4,7.1,3,2,4,2,2,83,3,5,41.86,mild,33.11,mild,59.51,neutral
4,3,3,7.4,2,4,5,4,5,73,0,1,27.65,mild,74.73,high,69.89,good
5,3,5,3.5,2,5,5,4,5,36,10,3,48.9,moderate,75.98,high,58.37,neutral
5,1,5,7.3,5,5,1,1,1,118,4,3,34.55,mild,0.0,low,80.6,good
1,1,1,4.0,1,1,5,5,4,100,1,2,66.6,moderate,89.34,high,32.49,low
5,5,5,3.9,3,2,3,4,3,64,12,1,55.46,moderate,50.55,moderate,57.13,neutral
1,2,4,7.1,3,4,1,2,2,69,5,1,31.77,mild,23.09,low,55.6,neutral
3,3,5,4.8,3,5,4,2,1,8,11,4,45.66,moderate,15.55,low,84.36,good
5,3,4,6.8,2,5,1,4,4,88,10,3,39.29,mild,58.9,moderate,42.14,neutral
4,1,5,7.0,2,4,3,5,2,110,3,3,38.82,mild,60.05,moderate,56.15,neutral
5,3,2,7.1,5,1,5,1,1,117,10,1,30.25,mild,8.41,low,60.55,neutral
2,2,1,5.2,2,4,5,2,5,67,6,3,56.61,moderate,67.4,moderate,59.9,neutral
2,1,1,8.4,3,2,2,4,5,120,8,1,57.0,moderate,66.65,moderate,20.48,low
2,3,2,6.6,2,5,1,1,3,96,3,2,53.64,moderate,41.81,mild,42.61,neutral
2,3,2,7.6,4,3,3,5,3,61,0,5,56.39,moderate,54.01,moderate,48.03,neutral
4,1,3,4.6,5,1,1,2,3,96,2,3,48.85,moderate,57.65,moderate,39.56,low
3,3,1,6.5,5,5,5,5,1,18,4,1,29.81,mild,29.91,low,68.29,good
4,4,1,8.8,1,5,2,1,1,81,7,3,43.98,mild,25.51,low,44.02,neutral
3,2,3,8.5,1,3,1,5,2,74,11,1,58.97,moderate,56.3,moderate,25.72,low
2,5,4,5.4,2,5,2,1,2,59,2,1,51.45,moderate,19.55,low,50.46,neutral
1,4,1,5.8,3,1,2,4,1,77,9,4,63.67,moderate,42.26,mild,20.66,low
3,4,3,5.0,1,2,4,2,1,103,9,4,59.83,moderate,44.8,mild,63.08,neutral
5,1,4,5.6,5,1,5,3,5,69,10,2,36.17,mild,50.09,moderate,59.4,neutral
5,4,4,4.3,5,2,4,1,5,45,10,4,34.46,mild,48.77,mild,64.3,neutral
2,2,1,6.6,3,2,4,4,2,51,0,1,52.49,moderate,34.66,mild,31.89,low
3,4,4,7.9,4,3,2,4,4,68,2,3,52.64,moderate,61.36,moderate,61.24,neutral
4,5,1,5.4,3,2,5,2,1,70,12,3,55.61,moderate,36.52,mild,49.09,neutral
4,2,2,6.6,4,3,5,3,5,37,8,1,36.59,mild,66.01,moderate,52.61,neutral
1,2,2,6.4,5,2,4,3,5,64,2,4,56.81,moderate,58.44,moderate,46.18,neutral
3,1,5,8.7,1,2,4,4,1,34,12,3,17.77,low,41.36,mild,79.6,good
1,4,1,5.7,2,5,2,3,2,114,4,3,53.54,moderate,25.98,low,41.53,neutral
1,4,4,5.8,3,3,3,1,2,64,3,4,57.35,moderate,34.96,mild,59.75,neutral
4,3,5,5.3,5,1,5,3,1,101,10,4,53.11,moderate,46.98,mild,54.69,neutral
1,1,5,4.8,3,2,3,2,2,45,12,3,41.69,mild,39.63,mild,73.82,good
2,2,2,7.8,2,5,4,3,4,47,5,5,40.82,mild,57.77,moderate,42.19,neutral
3,3,1,6.6,1,1,5,2,4,34,8,1,53.33,moderate,59.04,moderate,27.93,low
4,5,2,6.9,3,5,5,2,1,69,8,4,32.19,mild,24.35,low,61.64,neutral
3,1,4,9.1,2,2,2,2,2,74,2,2,46.95,moderate,48.82,mild,60.22,neutral
1,2,1,9.2,2,4,3,2,5,68,7,3,56.91,moderate,77.79,high,33.66,low
4,4,4,3.8,5,3,2,4,5,101,0,4,66.05,moderate,73.06,high,38.57,low
5,2,2,8.0,3,4,3,2,3,61,11,5,33.63,mild,48.47,mild,45.12,neutral
5,5,4,7.2,1,4,4,4,4,99,10,3,57.55,moderate,62.88,moderate,46.6,neutral
4,5,4,6.0,1,1,2,3,2,7,2,1,44.64,mild,48.7,mild,43.13,neutral
3,2,3,7.4,2,2,2,4,5,43,7,5,54.17,moderate,78.59,high,24.41,low
5,4,4,3.7,1,3,2,1,3,86,1,3,55.66,moderate,46.46,mild,33.7,low
3,4,5,9.4,3,2,4,2,4,46,1,1,44.23,mild,51.03,moderate,65.34,good
1,4,2,7.7,3,2,5,5,2,88,8,1,55.82,moderate,52.98,moderate,52.05,neutral
5,1,3,5.2,5,5,1,5,1,71,10,1,27.85,mild,26.66,low,48.47,neutral
2,1,4,5.7,2,2,5,1,3,58,10,2,42.14,mild,40.18,mild,48.57,neutral
5,2,5,3.7,2,1,1,5,3,67,4,2,53.87,moderate,72.39,high,40.01,neutral
2,1,3,6.2,4,3,3,5,3,109,12,5,47.03,moderate,51.67,moderate,45.75,neutral
5,2,2,5.9,4,1,1,1,5,82,7,5,55.59,moderate,68.07,moderate,23.53,low
3,4,5,4.4,1,1,5,2,4,119,5,1,41.51,mild,59.29,moderate,65.72,good
3,3,5,8.2,1,5,4,1,2,11,4,2,25.69,mild,17.35,low,59.24,neutral
2,2,3,9.1,1,2,2,5,3,98,9,2,44.22,mild,72.5,high,30.98,low
5,1,1,6.8,4,1,4,5,1,107,4,3,38.14,mild,48.85,mild,46.3,neutral
1,2,2,6.2,2,4,5,4,4,112,5,1,51.65,moderate,50.07,moderate,51.29,neutral
3,3,3,7.6,5,3,2,2,1,65,5,2,45.0,moderate,19.79,low,49.17,neutral
2,4,4,6.8,3,3,4,5,1,58,4,3,49.57,moderate,47.95,mild,57.96,neutral
3,2,4,4.9,5,3,2,5,3,70,5,3,38.92,mild,71.4,high,51.64,neutral
2,2,5,5.6,2,1,4,5,5,110,0,5,58.19,moderate,89.26,high,32.87,low
4,3,1,6.3,3,5,3,2,2,104,11,5,26.91,mild,33.14,mild,49.72,neutral
2,1,3,7.2,1,1,4,4,1,113,3,2,37.3,mild,42.07,mild,44.53,neutral
1,2,4,6.8,5,3,4,4,1,117,5,5,18.73,low,38.19,mild,65.36,good
1,1,5,7.2,3,2,4,1,5,75,2,5,43.69,mild,59.49,moderate,68.13,good
4,3,1,4.1,1,4,1,3,4,31,6,2,58.27,moderate,71.44,high,16.82,low
2,3,5,8.0,4,3,5,3,3,18,3,3,37.15,mild,38.98,mild,89.34,good
2,3,1,6.8,5,2,1,3,5,108,2,4,54.75,moderate,64.99,moderate,22.35,low
4,4,1,11.0,4,3,2,2,1,18,3,5,49.78,moderate,29.58,low,32.61,low
2,2,5,6.1,5,2,3,4,4,8,11,4,50.05,moderate,42.91,mild,53.86,neutral
2,5,4,7.4,2,1,5,5,2,57,11,5,46.73,moderate,69.83,moderate,52.98,neutral
2,5,5,11.0,3,5,4,4,2,89,10,4,56.32,moderate,30.49,mild,66.44,good
2,1,4,7.1,5,4,1,5,5,89,2,1,34.3,mild,56.28,moderate,52.16,neutral
4,5,4,6.7,4,4,2,4,5,30,8,2,38.33,mild,58.13,moderate,49.8,neutral
3,1,3,5.0,4,5,1,2,5,60,10,5,53.12,moderate,55.87,moderate,41.36,neutral
5,2,3,9.6,4,5,3,4,1,108,8,3,38.55,mild,29.66,low,64.42,neutral
4,3,3,4.7,4,3,4,4,4,96,11,1,39.66,mild,55.81,moderate,65.79,good
1,1,2,7.6,1,4,4,5,2,110,2,2,39.48,mild,54.95,moderate,40.91,neutral
2,2,5,5.9,2,3,4,2,2,93,6,3,34.5,mild,38.37,mild,69.72,good
2,1,2,6.5,4,2,4,1,1,11,4,3,26.14,mild,43.32,mild,61.55,neutral
3,3,4,4.2,2,4,5,4,3,24,9,1,38.71,mild,50.29,moderate,58.07,neutral
2,5,4,9.2,4,5,5,4,5,20,1,2,57.48,moderate,47.02,mild,77.43,good
5,5,3,6.3,3,5,2,4,2,16,4,2,62.66,moderate,24.44,low,60.52,neutral
2,2,4,4.6,4,3,2,4,3,103,9,2,43.11,mild,56.08,moderate,61.98,neutral
3,3,1,9.1,2,5,1,3,4,85,0,5,68.14,moderate,45.52,mild,16.13,low
1,3,2,5.9,2,1,2,1,4,110,3,1,63.78,moderate,39.96,mild,21.94,low
5,3,3,7.4,4,1,3,5,2,38,9,4,28.09,mild,41.49,mild,43.82,neutral
5,4,2,8.3,1,3,4,2,1,118,3,2,40.98,mild,35.54,mild,48.36,neutral
4,5,5,7.7,2,2,5,2,5,112,7,3,46.49,moderate,75.83,high,62.65,neutral
2,3,5,2.8,5,5,3,5,3,12,5,2,58.37,moderate,40.0,mild,72.9,good
1,1,4,8.1,1,1,5,4,4,105,5,5,62.32,moderate,83.37,high,46.49,neutral
4,5,2,6.6,3,3,3,3,3,13,4,5,60.41,moderate,28.87,low,20.82,low
3,5,1,6.2,1,4,5,4,2,54,11,2,65.6,moderate,41.61,mild,51.51,neutral
5,2,4,6.6,4,1,5,1,2,21,9,1,21.03,low,31.02,mild,84.03,good
4,3,5,3.9,1,1,3,2,4,70,9,1,58.2,moderate,61.09,moderate,44.33,neutral
3,5,3,7.1,3,3,5,2,5,2,10,4,55.59,moderate,68.66,moderate,58.12,neutral
5,3,5,4.3,3,5,5,3,2,102,5,5,40.59,mild,22.59,low,94.45,good
5,3,5,6.3,4,1,2,2,1,57,1,1,40.41,mild,17.02,low,63.02,neutral
3,5,3,7.1,1,1,2,1,1,105,0,1,59.02,moderate,32.79,mild,42.44,neutral
1,5,2,8.7,3,5,1,4,3,52,6,3,59.68,moderate,51.6,moderate,53.23,neutral
1,3,1,5.3,3,4,5,3,2,67,11,5,49.52,moderate,48.56,mild,68.54,good
3,1,4,9.4,2,4,3,2,5,89,6,4,46.94,moderate,65.25,moderate,43.01,neutral
3,3,3,8.5,2,2,3,5,2,117,12,1,54.87,moderate,42.48,mild,40.46,neutral
1,4,1,6.0,4,2,2,2,3,45,6,5,66.55,moderate,40.15,mild,38.65,low
1,2,1,4.8,3,3,2,1,2,63,8,2,47.75,moderate,50.15,moderate,43.23,neutral
4,3,5,4.2,3,2,3,5,3,39,1,2,49.51,moderate,52.03,moderate,62.15,neutral
4,4,2,7.3,5,3,3,1,4,4,9,2,40.37,mild,20.12,low,33.03,low
1,1,2,5.5,3,5,1,1,4,105,11,4,45.01,moderate,49.17,mild,24.37,low
3,3,4,9.0,5,4,4,3,4,68,6,2,53.46,moderate,33.63,mild,86.52,good
1,4,2,5.6,5,5,2,3,3,45,11,4,51.67,moderate,54.01,moderate,58.69,neutral
4,2,5,5.2,3,3,2,2,3,94,3,2,40.07,mild,66.7,moderate,62.83,neutral
5,3,4,7.2,2,4,1,5,2,99,6,1,39.59,mild,43.36,mild,36.56,low
5,4,2,5.6,3,3,1,2,5,119,11,1,43.16,mild,57.66,moderate,28.68,low
3,1,2,6.8,1,4,2,5,4,52,7,3,37.97,mild,54.82,moderate,32.56,low
4,4,5,8.6,4,4,4,4,5,12,8,1,40.25,mild,66.74,moderate,60.44,neutral
5,2,3,7.0,2,5,5,1,4,58,5,3,11.69,low,21.74,low,59.86,neutral
4,2,5,7.0,5,5,5,3,1,53,7,4,30.5,mild,7.33,low,95.75,good
3,4,2,7.2,4,1,2,1,2,25,4,3,47.17,moderate,30.6,mild,45.47,neutral
4,1,1,3.8,3,4,4,5,3,70,8,3,40.18,mild,65.51,moderate,39.07,low
3,1,5,7.5,1,4,2,4,2,50,0,1,40.93,mild,30.14,mild,63.86,neutral
5,3,2,7.1,1,4,1,3,5,106,6,1,48.46,moderate,57.83,moderate,33.6,low
3,5,5,8.4,4,1,3,4,3,5,12,1,56.86,moderate,35.15,mild,45.41,neutral
5,1,4,7.9,4,3,4,4,2,86,0,1,15.96,low,32.36,mild,82.1,good
1,4,2,6.4,2,5,4,3,3,72,5,3,55.51,moderate,38.75,mild,62.08,neutral
1,1,4,8.7,1,5,1,2,2,27,8,2,47.11,moderate,28.41,low,51.9,neutral
1,3,1,6.3,2,2,4,2,1,42,1,4,47.67,moderate,41.99,mild,39.65,low
3,3,2,7.2,4,3,2,2,5,103,0,2,53.79,moderate,53.07,moderate,46.56,neutral
4,3,2,6.2,3,5,2,4,5,44,2,2,30.96,mild,66.36,moderate,44.52,neutral
2,1,4,7.6,1,5,1,3,4,80,2,3,52.75,moderate,55.01,moderate,40.08,neutral
1,4,3,6.1,1,2,2,3,2,62,11,2,56.41,moderate,55.44,moderate,49.35,neutral
5,2,4,9.8,1,5,3,4,5,108,2,1,40.08,mild,68.27,moderate,34.66,low
4,4,3,10.4,4,5,1,3,2,79,8,1,43.16,mild,23.73,low,50.18,neutral
4,4,4,8.4,4,1,2,5,5,100,4,5,51.9,moderate,86.74,high,39.83,low
3,3,1,9.6,3,1,3,2,5,109,6,1,49.7,moderate,57.42,moderate,28.83,low
3,2,4,4.0,4,1,1,1,1,15,11,2,44.9,mild,21.76,low,57.1,neutral
1,4,1,4.2,1,1,5,3,2,100,11,3,71.88,elevated,67.48,moderate,24.34,low
1,5,1,6.2,3,4,2,3,4,116,1,3,62.71,moderate,62.08,moderate,31.21,low
5,5,4,6.9,2,2,4,5,2,4,1,4,56.21,moderate,56.89,moderate,60.95,neutral
2,5,1,6.4,5,4,4,4,5,54,4,4,67.61,moderate,68.81,moderate,34.8,low
4,2,4,3.8,3,1,4,5,4,30,10,4,47.45,moderate,68.57,moderate,45.08,neutral
4,3,1,8.9,5,4,2,1,2,118,9,2,26.51,mild,13.37,low,46.75,neutral
2,2,1,10.7,3,4,1,3,4,42,8,5,60.31,moderate,54.92,moderate,28.16,low
2,5,5,9.1,3,5,1,5,1,22,11,1,53.18,moderate,32.83,mild,66.14,good
4,5,1,8.8,5,2,2,3,2,11,2,2,54.77,moderate,39.42,mild,40.78,neutral
1,5,5,7.2,5,3,3,2,1,95,9,2,36.93,mild,19.53,low,76.18,good
3,1,2,5.3,3,3,4,4,1,7,12,2,40.02,mild,40.69,mild,54.26,neutral
5,2,4,6.9,2,2,4,5,4,36,12,3,49.46,moderate,74.3,high,46.68,neutral
4,4,5,10.6,4,4,5,2,1,67,9,1,22.98,low,16.58,low,90.24,good
4,4,1,6.2,1,3,5,3,4,5,9,5,56.4,moderate,80.12,high,47.16,neutral
1,2,2,6.0,2,5,2,5,1,21,2,1,70.38,elevated,22.75,low,36.13,low
1,1,3,8.8,5,1,3,1,5,120,9,2,45.47,moderate,42.81,mild,52.98,neutral
2,1,5,8.9,5,2,5,1,5,55,3,3,21.88,low,52.19,moderate,68.71,good
2,4,1,5.3,3,3,4,4,2,36,5,5,57.02,moderate,66.16,moderate,56.89,neutral
1,3,1,6.3,2,3,3,4,3,105,1,3,55.76,moderate,54.52,moderate,32.46,low
5,3,2,5.9,5,5,5,1,4,9,3,3,35.9,mild,29.5,low,61.11,neutral
1,5,2,6.9,2,4,1,3,3,31,0,2,68.45,moderate,33.96,mild,31.89,low
4,1,2,8.8,1,1,4,4,1,104,6,4,36.0,mild,49.44,mild,24.08,low
3,4,1,5.4,1,3,5,5,5,91,0,3,81.92,elevated,91.11,high,26.93,low
4,2,5,8.8,1,5,3,5,5,52,9,1,40.07,mild,86.52,high,60.93,neutral
2,5,4,7.0,5,5,4,2,3,118,8,3,38.22,mild,24.75,low,89.89,good
2,5,1,11.0,1,5,1,3,3,69,8,5,64.51,moderate,52.03,moderate,32.15,low
4,3,3,7.4,2,3,4,4,1,90,9,5,32.31,mild,45.31,mild,51.41,neutral
2,2,4,6.6,4,1,2,2,4,119,10,2,34.53,mild,35.07,mild,52.31,neutral
4,2,4,7.8,4,2,5,1,3,61,8,4,25.89,mild,48.15,mild,76.22,good
1,1,5,6.2,5,5,2,3,2,58,8,2,21.06,low,12.73,low,94.25,good
1,5,4,3.6,5,2,2,4,2,80,2,4,72.34,elevated,50.76,moderate,49.67,neutral
4,1,4,6.4,3,4,2,3,1,8,9,3,22.67,low,31.65,mild,71.58,good
4,3,1,6.3,2,1,4,4,4,51,6,2,62.09,moderate,74.78,high,19.76,low
1,3,1,3.9,1,3,5,4,1,83,2,5,66.58,moderate,57.2,moderate,50.69,neutral
5,4,4,6.7,5,5,2,5,3,45,6,2,42.89,mild,41.95,mild,59.03,neutral
1,5,5,3.1,2,2,2,4,5,85,4,2,82.15,elevated,83.68,high,38.28,low
5,3,2,6.2,5,1,4,1,1,48,2,5,51.74,moderate,31.82,mild,53.47,neutral
4,4,4,7.2,2,2,3,3,1,23,7,2,34.32,mild,51.2,moderate,48.54,neutral
5,3,2,7.0,4,1,3,1,4,17,11,1,46.58,moderate,30.97,mild,47.16,neutral
5,3,3,6.1,4,4,5,4,5,65,0,5,45.95,moderate,51.44,moderate,69.31,good
2,1,4,6.6,4,1,3,5,1,23,1,3,47.61,moderate,30.68,mild,37.36,low
4,2,4,5.4,4,2,4,4,2,44,11,5,38.3,mild,34.91,mild,58.85,neutral
2,3,1,6.8,2,3,5,2,4,62,8,1,58.21,moderate,37.95,mild,37.56,low
3,1,5,6.9,1,2,2,4,3,6,3,4,33.8,mild,54.13,moderate,49.49,neutral
2,2,5,5.2,1,4,5,1,3,50,4,1,26.28,mild,35.34,mild,86.61,good
3,3,3,7.3,3,5,5,2,2,37,1,3,28.04,mild,34.55,mild,71.35,good
5,3,2,7.3,5,5,3,2,3,37,10,2,28.35,mild,29.99,low,56.62,neutral
3,5,3,6.5,4,4,2,3,1,110,8,3,47.59,moderate,19.18,low,44.33,neutral
1,5,5,11.0,4,5,1,2,5,111,3,2,56.26,moderate,45.4,mild,76.59,good
2,4,3,6.5,2,4,1,3,3,36,2,5,52.7,moderate,71.87,high,46.8,neutral
4,1,1,6.3,3,1,5,1,2,106,8,4,28.67,mild,42.99,mild,29.92,low
3,3,1,6.0,3,5,3,5,2,26,7,1,32.86,mild,42.22,mild,51.74,neutral
3,4,5,5.1,1,3,4,2,2,41,9,3,43.28,mild,45.86,mild,55.35,neutral
3,3,4,8.0,4,1,2,5,3,113,3,4,51.29,moderate,59.79,moderate,38.43,low
2,3,4,5.6,2,4,2,1,1,12,12,3,45.45,moderate,41.41,mild,49.01,neutral
3,3,1,5.8,3,2,5,5,4,46,2,4,59.76,moderate,71.81,high,21.49,low
4,3,1,5.8,3,3,4,4,1,97,2,3,59.27,moderate,39.87,mild,45.89,neutral
5,3,2,5.0,1,4,2,2,2,113,9,5,53.8,moderate,32.11,mild,50.91,neutral
4,1,2,3.6,5,1,1,4,5,114,7,4,60.07,moderate,69.21,moderate,17.84,low
5,3,2,6.0,2,3,5,4,3,106,5,3,46.2,moderate,53.21,moderate,56.13,neutral
5,2,3,8.4,4,1,1,4,5,116,9,5,54.04,moderate,80.48,high,34.64,low
1,4,2,7.2,4,1,1,5,4,56,7,2,65.65,moderate,58.06,moderate,30.27,low
2,5,1,9.6,1,2,2,5,4,39,5,4,81.41,elevated,82.67,high,28.97,low
2,3,3,8.2,2,4,5,1,1,46,2,4,53.08,moderate,18.29,low,75.64,good
1,2,4,7.7,3,3,4,2,3,14,9,2,37.58,mild,28.45,low,79.19,good
1,5,4,10.2,5,1,1,1,2,16,7,5,52.05,moderate,24.53,low,40.07,neutral
4,4,2,6.6,4,4,5,1,1,117,11,2,36.82,mild,9.54,low,78.21,good
2,3,2,6.9,3,3,5,1,1,23,5,5,48.24,moderate,25.99,low,72.84,good
1,1,3,6.8,5,1,4,4,1,74,3,1,36.44,mild,28.0,low,55.57,neutral
2,1,1,9.6,3,3,1,4,1,28,0,2,33.24,mild,29.24,low,3.11,low
2,2,5,6.8,5,2,1,1,3,80,3,2,47.0,moderate,27.5,low,50.36,neutral
1,2,5,5.6,4,4,5,3,1,56,9,2,31.31,mild,20.97,low,81.7,good
1,4,1,7.9,1,5,5,1,5,12,3,3,56.51,moderate,44.33,mild,50.99,neutral
4,3,5,5.3,2,2,5,1,3,45,7,4,47.14,moderate,49.16,mild,63.47,neutral
5,5,1,7.8,1,4,3,1,5,88,2,3,40.37,mild,72.83,high,31.77,low
3,3,3,7.5,2,1,3,3,1,96,12,3,44.89,mild,38.65,mild,38.67,low
4,5,4,6.5,1,3,1,1,1,35,11,1,41.4,mild,10.63,low,47.22,neutral
5,3,2,7.8,1,5,1,4,5,35,10,1,60.35,moderate,78.25,high,27.47,low
5,2,2,4.1,1,1,2,5,2,88,9,2,54.25,moderate,77.86,high,17.94,low
1,4,1,7.1,4,5,4,5,4,51,7,1,47.97,moderate,63.6,moderate,57.57,neutral
5,3,4,6.0,3,1,3,5,1,8,0,1,49.74,moderate,44.29,mild,63.79,neutral
1,2,1,11.0,3,3,4,4,1,14,0,1,31.96,mild,29.67,low,39.56,low
1,3,3,7.1,4,1,3,5,3,45,5,2,58.9,moderate,49.17,mild,45.99,neutral
3,4,2,5.7,5,1,3,5,3,32,9,1,44.89,mild,63.47,moderate,31.81,low
4,2,5,4.3,3,2,5,2,1,14,1,1,24.76,low,42.64,mild,64.98,neutral
1,4,5,9.1,3,3,4,4,1,94,7,2,43.63,mild,27.56,low,80.79,good
2,5,5,6.2,4,4,5,2,2,55,12,2,46.67,moderate,2.63,low,100.0,good
2,3,4,5.4,3,2,5,5,1,85,10,5,64.79,moderate,52.57,moderate,59.87,neutral
2,2,3,7.4,3,3,4,1,5,0,7,4,29.64,mild,45.54,mild,67.42,good
5,3,2,8.0,2,1,5,3,5,48,7,4,52.43,moderate,69.02,moderate,31.81,low
2,5,1,7.9,1,4,2,2,1,57,0,4,78.41,elevated,30.57,mild,31.37,low
2,1,5,6.8,1,1,3,5,3,69,0,1,39.37,mild,70.93,high,59.34,neutral
1,5,2,7.1,4,5,1,2,2,117,4,3,50.76,moderate,16.18,low,41.2,neutral
1,3,3,7.2,5,1,1,5,1,55,10,4,55.3,moderate,43.26,mild,47.08,neutral
1,5,1,7.4,3,4,1,3,4,59,0,5,78.25,elevated,55.04,moderate,22.46,low
3,4,2,7.6,1,2,1,4,5,108,10,3,72.23,elevated,57.93,moderate,8.48,low
3,4,4,8.8,4,5,3,3,4,48,3,2,41.67,mild,48.72,mild,62.43,neutral
3,5,3,6.9,5,2,4,3,5,47,1,4,50.56,moderate,56.51,moderate,36.15,low
5,1,3,5.3,3,5,5,2,4,19,1,1,35.77,mild,30.04,mild,80.34,good
3,3,2,6.5,1,5,5,2,3,87,8,5,38.28,mild,42.74,mild,55.31,neutral
1,1,1,8.2,1,3,1,4,5,2,0,2,47.53,moderate,76.07,high,11.82,low
2,2,5,3.6,3,3,3,2,4,26,6,1,33.19,mild,50.85,moderate,58.71,neutral
2,1,3,3.6,5,2,3,5,4,50,12,2,43.81,mild,70.23,high,51.99,neutral
5,4,2,8.5,1,3,1,1,4,52,7,5,67.66,moderate,61.71,moderate,30.32,low
2,4,2,9.5,4,3,1,2,1,4,4,3,45.29,moderate,13.51,low,41.3,neutral
1,4,4,4.5,4,1,2,1,4,64,11,1,70.34,elevated,18.74,low,58.46,neutral
4,1,3,7.0,1,2,5,5,4,117,0,2,50.72,moderate,75.48,high,46.7,neutral
3,2,2,6.1,2,5,2,3,3,12,3,4,49.26,moderate,54.67,moderate,39.75,low
1,4,5,6.3,1,5,2,1,3,59,2,1,28.17,mild,32.31,mild,69.8,good
4,5,5,7.3,3,1,5,1,5,71,0,5,40.37,mild,68.3,moderate,57.94,neutral
2,5,1,4.5,1,4,2,5,1,39,12,4,65.35,moderate,44.82,mild,17.99,low
5,1,4,4.8,5,2,4,5,3,69,2,4,47.5,moderate,56.19,moderate,60.83,neutral
5,3,5,6.3,1,4,5,2,4,41,0,4,31.51,mild,49.85,mild,67.53,good
2,1,3,6.5,4,4,1,4,2,19,11,1,30.49,mild,39.55,mild,48.22,neutral
3,5,1,4.8,4,5,3,2,2,101,12,5,56.76,moderate,24.11,low,60.27,neutral
3,1,1,8.2,1,4,2,5,1,120,2,2,31.93,mild,63.28,moderate,34.5,low
4,5,4,6.0,2,5,1,4,2,46,5,1,49.09,moderate,34.65,mild,51.08,neutral
1,1,5,6.0,4,5,1,3,2,11,8,1,25.64,mild,32.85,mild,67.96,good
2,1,1,7.3,1,4,4,5,5,19,5,1,71.35,elevated,68.95,moderate,33.4,low
1,5,3,6.6,3,3,4,2,1,108,10,1,41.41,mild,33.14,mild,68.96,good
4,3,3,8.3,2,2,3,5,4,106,3,5,71.12,elevated,90.12,high,34.17,low
1,3,2,5.1,1,2,4,2,1,59,10,1,42.46,mild,31.85,mild,45.51,neutral
3,4,4,4.3,3,2,4,5,4,105,7,4,61.46,moderate,78.66,high,40.08,neutral
4,2,5,6.2,3,2,1,5,3,26,0,1,46.49,moderate,68.78,moderate,41.07,neutral
5,4,2,6.9,2,2,1,3,3,48,8,5,56.97,moderate,61.81,moderate,24.72,low
2,3,1,4.6,5,3,2,1,5,13,0,3,59.69,moderate,39.87,mild,40.0,neutral
1,2,2,4.3,1,2,3,4,4,65,10,3,71.25,elevated,76.82,high,15.87,low
4,2,2,7.1,3,2,5,4,1,84,12,1,34.48,mild,27.48,low,52.25,neutral
1,1,4,5.4,1,4,5,5,2,116,2,5,43.68,mild,64.09,moderate,52.06,neutral
1,2,3,4.2,4,2,5,2,2,91,6,3,38.89,mild,30.28,mild,76.42,good
5,3,1,8.5,3,1,2,2,4,80,4,1,47.85,moderate,54.63,moderate,28.26,low
5,1,2,5.7,4,1,3,2,5,81,0,4,40.98,mild,48.1,mild,39.19,low
4,1,4,8.9,1,4,1,2,4,76,8,5,39.28,mild,50.89,moderate,37.22,low
5,4,3,6.9,3,5,3,1,3,50,0,1,34.84,mild,17.93,low,58.49,neutral
1,3,3,7.3,1,4,1,1,4,60,0,2,43.32,mild,44.41,mild,33.44,low
1,1,2,6.4,2,1,5,3,4,20,10,4,43.17,mild,54.85,moderate,43.44,neutral
2,4,2,2.5,5,3,3,5,1,2,3,1,64.45,moderate,28.05,low,53.67,neutral
1,4,1,4.8,4,2,4,1,3,95,11,4,42.25,mild,48.3,mild,49.52,neutral
5,1,1,6.6,1,2,1,2,4,60,7,4,56.58,moderate,71.67,high,13.89,low
1,2,1,7.5,2,5,5,5,4,105,6,3,45.73,moderate,40.2,mild,48.36,neutral
3,2,4,3.6,5,5,3,1,2,14,5,2,44.17,mild,12.15,low,81.77,good
5,4,1,6.7,1,4,1,1,1,47,4,3,56.29,moderate,36.9,mild,26.54,low
4,1,3,4.8,4,3,2,5,2,31,2,1,34.28,mild,48.27,mild,47.51,neutral
2,5,5,7.2,2,3,2,2,2,101,9,4,49.88,moderate,43.2,mild,63.27,neutral
3,2,4,6.8,3,5,1,2,5,45,7,4,54.8,moderate,59.32,moderate,62.86,neutral
3,1,3,8.1,5,4,1,1,4,76,0,3,43.92,mild,24.44,low,59.09,neutral
4,5,1,8.7,4,3,4,3,5,10,4,4,68.1,moderate,64.56,moderate,18.44,low
3,1,3,7.6,2,1,5,5,1,63,11,3,43.88,mild,55.42,moderate,44.94,neutral
2,1,5,8.3,1,5,4,5,4,53,6,3,29.78,mild,69.39,moderate,62.42,neutral
4,5,2,6.2,2,5,4,4,1,73,3,5,52.68,moderate,37.27,mild,44.71,neutral
5,3,5,11.0,3,2,1,4,3,70,2,5,45.26,moderate,65.29,moderate,34.34,low
3,3,4,4.6,1,2,1,4,2,13,2,5,51.89,moderate,54.39,moderate,28.4,low
1,4,2,5.9,5,5,1,4,5,6,11,3,65.02,moderate,61.87,moderate,44.26,neutral
3,4,1,8.4,1,5,5,3,4,15,4,2,49.84,moderate,42.18,mild,51.69,neutral
5,4,1,8.2,3,3,4,2,3,26,3,1,42.58,mild,29.4,low,44.31,neutral
5,1,2,7.7,5,2,5,5,3,87,0,3,25.84,mild,58.49,moderate,51.95,neutral
3,3,2,8.0,2,4,5,5,4,32,11,5,41.08,mild,74.5,high,39.25,low
1,2,4,3.0,3,4,2,1,4,117,5,5,67.77,moderate,48.64,mild,57.06,neutral
3,5,3,9.7,1,5,3,1,3,10,9,1,52.84,moderate,20.5,low,59.02,neutral
5,3,3,6.4,4,3,4,4,4,61,9,3,28.16,mild,57.04,moderate,62.51,neutral
5,1,4,9.0,5,3,4,1,4,86,4,4,25.24,mild,34.5,mild,70.54,good
1,5,4,3.1,4,1,4,5,1,6,6,4,79.3,elevated,57.65,moderate,48.01,neutral
2,2,4,7.3,1,4,3,5,2,62,1,5,54.01,moderate,54.71,moderate,45.71,neutral
3,2,5,5.8,2,2,1,1,5,8,8,1,41.53,mild,40.27,mild,51.61,neutral
1,5,2,7.8,4,2,5,4,2,95,8,3,52.46,moderate,30.58,mild,41.87,neutral
5,4,5,7.4,4,4,4,1,5,56,2,1,23.47,low,35.33,mild,76.07,good
1,5,3,7.5,3,2,5,2,3,104,2,4,50.96,moderate,46.98,mild,60.03,neutral
4,4,1,4.9,5,2,2,3,2,79,5,3,48.19,moderate,27.15,low,54.78,neutral
5,5,1,6.7,2,5,1,4,2,38,9,3,42.28,mild,36.1,mild,25.94,low
4,1,1,6.5,4,5,5,1,3,18,6,5,25.07,mild,38.91,mild,60.03,neutral
4,3,5,7.7,3,3,5,1,1,19,0,5,30.3,mild,34.34,mild,93.0,good
2,2,1,8.6,4,2,5,2,2,3,7,2,37.53,mild,33.45,mild,49.54,neutral
5,2,5,7.1,3,1,3,4,4,36,9,5,40.88,mild,68.65,moderate,56.85,neutral
3,2,4,4.5,3,4,5,3,5,88,2,5,58.54,moderate,63.74,moderate,66.64,good
1,2,3,7.0,5,4,2,2,5,42,5,1,57.75,moderate,46.24,mild,53.73,neutral
2,3,5,11.0,5,4,4,1,2,17,10,4,36.18,mild,21.87,low,88.11,good
2,5,5,9.8,5,4,3,5,4,9,4,1,61.75,moderate,61.37,moderate,69.57,good
3,4,5,2.5,1,3,1,4,2,53,1,4,61.07,moderate,70.75,high,61.06,neutral
2,2,3,6.9,3,4,4,5,5,25,12,4,45.38,moderate,77.26,high,32.98,low
3,3,2,8.5,4,4,2,3,5,88,1,5,45.69,moderate,57.3,moderate,36.24,low
3,3,1,6.5,5,4,1,5,3,40,0,3,53.82,moderate,43.99,mild,32.72,low
2,2,5,6.0,2,4,4,4,4,15,3,2,51.61,moderate,45.87,mild,63.68,neutral
4,3,5,6.3,4,1,4,3,5,32,9,4,33.72,mild,68.16,moderate,66.89,good
2,4,3,7.8,3,4,2,3,1,53,8,2,42.62,mild,24.28,low,50.92,neutral
4,2,1,4.7,2,5,5,3,2,4,3,1,35.84,mild,23.58,low,60.94,neutral
2,3,5,8.9,5,3,4,3,4,13,1,1,42.19,mild,64.77,moderate,77.85,good
5,4,2,6.7,3,3,1,4,1,116,12,5,51.13,moderate,46.93,mild,40.21,neutral
2,3,3,5.1,4,4,2,3,4,42,0,2,56.28,moderate,41.2,mild,49.9,neutral
1,2,4,8.8,2,3,5,5,2,90,12,1,56.56,moderate,68.8,moderate,67.33,good
1,3,1,4.0,1,3,1,5,2,110,6,1,62.01,moderate,53.76,moderate,19.01,low
5,4,1,5.8,3,5,5,3,5,13,2,1,39.47,mild,61.5,moderate,45.61,neutral
5,2,1,5.8,4,1,3,2,3,83,4,4,45.46,moderate,48.81,mild,47.29,neutral
2,3,5,10.7,2,5,4,4,4,100,4,1,58.18,moderate,54.03,moderate,63.65,neutral
4,4,5,5.6,5,1,4,4,4,2,2,5,39.57,mild,62.85,moderate,57.92,neutral
3,2,3,2.9,4,2,3,2,3,37,5,3,50.1,moderate,60.43,moderate,45.15,neutral
1,2,3,5.8,4,4,3,5,3,16,8,2,45.62,moderate,58.41,moderate,58.72,neutral
3,5,3,7.6,5,4,3,4,5,3,6,5,64.41,moderate,60.58,moderate,48.67,neutral
4,2,2,8.2,5,5,4,4,5,35,8,3,41.33,mild,36.29,mild,70.12,good
5,3,3,10.9,4,2,4,4,1,22,12,2,39.14,mild,40.78,mild,64.52,neutral
5,1,2,9.3,5,1,3,2,3,108,1,4,39.3,mild,32.98,mild,42.54,neutral
1,5,4,7.1,4,2,3,4,4,28,9,4,57.32,moderate,66.56,moderate,43.72,neutral
2,3,2,5.2,5,3,4,1,4,90,2,4,55.66,moderate,35.16,mild,56.11,neutral
3,4,4,9.7,1,2,4,4,3,6,0,4,70.78,elevated,63.43,moderate,51.16,neutral
1,4,5,6.1,2,2,4,3,4,74,4,5,60.11,moderate,62.75,moderate,54.88,neutral
3,2,2,5.6,5,5,3,3,3,84,5,3,34.66,mild,44.56,mild,58.13,neutral
1,2,1,6.0,3,3,3,4,1,18,12,2,47.87,moderate,19.77,low,33.84,low
1,4,3,4.5,1,4,3,2,2,52,4,1,62.43,moderate,44.47,mild,70.45,good
1,5,1,6.0,5,4,3,4,1,112,9,2,55.5,moderate,27.75,low,52.14,neutral
2,1,2,6.4,4,3,1,1,4,74,12,4,34.6,mild,42.8,mild,25.5,low
4,5,4,8.1,5,4,3,4,5,97,4,5,59.4,moderate,58.53,moderate,50.15,neutral
1,5,3,6.1,1,5,3,4,2,51,2,2,52.65,moderate,49.87,mild,48.75,neutral
5,1,3,4.5,1,4,1,1,4,28,12,1,41.26,mild,44.37,mild,53.81,neutral
2,1,4,3.9,3,2,5,4,5,56,5,4,34.27,mild,75.36,high,54.14,neutral
1,4,1,7.2,1,4,4,4,2,48,5,4,61.23,moderate,52.11,moderate,35.25,low
2,5,3,6.9,3,2,1,3,5,118,9,1,64.29,moderate,76.54,high,39.51,low
4,2,1,5.8,2,1,2,4,1,51,4,1,31.49,mild,29.91,low,33.59,low
1,4,3,6.0,2,3,3,1,4,75,7,2,59.25,moderate,51.67,moderate,53.52,neutral
1,5,2,7.5,4,3,5,5,1,71,12,3,44.19,mild,35.71,mild,61.85,neutral
5,2,5,9.3,1,3,3,5,4,44,0,1,41.08,mild,69.21,moderate,42.17,neutral
3,2,2,5.4,5,2,5,4,1,45,9,3,33.12,mild,20.49,low,56.24,neutral
2,5,2,7.0,1,2,1,1,5,102,5,3,58.97,moderate,47.09,mild,6.77,low
4,2,1,8.5,3,5,3,3,2,25,7,4,29.81,mild,39.34,mild,44.46,neutral
5,3,1,5.4,5,2,5,5,2,50,11,5,36.44,mild,41.31,mild,45.85,neutral
2,3,2,6.8,1,4,5,4,3,80,7,1,55.16,moderate,61.89,moderate,47.02,neutral
3,3,2,6.7,5,2,2,5,5,6,5,3,64.56,moderate,60.28,moderate,36.23,low
1,2,4,4.4,2,1,4,4,1,81,12,5,69.69,moderate,60.97,moderate,45.74,neutral
2,4,5,7.1,4,1,1,4,2,100,7,1,45.04,moderate,36.03,mild,48.53,neutral
3,4,5,6.9,5,2,1,2,4,53,1,5,46.13,moderate,43.95,mild,48.61,neutral
1,2,5,7.8,2,5,5,5,1,70,1,2,33.9,mild,28.81,low,79.5,good
5,3,5,4.7,2,3,4,3,5,58,4,4,42.33,mild,77.41,high,60.67,neutral
5,1,3,6.8,5,4,2,5,3,80,9,4,25.65,mild,56.18,moderate,40.74,neutral
2,2,2,9.3,1,5,5,2,5,6,5,5,52.29,moderate,63.86,moderate,52.13,neutral
2,5,4,10.5,1,1,5,2,3,74,2,1,65.95,moderate,60.15,moderate,58.11,neutral
1,3,2,9.1,2,1,1,1,5,55,12,5,52.16,moderate,68.96,moderate,20.6,low
3,4,4,4.7,4,5,1,4,2,4,2,3,46.69,moderate,26.47,low,58.57,neutral
1,5,5,7.6,5,3,2,4,3,96,1,4,44.4,mild,49.58,mild,64.89,neutral
2,4,1,5.9,3,4,4,2,2,18,4,4,52.22,moderate,32.14,mild,46.42,neutral
3,4,4,7.3,3,2,3,2,3,71,1,3,50.56,moderate,20.33,low,57.8,neutral
4,4,5,5.4,5,5,3,3,2,102,7,3,42.6,mild,24.22,low,89.66,good
3,3,3,3.7,1,4,3,4,3,111,5,5,54.92,moderate,53.01,moderate,37.54,low
2,4,2,6.2,5,2,3,2,5,76,12,3,57.99,moderate,42.73,mild,41.08,neutral
4,2,2,8.1,2,4,4,3,1,86,2,5,22.78,low,34.83,mild,56.54,neutral
4,5,1,7.3,2,1,1,1,4,70,3,4,59.21,moderate,55.18,moderate,10.32,low
4,1,2,7.5,5,2,3,5,5,94,8,4,42.91,mild,62.98,moderate,32.5,low
3,5,4,7.2,4,2,2,5,1,118,9,3,39.79,mild,45.28,mild,55.88,neutral
5,5,3,7.5,3,4,4,4,4,55,4,2,55.6,moderate,52.97,moderate,52.81,neutral
2,1,2,7.8,2,4,1,5,3,49,11,4,53.1,moderate,57.22,moderate,37.52,low
5,4,3,6.3,3,1,1,4,4,20,11,2,48.63,moderate,65.52,moderate,24.77,low
2,5,5,6.9,4,5,3,5,2,118,7,4,35.73,mild,53.41,moderate,65.2,good
2,3,1,9.9,1,5,3,3,2,110,9,4,49.33,moderate,27.41,low,38.21,low
3,2,1,7.1,1,3,3,2,2,85,6,3,37.64,mild,52.91,moderate,37.23,low
3,5,5,6.9,2,2,5,5,1,79,6,5,40.3,mild,48.52,mild,67.31,good
4,3,4,7.0,3,3,4,1,3,24,7,1,20.06,low,23.88,low,72.06,good
2,1,3,6.4,5,3,2,3,5,110,10,2,39.35,mild,49.84,mild,44.32,neutral
5,2,5,6.0,2,4,4,4,4,7,0,2,40.49,mild,52.69,moderate,73.83,good
2,4,3,7.2,4,2,3,4,1,74,1,5,46.13,moderate,30.67,mild,37.76,low
3,3,3,5.9,5,1,2,4,3,30,6,3,54.56,moderate,59.97,moderate,37.0,low
5,2,2,6.5,3,4,1,3,1,54,7,2,30.35,mild,27.71,low,43.06,neutral
3,4,5,5.4,5,4,1,5,1,11,2,5,53.17,moderate,21.47,low,56.67,neutral
4,1,4,7.0,5,2,2,2,4,16,7,3,24.77,low,50.46,moderate,51.77,neutral
5,2,2,7.9,4,4,5,1,2,45,0,2,24.29,low,22.97,low,61.9,neutral
5,3,4,6.4,2,3,3,4,4,48,3,5,48.06,moderate,57.09,moderate,43.83,neutral
3,1,4,3.2,2,3,3,2,1,106,5,1,45.4,moderate,32.77,mild,65.2,good
3,2,1,7.9,5,1,2,3,1,72,0,5,49.76,moderate,39.3,mild,30.72,low
1,5,1,7.0,3,2,2,3,4,3,8,1,71.56,elevated,38.45,mild,21.22,low
3,5,3,5.0,1,2,4,2,2,112,6,3,46.25,moderate,50.51,moderate,44.31,neutral
5,5,4,8.2,4,5,1,5,1,73,7,3,37.35,mild,26.17,low,67.08,good
3,2,4,4.3,2,5,4,2,4,100,6,5,36.66,mild,62.07,moderate,70.76,good
2,1,2,8.7,5,5,5,4,4,111,8,5,30.34,mild,44.23,mild,59.68,neutral
1,5,5,6.7,5,3,5,1,5,62,8,5,50.9,moderate,58.8,moderate,81.57,good
2,2,3,2.7,1,2,2,5,3,21,8,5,68.13,moderate,78.81,high,26.6,low
2,4,2,7.1,5,3,5,5,3,54,2,5,55.53,moderate,49.18,mild,67.02,good
5,1,1,6.1,5,4,2,1,4,83,8,3,41.2,mild,27.99,low,46.28,neutral
3,4,5,5.8,4,4,2,4,4,4,2,5,57.7,moderate,68.39,moderate,56.39,neutral
1,3,4,5.5,2,4,2,3,4,114,0,4,48.27,moderate,54.55,moderate,59.55,neutral
1,5,3,6.6,4,3,1,1,2,42,12,2,56.37,moderate,31.64,mild,42.86,neutral
5,1,2,5.9,5,4,2,4,5,79,2,5,45.38,moderate,66.27,moderate,43.3,neutral
5,3,1,3.5,5,5,5,4,4,118,1,1,52.14,moderate,35.14,mild,73.18,good
4,5,1,9.1,3,4,4,5,5,104,3,1,59.72,moderate,68.08,moderate,46.08,neutral
1,2,1,6.4,4,3,2,4,3,89,12,1,50.04,moderate,44.88,mild,30.65,low
1,4,3,5.5,2,5,2,4,3,36,11,3,68.33,moderate,40.29,mild,39.72,low
1,1,1,4.8,2,5,2,4,5,63,9,1,56.68,moderate,65.37,moderate,19.98,low
4,4,1,8.2,4,4,1,4,4,60,2,2,42.67,mild,56.12,moderate,43.11,neutral
4,2,2,4.5,3,5,1,3,4,104,8,2,31.41,mild,60.99,moderate,29.94,low
5,3,4,7.0,2,2,5,4,5,4,10,2,57.24,moderate,82.65,high,59.71,neutral
1,5,3,5.7,4,3,4,1,2,2,4,1,37.89,mild,42.7,mild,56.59,neutral
1,4,1,5.9,2,2,4,4,1,14,3,2,60.32,moderate,42.85,mild,60.21,neutral
5,3,4,4.8,3,2,2,2,1,115,11,2,43.56,mild,34.78,mild,44.18,neutral
5,1,3,5.7,2,4,5,3,3,65,1,4,16.53,low,47.24,mild,59.84,neutral
4,2,1,6.8,5,4,1,4,5,84,11,3,38.15,mild,74.7,high,41.2,neutral
1,5,4,7.2,5,1,5,1,5,11,6,2,43.84,mild,39.01,mild,61.88,neutral
1,2,5,5.4,3,4,3,4,1,1,9,1,52.23,moderate,47.79,mild,76.51,good
1,4,3,6.6,4,1,2,2,1,78,4,3,69.6,moderate,43.5,mild,45.5,neutral
4,3,1,8.4,1,1,4,4,4,85,9,2,50.13,moderate,65.54,moderate,27.61,low
5,2,2,3.8,5,3,3,4,2,51,12,4,44.36,mild,53.9,moderate,59.9,neutral
4,4,3,6.8,2,2,2,1,3,10,6,2,51.17,moderate,44.86,mild,38.07,low
2,2,5,5.1,5,5,4,2,1,59,2,5,26.74,mild,16.06,low,99.73,good
4,2,5,4.9,5,1,4,5,1,77,1,1,18.66,low,37.4,mild,75.32,good
1,3,5,7.3,1,1,4,2,3,25,12,5,70.35,elevated,62.24,moderate,67.34,good
5,4,5,5.8,1,4,3,3,4,36,12,4,31.5,mild,67.77,moderate,47.84,neutral
5,5,3,4.6,4,2,2,1,5,90,8,4,58.89,moderate,71.1,high,36.86,low
4,4,4,9.2,5,4,3,4,3,25,0,5,40.95,mild,53.66,moderate,61.89,neutral
5,4,4,8.5,4,4,5,1,4,11,11,3,40.99,mild,30.85,mild,66.3,good
3,4,4,3.3,1,1,2,2,5,75,6,4,76.3,elevated,87.16,high,38.16,low
3,2,4,4.1,4,3,5,3,3,2,3,3,32.53,mild,32.32,mild,70.64,good
2,2,1,7.9,2,3,1,4,2,52,4,4,48.27,moderate,47.23,mild,12.83,low
5,3,5,6.3,5,1,1,3,5,68,12,3,31.27,mild,59.52,moderate,40.42,neutral
4,4,1,9.5,5,4,2,5,1,7,10,5,53.9,moderate,44.48,mild,35.79,low
1,4,3,7.9,4,5,1,3,2,79,7,2,54.33,moderate,42.15,mild,61.64,neutral
5,1,3,7.3,3,5,5,2,1,99,9,4,11.41,low,23.31,low,77.66,good
1,4,5,5.0,2,1,2,1,4,117,11,1,56.6,moderate,49.19,mild,47.94,neutral
3,2,1,7.7,5,1,1,4,2,32,8,1,59.96,moderate,30.57,mild,27.33,low
1,5,3,4.5,1,5,4,3,2,39,4,4,69.61,moderate,55.35,moderate,54.34,neutral
4,4,2,9.1,1,2,5,4,4,74,0,2,67.74,moderate,69.09,moderate,54.25,neutral
3,5,1,7.6,1,4,5,2,2,72,1,1,31.94,mild,28.15,low,49.13,neutral
3,4,2,5.3,3,2,1,2,2,73,3,4,63.67,moderate,50.47,moderate,38.86,low
4,3,3,8.2,1,2,4,3,3,38,9,4,48.82,moderate,71.27,high,39.87,low
4,1,5,10.8,3,4,2,2,1,6,1,4,20.62,low,21.23,low,79.71,good
2,2,2,6.4,1,2,5,5,5,3,1,3,51.39,moderate,72.49,high,24.75,low
5,5,5,7.8,5,1,4,4,5,120,12,5,47.17,moderate,70.15,high,65.71,good
3,2,4,6.0,3,3,4,5,4,49,5,1,30.8,mild,52.4,moderate,52.17,neutral
1,1,5,7.0,1,1,5,2,1,54,1,1,25.87,mild,22.9,low,84.96,good
1,2,5,4.1,4,1,5,1,3,75,11,2,36.61,mild,31.18,mild,80.33,good
2,3,4,6.8,2,4,1,1,2,24,12,5,50.84,moderate,43.66,mild,34.87,low
4,4,4,6.9,2,3,4,5,1,46,6,4,38.13,mild,54.42,moderate,50.55,neutral
3,5,1,10.0,4,3,1,5,5,52,1,3,70.88,elevated,95.56,high,27.48,low
2,5,4,3.6,5,1,5,4,3,11,8,5,70.31,elevated,55.66,moderate,68.76,good
3,3,1,6.3,5,1,4,3,4,72,11,5,39.55,mild,71.1,high,43.17,neutral
5,3,4,9.1,3,2,1,2,4,23,12,1,44.82,mild,53.79,moderate,44.5,neutral
3,5,4,6.4,5,2,2,4,2,0,7,3,55.71,moderate,35.45,mild,53.2,neutral
1,1,4,6.5,2,3,5,3,2,75,12,5,41.06,mild,47.46,mild,71.94,good
1,3,4,5.3,5,1,4,4,5,36,10,1,49.63,moderate,59.36,moderate,51.09,neutral
3,3,2,5.1,5,5,2,1,5,86,2,1,36.71,mild,38.6,mild,55.18,neutral
3,4,2,3.5,3,2,5,3,3,64,8,2,67.8,moderate,62.49,moderate,47.29,neutral
5,5,3,5.7,3,5,4,4,3,3,8,5,42.8,mild,50.38,moderate,53.15,neutral
3,4,3,5.0,3,3,1,4,1,84,9,2,43.62,mild,45.08,mild,39.83,low
4,4,2,7.0,1,3,2,1,2,4,6,4,51.62,moderate,49.83,mild,29.12,low
3,4,3,5.4,5,1,5,1,1,37,9,2,32.5,mild,31.68,mild,75.65,good
2,3,3,5.9,4,4,2,5,5,83,7,4,65.71,moderate,60.79,moderate,30.69,low
4,2,2,6.0,5,1,1,2,5,48,3,5,50.36,moderate,61.72,moderate,30.95,low
4,2,4,6.7,1,4,4,3,1,46,6,1,37.42,mild,37.81,mild,59.93,neutral
4,4,2,5.8,5,5,5,4,2,26,12,2,41.07,mild,20.24,low,72.49,good
1,4,2,4.9,2,2,3,3,2,53,10,3,60.17,moderate,37.84,mild,37.17,low
4,2,3,7.0,5,5,5,5,5,35,8,1,39.52,mild,54.65,moderate,66.51,good
2,5,1,8.7,5,4,1,5,3,114,4,4,60.91,moderate,46.92,mild,43.2,neutral
4,5,4,7.0,5,1,4,2,1,83,2,2,36.45,mild,19.34,low,67.28,good
4,4,4,5.7,5,2,4,1,3,109,3,1,41.63,mild,23.96,low,77.63,good
4,2,5,6.6,1,4,5,5,1,40,3,4,33.46,mild,69.54,moderate,75.23,good
5,5,2,3.1,2,4,3,4,4,114,12,1,54.64,moderate,59.17,moderate,39.57,low
3,2,3,6.5,2,1,5,4,5,33,6,2,36.63,mild,82.05,high,33.94,low
1,3,3,6.1,3,4,1,3,1,37,5,1,47.16,moderate,29.16,low,43.19,neutral
4,5,4,5.1,5,5,1,3,5,36,11,1,44.52,mild,32.07,mild,68.48,good
4,3,4,5.4,4,1,4,1,4,71,4,3,42.1,mild,61.93,moderate,63.19,neutral
1,2,5,6.1,3,5,1,3,1,74,10,5,36.74,mild,37.12,mild,62.61,neutral
1,1,5,8.6,5,3,5,3,2,7,8,2,21.35,low,30.87,mild,80.71,good
2,2,1,8.8,1,4,1,1,1,67,3,2,44.89,mild,33.33,mild,45.85,neutral
5,4,2,5.1,4,1,4,4,5,115,12,5,58.0,moderate,78.34,high,29.56,low
3,4,4,5.9,3,4,3,4,4,49,8,5,58.87,moderate,72.28,high,54.37,neutral
5,2,3,5.9,2,3,4,5,2,84,12,2,39.19,mild,36.46,mild,55.76,neutral
5,1,3,8.3,4,2,4,1,3,76,0,1,39.93,mild,37.78,mild,51.3,neutral
3,4,1,7.1,5,4,3,2,2,118,3,4,46.92,moderate,26.36,low,46.18,neutral
4,1,3,7.0,5,2,3,3,3,77,4,4,26.68,mild,46.18,mild,49.34,neutral
2,1,4,7.8,5,1,3,5,4,56,8,5,42.34,mild,60.95,moderate,55.15,neutral
1,3,1,5.7,5,3,4,2,1,1,10,4,52.45,moderate,20.23,low,53.0,neutral
2,3,3,9.3,3,4,4,5,4,97,1,5,63.93,moderate,67.97,moderate,39.26,low
3,2,5,6.8,1,1,3,5,5,41,1,1,61.19,moderate,72.99,high,28.74,low
1,2,3,5.3,5,5,2,1,5,111,8,1,34.25,mild,39.14,mild,54.86,neutral
2,2,5,6.4,3,4,1,2,1,29,4,4,47.09,moderate,40.11,mild,48.83,neutral
1,2,2,9.0,4,5,4,2,3,52,9,4,41.47,mild,22.88,low,67.4,good
4,1,1,6.0,1,3,2,3,2,100,0,2,35.57,mild,50.58,moderate,34.21,low
5,1,4,8.5,5,1,3,5,4,18,6,3,33.49,mild,60.99,moderate,50.81,neutral
5,2,2,5.7,5,1,5,2,2,33,0,2,40.59,mild,26.38,low,58.65,neutral
2,1,1,5.4,5,3,4,4,2,95,12,1,41.07,mild,34.91,mild,60.18,neutral
3,2,1,8.0,1,3,2,1,1,38,1,5,36.31,mild,33.7,mild,35.6,low
5,3,5,5.2,5,4,3,3,3,115,2,5,25.37,mild,45.75,mild,63.86,neutral
3,1,4,8.3,4,4,2,2,3,65,1,5,23.57,low,29.74,low,50.96,neutral
2,4,2,7.4,1,4,4,5,3,99,2,3,52.27,moderate,71.99,high,47.15,neutral
2,4,3,5.2,3,3,1,4,2,66,6,1,57.68,moderate,43.32,mild,44.41,neutral
4,3,2,6.7,3,1,5,2,4,5,8,3,37.42,mild,61.27,moderate,51.37,neutral
3,4,1,5.8,4,3,5,4,4,98,11,4,52.35,moderate,71.95,high,39.85,low
5,5,5,7.4,1,5,2,2,1,50,11,1,45.19,moderate,4.39,low,59.74,neutral
5,1,5,10.2,3,5,2,3,2,46,1,1,36.34,mild,37.47,mild,73.21,good
1,1,2,6.1,4,5,3,3,4,89,5,5,57.71,moderate,50.01,moderate,44.79,neutral
4,2,2,7.8,4,1,4,5,1,34,11,1,20.31,low,47.7,mild,37.59,low
2,4,5,6.8,4,3,4,2,2,51,2,3,53.6,moderate,22.53,low,70.92,good
3,5,3,6.8,4,4,1,1,5,73,8,1,53.29,moderate,48.66,mild,46.11,neutral
2,5,2,6.5,4,2,4,1,3,71,5,1,53.05,moderate,21.28,low,69.11,good
2,3,2,5.3,1,3,1,5,3,88,2,4,75.77,elevated,75.03,high,13.29,low
2,3,3,7.4,4,1,2,2,4,9,0,1,56.9,moderate,48.24,mild,42.26,neutral
1,3,3,6.3,2,1,4,1,2,120,3,4,37.37,mild,40.23,mild,65.09,good
4,1,1,5.2,3,1,5,3,5,73,0,5,45.11,moderate,67.8,moderate,24.75,low
1,3,3,8.6,3,5,4,5,1,74,2,3,42.42,mild,33.64,mild,69.78,good
2,3,3,7.0,5,5,1,5,3,106,7,1,33.47,mild,47.19,mild,47.81,neutral
1,2,2,6.4,2,3,4,5,3,59,10,5,63.42,moderate,81.35,high,42.46,neutral
1,4,2,9.2,2,1,1,4,2,3,6,2,81.39,elevated,71.61,high,41.93,neutral
2,5,3,3.5,4,2,2,5,4,16,9,4,73.75,elevated,78.35,high,43.83,neutral
5,2,2,9.1,4,3,1,4,1,114,0,1,38.59,mild,31.61,mild,43.71,neutral
5,5,5,5.2,2,1,5,1,4,119,3,1,45.92,moderate,56.13,moderate,57.89,neutral
2,1,3,7.2,2,4,2,3,4,10,8,4,44.91,mild,75.39,high,39.1,low
3,5,3,5.7,5,5,3,3,4,82,0,2,59.59,moderate,45.39,mild,59.73,neutral
5,4,2,5.1,5,5,4,3,2,79,7,3,22.71,low,29.05,low,55.65,neutral
2,2,5,9.2,1,5,5,5,1,19,2,3,40.77,mild,43.54,mild,57.47,neutral
5,4,1,10.1,2,5,5,5,3,95,5,1,48.07,moderate,53.18,moderate,44.36,neutral
1,2,3,6.4,4,1,1,3,5,55,8,2,50.99,moderate,66.93,moderate,31.5,low
2,4,1,7.4,1,3,2,1,4,27,12,1,54.9,moderate,39.41,mild,36.45,low
2,1,4,6.9,1,3,3,2,2,67,1,1,49.14,moderate,30.93,mild,49.09,neutral
1,2,2,9.9,1,1,4,1,3,109,7,5,46.71,moderate,57.69,moderate,36.28,low
5,2,2,3.0,3,1,2,3,2,26,6,1,46.05,moderate,42.93,mild,22.14,low
5,1,1,7.5,3,3,2,2,4,74,0,5,52.69,moderate,58.87,moderate,22.35,low
2,2,4,5.5,2,4,4,1,3,88,7,3,27.78,mild,45.62,mild,45.42,neutral
5,4,2,2.6,1,2,3,1,3,75,0,2,53.0,moderate,53.86,moderate,54.62,neutral
4,4,2,6.2,4,3,4,3,1,78,8,3,41.23,mild,32.72,mild,59.83,neutral
5,3,5,10.1,5,1,2,1,4,87,2,5,45.98,moderate,51.68,moderate,57.33,neutral
5,1,1,5.6,2,1,3,1,3,28,1,4,42.43,mild,16.75,low,32.53,low
3,2,3,8.2,4,3,1,2,1,12,0,1,27.74,mild,8.86,low,72.51,good
1,5,1,9.0,4,3,1,4,1,119,5,4,70.61,elevated,43.03,mild,29.02,low
5,2,1,6.8,3,4,1,4,4,38,3,4,47.15,moderate,52.7,moderate,16.9,low
4,1,1,7.0,3,5,1,2,4,114,6,5,46.08,moderate,56.09,moderate,46.75,neutral
5,3,1,3.7,1,1,2,4,3,32,11,2,68.33,moderate,77.96,high,6.15,low
5,1,5,5.5,5,2,1,1,4,32,10,5,19.05,low,44.17,mild,64.64,neutral
1,2,3,8.4,5,5,1,4,4,3,9,2,55.17,moderate,39.29,mild,50.91,neutral
3,5,5,6.9,4,1,5,1,4,53,6,2,42.75,mild,43.65,mild,75.72,good
1,2,2,7.5,5,5,5,1,2,114,1,4,38.25,mild,15.1,low,63.51,neutral
1,4,4,7.0,4,5,2,5,3,108,5,3,56.26,moderate,53.53,moderate,79.5,good
5,3,1,10.7,4,1,5,3,5,36,0,2,67.09,moderate,46.12,mild,38.19,low
5,2,1,6.0,5,1,1,3,2,49,1,2,42.53,mild,29.56,low,25.14,low
5,4,1,9.7,1,4,1,2,4,81,3,4,57.56,moderate,50.8,moderate,24.64,low
5,3,5,7.0,2,3,2,4,5,115,9,5,42.26,mild,54.72,moderate,38.59,low
4,2,4,9.8,2,5,2,4,3,73,10,2,30.31,mild,46.64,mild,57.15,neutral
3,2,4,4.6,4,3,1,4,3,24,8,3,53.36,moderate,39.16,mild,37.41,low
5,5,5,7.1,2,4,5,2,1,43,3,2,22.48,low,20.22,low,82.41,good
3,1,2,6.1,2,2,5,4,3,87,9,2,46.51,moderate,54.1,moderate,41.67,neutral
4,5,4,7.1,3,2,2,4,1,2,12,4,49.0,moderate,45.79,mild,42.73,neutral
2,3,3,9.0,4,1,2,3,1,72,8,4,35.48,mild,34.92,mild,37.22,low
4,5,3,7.5,3,1,4,2,3,93,9,3,61.16,moderate,31.28,mild,56.84,neutral
5,2,4,9.0,1,1,5,4,2,41,11,3,9.58,low,63.29,moderate,49.7,neutral
4,3,3,5.6,4,5,2,3,2,65,9,3,37.07,mild,53.16,moderate,57.03,neutral
3,4,1,5.3,3,1,4,2,2,86,11,5,59.51,moderate,57.09,moderate,40.67,neutral
